nohup: ignoring input
19:20:20 init from d/r/j1/best.pt (missing 0, unexpected 0)
19:20:20 params 16.6M, trainable 16.6M, device cuda
19:20:20 train rows 770716, val deep 5952, val broad 17940
/data/omar/m2/core/data.py:97: UserWarning: The given NumPy array is not writable, and PyTorch does not support non-writable tensors. This means writing to this tensor will result in undefined behavior. You may want to copy the array to protect its data or make it writable before converting it to a tensor. This type of warning will be suppressed for the rest of this program. (Triggered internally at /__w/pytorch/pytorch/torch/csrc/utils/tensor_numpy.cpp:213.)
  return (torch.from_numpy(np.ascontiguousarray(x)),
/data/omar/m2/core/data.py:97: UserWarning: The given NumPy array is not writable, and PyTorch does not support non-writable tensors. This means writing to this tensor will result in undefined behavior. You may want to copy the array to protect its data or make it writable before converting it to a tensor. This type of warning will be suppressed for the rest of this program. (Triggered internally at /__w/pytorch/pytorch/torch/csrc/utils/tensor_numpy.cpp:213.)
  return (torch.from_numpy(np.ascontiguousarray(x)),
/data/omar/m2/core/data.py:97: UserWarning: The given NumPy array is not writable, and PyTorch does not support non-writable tensors. This means writing to this tensor will result in undefined behavior. You may want to copy the array to protect its data or make it writable before converting it to a tensor. This type of warning will be suppressed for the rest of this program. (Triggered internally at /__w/pytorch/pytorch/torch/csrc/utils/tensor_numpy.cpp:213.)
  return (torch.from_numpy(np.ascontiguousarray(x)),
/data/omar/m2/core/data.py:97: UserWarning: The given NumPy array is not writable, and PyTorch does not support non-writable tensors. This means writing to this tensor will result in undefined behavior. You may want to copy the array to protect its data or make it writable before converting it to a tensor. This type of warning will be suppressed for the rest of this program. (Triggered internally at /__w/pytorch/pytorch/torch/csrc/utils/tensor_numpy.cpp:213.)
  return (torch.from_numpy(np.ascontiguousarray(x)),
/data/omar/m2/core/data.py:97: UserWarning: The given NumPy array is not writable, and PyTorch does not support non-writable tensors. This means writing to this tensor will result in undefined behavior. You may want to copy the array to protect its data or make it writable before converting it to a tensor. This type of warning will be suppressed for the rest of this program. (Triggered internally at /__w/pytorch/pytorch/torch/csrc/utils/tensor_numpy.cpp:213.)
  return (torch.from_numpy(np.ascontiguousarray(x)),
/data/omar/m2/core/data.py:97: UserWarning: The given NumPy array is not writable, and PyTorch does not support non-writable tensors. This means writing to this tensor will result in undefined behavior. You may want to copy the array to protect its data or make it writable before converting it to a tensor. This type of warning will be suppressed for the rest of this program. (Triggered internally at /__w/pytorch/pytorch/torch/csrc/utils/tensor_numpy.cpp:213.)
  return (torch.from_numpy(np.ascontiguousarray(x)),
/data/omar/m2/core/data.py:97: UserWarning: The given NumPy array is not writable, and PyTorch does not support non-writable tensors. This means writing to this tensor will result in undefined behavior. You may want to copy the array to protect its data or make it writable before converting it to a tensor. This type of warning will be suppressed for the rest of this program. (Triggered internally at /__w/pytorch/pytorch/torch/csrc/utils/tensor_numpy.cpp:213.)
  return (torch.from_numpy(np.ascontiguousarray(x)),
/data/omar/m2/core/data.py:97: UserWarning: The given NumPy array is not writable, and PyTorch does not support non-writable tensors. This means writing to this tensor will result in undefined behavior. You may want to copy the array to protect its data or make it writable before converting it to a tensor. This type of warning will be suppressed for the rest of this program. (Triggered internally at /__w/pytorch/pytorch/torch/csrc/utils/tensor_numpy.cpp:213.)
  return (torch.from_numpy(np.ascontiguousarray(x)),
/data/omar/m2/core/data.py:97: UserWarning: The given NumPy array is not writable, and PyTorch does not support non-writable tensors. This means writing to this tensor will result in undefined behavior. You may want to copy the array to protect its data or make it writable before converting it to a tensor. This type of warning will be suppressed for the rest of this program. (Triggered internally at /__w/pytorch/pytorch/torch/csrc/utils/tensor_numpy.cpp:213.)
  return (torch.from_numpy(np.ascontiguousarray(x)),
/data/omar/m2/core/data.py:97: UserWarning: The given NumPy array is not writable, and PyTorch does not support non-writable tensors. This means writing to this tensor will result in undefined behavior. You may want to copy the array to protect its data or make it writable before converting it to a tensor. This type of warning will be suppressed for the rest of this program. (Triggered internally at /__w/pytorch/pytorch/torch/csrc/utils/tensor_numpy.cpp:213.)
  return (torch.from_numpy(np.ascontiguousarray(x)),
/data/omar/m2/core/data.py:97: UserWarning: The given NumPy array is not writable, and PyTorch does not support non-writable tensors. This means writing to this tensor will result in undefined behavior. You may want to copy the array to protect its data or make it writable before converting it to a tensor. This type of warning will be suppressed for the rest of this program. (Triggered internally at /__w/pytorch/pytorch/torch/csrc/utils/tensor_numpy.cpp:213.)
  return (torch.from_numpy(np.ascontiguousarray(x)),
/data/omar/m2/core/data.py:97: UserWarning: The given NumPy array is not writable, and PyTorch does not support non-writable tensors. This means writing to this tensor will result in undefined behavior. You may want to copy the array to protect its data or make it writable before converting it to a tensor. This type of warning will be suppressed for the rest of this program. (Triggered internally at /__w/pytorch/pytorch/torch/csrc/utils/tensor_numpy.cpp:213.)
  return (torch.from_numpy(np.ascontiguousarray(x)),
19:20:38 ep 0 step 100 loss 21.353 word 3.327 mean 33.050 sound 3.681 nb 1.984 lr x0.500 0.17s/step
19:20:50 ep 0 step 200 loss 20.987 word 3.337 mean 32.306 sound 3.673 nb 1.974 lr x0.997 0.12s/step
19:21:01 ep 0 step 300 loss 21.262 word 3.330 mean 32.876 sound 3.678 nb 1.956 lr x0.994 0.12s/step
19:21:13 ep 0 step 400 loss 21.083 word 3.328 mean 32.514 sound 3.678 nb 1.976 lr x0.989 0.12s/step
19:21:24 ep 0 step 500 loss 21.208 word 3.330 mean 32.759 sound 3.684 nb 1.971 lr x0.984 0.11s/step
19:21:36 ep 0 step 600 loss 21.146 word 3.325 mean 32.649 sound 3.675 nb 1.968 lr x0.976 0.11s/step
19:21:47 ep 0 step 700 loss 21.318 word 3.329 mean 32.984 sound 3.680 nb 1.968 lr x0.968 0.12s/step
19:21:59 ep 0 step 800 loss 21.251 word 3.323 mean 32.865 sound 3.671 nb 1.973 lr x0.958 0.12s/step
19:22:11 ep 0 step 900 loss 21.331 word 3.317 mean 33.035 sound 3.677 nb 1.970 lr x0.947 0.12s/step
19:22:23 ep 0 step 1000 loss 21.269 word 3.323 mean 32.902 sound 3.675 nb 1.960 lr x0.935 0.12s/step
19:22:34 ep 0 step 1100 loss 21.224 word 3.313 mean 32.826 sound 3.675 nb 1.976 lr x0.922 0.12s/step
19:22:46 ep 0 step 1200 loss 21.119 word 3.322 mean 32.596 sound 3.681 nb 1.977 lr x0.908 0.12s/step
19:22:58 ep 0 step 1300 loss 21.108 word 3.316 mean 32.595 sound 3.679 nb 1.950 lr x0.892 0.12s/step
19:23:10 ep 0 step 1400 loss 21.157 word 3.317 mean 32.681 sound 3.681 nb 1.975 lr x0.876 0.12s/step
19:23:21 ep 0 step 1500 loss 21.135 word 3.318 mean 32.649 sound 3.674 nb 1.951 lr x0.858 0.12s/step
19:23:33 ep 0 step 1600 loss 21.174 word 3.317 mean 32.722 sound 3.676 nb 1.971 lr x0.840 0.12s/step
19:23:45 ep 0 step 1700 loss 21.104 word 3.319 mean 32.581 sound 3.678 nb 1.955 lr x0.820 0.12s/step
19:23:58 ep 0 step 1800 loss 20.932 word 3.314 mean 32.245 sound 3.673 nb 1.966 lr x0.800 0.12s/step
19:24:10 ep 0 step 1900 loss 21.133 word 3.307 mean 32.655 sound 3.675 nb 1.982 lr x0.779 0.12s/step
19:24:21 ep 0 step 2000 loss 21.241 word 3.315 mean 32.863 sound 3.673 nb 1.959 lr x0.758 0.11s/step
/data/omar/m2/core/data.py:97: UserWarning: The given NumPy array is not writable, and PyTorch does not support non-writable tensors. This means writing to this tensor will result in undefined behavior. You may want to copy the array to protect its data or make it writable before converting it to a tensor. This type of warning will be suppressed for the rest of this program. (Triggered internally at /__w/pytorch/pytorch/torch/csrc/utils/tensor_numpy.cpp:213.)
  return (torch.from_numpy(np.ascontiguousarray(x)),
/data/omar/m2/core/data.py:97: UserWarning: The given NumPy array is not writable, and PyTorch does not support non-writable tensors. This means writing to this tensor will result in undefined behavior. You may want to copy the array to protect its data or make it writable before converting it to a tensor. This type of warning will be suppressed for the rest of this program. (Triggered internally at /__w/pytorch/pytorch/torch/csrc/utils/tensor_numpy.cpp:213.)
  return (torch.from_numpy(np.ascontiguousarray(x)),
/data/omar/m2/core/data.py:97: UserWarning: The given NumPy array is not writable, and PyTorch does not support non-writable tensors. This means writing to this tensor will result in undefined behavior. You may want to copy the array to protect its data or make it writable before converting it to a tensor. This type of warning will be suppressed for the rest of this program. (Triggered internally at /__w/pytorch/pytorch/torch/csrc/utils/tensor_numpy.cpp:213.)
  return (torch.from_numpy(np.ascontiguousarray(x)),
/data/omar/m2/core/data.py:97: UserWarning: The given NumPy array is not writable, and PyTorch does not support non-writable tensors. This means writing to this tensor will result in undefined behavior. You may want to copy the array to protect its data or make it writable before converting it to a tensor. This type of warning will be suppressed for the rest of this program. (Triggered internally at /__w/pytorch/pytorch/torch/csrc/utils/tensor_numpy.cpp:213.)
  return (torch.from_numpy(np.ascontiguousarray(x)),
/data/omar/m2/core/data.py:97: UserWarning: The given NumPy array is not writable, and PyTorch does not support non-writable tensors. This means writing to this tensor will result in undefined behavior. You may want to copy the array to protect its data or make it writable before converting it to a tensor. This type of warning will be suppressed for the rest of this program. (Triggered internally at /__w/pytorch/pytorch/torch/csrc/utils/tensor_numpy.cpp:213.)
  return (torch.from_numpy(np.ascontiguousarray(x)),
/data/omar/m2/core/data.py:97: UserWarning: The given NumPy array is not writable, and PyTorch does not support non-writable tensors. This means writing to this tensor will result in undefined behavior. You may want to copy the array to protect its data or make it writable before converting it to a tensor. This type of warning will be suppressed for the rest of this program. (Triggered internally at /__w/pytorch/pytorch/torch/csrc/utils/tensor_numpy.cpp:213.)
  return (torch.from_numpy(np.ascontiguousarray(x)),
/data/omar/m2/core/data.py:97: UserWarning: The given NumPy array is not writable, and PyTorch does not support non-writable tensors. This means writing to this tensor will result in undefined behavior. You may want to copy the array to protect its data or make it writable before converting it to a tensor. This type of warning will be suppressed for the rest of this program. (Triggered internally at /__w/pytorch/pytorch/torch/csrc/utils/tensor_numpy.cpp:213.)
  return (torch.from_numpy(np.ascontiguousarray(x)),
/data/omar/m2/core/data.py:97: UserWarning: The given NumPy array is not writable, and PyTorch does not support non-writable tensors. This means writing to this tensor will result in undefined behavior. You may want to copy the array to protect its data or make it writable before converting it to a tensor. This type of warning will be suppressed for the rest of this program. (Triggered internally at /__w/pytorch/pytorch/torch/csrc/utils/tensor_numpy.cpp:213.)
  return (torch.from_numpy(np.ascontiguousarray(x)),
19:24:24 == epoch 0 deep: bacc10 0.3249 bacc1 0.0494 grid 0.3284@(1.0, 0.5) | broad: bacc10 0.3251 bacc1 0.0494 grid 0.3448@(1.0, 0.0)
19:24:25 new best 0.3249 -> /data/omar/m2/d/r/j1d/best.pt
/data/omar/m2/core/data.py:97: UserWarning: The given NumPy array is not writable, and PyTorch does not support non-writable tensors. This means writing to this tensor will result in undefined behavior. You may want to copy the array to protect its data or make it writable before converting it to a tensor. This type of warning will be suppressed for the rest of this program. (Triggered internally at /__w/pytorch/pytorch/torch/csrc/utils/tensor_numpy.cpp:213.)
  return (torch.from_numpy(np.ascontiguousarray(x)),
/data/omar/m2/core/data.py:97: UserWarning: The given NumPy array is not writable, and PyTorch does not support non-writable tensors. This means writing to this tensor will result in undefined behavior. You may want to copy the array to protect its data or make it writable before converting it to a tensor. This type of warning will be suppressed for the rest of this program. (Triggered internally at /__w/pytorch/pytorch/torch/csrc/utils/tensor_numpy.cpp:213.)
  return (torch.from_numpy(np.ascontiguousarray(x)),
/data/omar/m2/core/data.py:97: UserWarning: The given NumPy array is not writable, and PyTorch does not support non-writable tensors. This means writing to this tensor will result in undefined behavior. You may want to copy the array to protect its data or make it writable before converting it to a tensor. This type of warning will be suppressed for the rest of this program. (Triggered internally at /__w/pytorch/pytorch/torch/csrc/utils/tensor_numpy.cpp:213.)
  return (torch.from_numpy(np.ascontiguousarray(x)),
/data/omar/m2/core/data.py:97: UserWarning: The given NumPy array is not writable, and PyTorch does not support non-writable tensors. This means writing to this tensor will result in undefined behavior. You may want to copy the array to protect its data or make it writable before converting it to a tensor. This type of warning will be suppressed for the rest of this program. (Triggered internally at /__w/pytorch/pytorch/torch/csrc/utils/tensor_numpy.cpp:213.)
  return (torch.from_numpy(np.ascontiguousarray(x)),
/data/omar/m2/core/data.py:97: UserWarning: The given NumPy array is not writable, and PyTorch does not support non-writable tensors. This means writing to this tensor will result in undefined behavior. You may want to copy the array to protect its data or make it writable before converting it to a tensor. This type of warning will be suppressed for the rest of this program. (Triggered internally at /__w/pytorch/pytorch/torch/csrc/utils/tensor_numpy.cpp:213.)
  return (torch.from_numpy(np.ascontiguousarray(x)),
/data/omar/m2/core/data.py:97: UserWarning: The given NumPy array is not writable, and PyTorch does not support non-writable tensors. This means writing to this tensor will result in undefined behavior. You may want to copy the array to protect its data or make it writable before converting it to a tensor. This type of warning will be suppressed for the rest of this program. (Triggered internally at /__w/pytorch/pytorch/torch/csrc/utils/tensor_numpy.cpp:213.)
  return (torch.from_numpy(np.ascontiguousarray(x)),
/data/omar/m2/core/data.py:97: UserWarning: The given NumPy array is not writable, and PyTorch does not support non-writable tensors. This means writing to this tensor will result in undefined behavior. You may want to copy the array to protect its data or make it writable before converting it to a tensor. This type of warning will be suppressed for the rest of this program. (Triggered internally at /__w/pytorch/pytorch/torch/csrc/utils/tensor_numpy.cpp:213.)
  return (torch.from_numpy(np.ascontiguousarray(x)),
/data/omar/m2/core/data.py:97: UserWarning: The given NumPy array is not writable, and PyTorch does not support non-writable tensors. This means writing to this tensor will result in undefined behavior. You may want to copy the array to protect its data or make it writable before converting it to a tensor. This type of warning will be suppressed for the rest of this program. (Triggered internally at /__w/pytorch/pytorch/torch/csrc/utils/tensor_numpy.cpp:213.)
  return (torch.from_numpy(np.ascontiguousarray(x)),
/data/omar/m2/core/data.py:97: UserWarning: The given NumPy array is not writable, and PyTorch does not support non-writable tensors. This means writing to this tensor will result in undefined behavior. You may want to copy the array to protect its data or make it writable before converting it to a tensor. This type of warning will be suppressed for the rest of this program. (Triggered internally at /__w/pytorch/pytorch/torch/csrc/utils/tensor_numpy.cpp:213.)
  return (torch.from_numpy(np.ascontiguousarray(x)),
/data/omar/m2/core/data.py:97: UserWarning: The given NumPy array is not writable, and PyTorch does not support non-writable tensors. This means writing to this tensor will result in undefined behavior. You may want to copy the array to protect its data or make it writable before converting it to a tensor. This type of warning will be suppressed for the rest of this program. (Triggered internally at /__w/pytorch/pytorch/torch/csrc/utils/tensor_numpy.cpp:213.)
  return (torch.from_numpy(np.ascontiguousarray(x)),
/data/omar/m2/core/data.py:97: UserWarning: The given NumPy array is not writable, and PyTorch does not support non-writable tensors. This means writing to this tensor will result in undefined behavior. You may want to copy the array to protect its data or make it writable before converting it to a tensor. This type of warning will be suppressed for the rest of this program. (Triggered internally at /__w/pytorch/pytorch/torch/csrc/utils/tensor_numpy.cpp:213.)
  return (torch.from_numpy(np.ascontiguousarray(x)),
/data/omar/m2/core/data.py:97: UserWarning: The given NumPy array is not writable, and PyTorch does not support non-writable tensors. This means writing to this tensor will result in undefined behavior. You may want to copy the array to protect its data or make it writable before converting it to a tensor. This type of warning will be suppressed for the rest of this program. (Triggered internally at /__w/pytorch/pytorch/torch/csrc/utils/tensor_numpy.cpp:213.)
  return (torch.from_numpy(np.ascontiguousarray(x)),
19:24:40 ep 1 step 2100 loss 21.143 word 3.323 mean 32.645 sound 3.677 nb 1.968 lr x0.735 0.13s/step
19:24:52 ep 1 step 2200 loss 21.080 word 3.306 mean 32.563 sound 3.672 nb 1.950 lr x0.712 0.12s/step
19:25:03 ep 1 step 2300 loss 21.001 word 3.305 mean 32.400 sound 3.677 nb 1.965 lr x0.689 0.12s/step
19:25:15 ep 1 step 2400 loss 20.864 word 3.313 mean 32.107 sound 3.678 nb 1.971 lr x0.665 0.12s/step
19:25:27 ep 1 step 2500 loss 21.055 word 3.311 mean 32.496 sound 3.672 nb 1.975 lr x0.641 0.12s/step
19:25:38 ep 1 step 2600 loss 21.059 word 3.308 mean 32.512 sound 3.676 nb 1.960 lr x0.616 0.12s/step
19:25:50 ep 1 step 2700 loss 21.005 word 3.309 mean 32.396 sound 3.676 nb 1.974 lr x0.591 0.12s/step
19:26:02 ep 1 step 2800 loss 21.045 word 3.304 mean 32.492 sound 3.673 nb 1.964 lr x0.566 0.12s/step
19:26:14 ep 1 step 2900 loss 20.906 word 3.305 mean 32.210 sound 3.677 nb 1.962 lr x0.541 0.12s/step
19:26:25 ep 1 step 3000 loss 21.139 word 3.300 mean 32.688 sound 3.675 nb 1.959 lr x0.515 0.12s/step
19:26:37 ep 1 step 3100 loss 21.087 word 3.314 mean 32.554 sound 3.676 nb 1.967 lr x0.490 0.12s/step
19:26:48 ep 1 step 3200 loss 21.038 word 3.310 mean 32.463 sound 3.678 nb 1.966 lr x0.465 0.11s/step
19:27:00 ep 1 step 3300 loss 21.192 word 3.301 mean 32.785 sound 3.677 nb 1.982 lr x0.439 0.12s/step
19:27:12 ep 1 step 3400 loss 21.101 word 3.303 mean 32.612 sound 3.671 nb 1.952 lr x0.414 0.11s/step
19:27:23 ep 1 step 3500 loss 21.246 word 3.295 mean 32.914 sound 3.674 nb 1.961 lr x0.390 0.11s/step
19:27:34 ep 1 step 3600 loss 20.936 word 3.307 mean 32.273 sound 3.674 nb 1.951 lr x0.365 0.12s/step
19:27:46 ep 1 step 3700 loss 20.965 word 3.303 mean 32.333 sound 3.678 nb 1.960 lr x0.341 0.12s/step
19:27:58 ep 1 step 3800 loss 21.152 word 3.300 mean 32.713 sound 3.673 nb 1.971 lr x0.318 0.12s/step
19:28:10 ep 1 step 3900 loss 21.014 word 3.310 mean 32.422 sound 3.675 nb 1.949 lr x0.295 0.12s/step
19:28:21 ep 1 step 4000 loss 21.141 word 3.300 mean 32.700 sound 3.675 nb 1.944 lr x0.273 0.11s/step
/data/omar/m2/core/data.py:97: UserWarning: The given NumPy array is not writable, and PyTorch does not support non-writable tensors. This means writing to this tensor will result in undefined behavior. You may want to copy the array to protect its data or make it writable before converting it to a tensor. This type of warning will be suppressed for the rest of this program. (Triggered internally at /__w/pytorch/pytorch/torch/csrc/utils/tensor_numpy.cpp:213.)
  return (torch.from_numpy(np.ascontiguousarray(x)),
/data/omar/m2/core/data.py:97: UserWarning: The given NumPy array is not writable, and PyTorch does not support non-writable tensors. This means writing to this tensor will result in undefined behavior. You may want to copy the array to protect its data or make it writable before converting it to a tensor. This type of warning will be suppressed for the rest of this program. (Triggered internally at /__w/pytorch/pytorch/torch/csrc/utils/tensor_numpy.cpp:213.)
  return (torch.from_numpy(np.ascontiguousarray(x)),
/data/omar/m2/core/data.py:97: UserWarning: The given NumPy array is not writable, and PyTorch does not support non-writable tensors. This means writing to this tensor will result in undefined behavior. You may want to copy the array to protect its data or make it writable before converting it to a tensor. This type of warning will be suppressed for the rest of this program. (Triggered internally at /__w/pytorch/pytorch/torch/csrc/utils/tensor_numpy.cpp:213.)
  return (torch.from_numpy(np.ascontiguousarray(x)),
/data/omar/m2/core/data.py:97: UserWarning: The given NumPy array is not writable, and PyTorch does not support non-writable tensors. This means writing to this tensor will result in undefined behavior. You may want to copy the array to protect its data or make it writable before converting it to a tensor. This type of warning will be suppressed for the rest of this program. (Triggered internally at /__w/pytorch/pytorch/torch/csrc/utils/tensor_numpy.cpp:213.)
  return (torch.from_numpy(np.ascontiguousarray(x)),
/data/omar/m2/core/data.py:97: UserWarning: The given NumPy array is not writable, and PyTorch does not support non-writable tensors. This means writing to this tensor will result in undefined behavior. You may want to copy the array to protect its data or make it writable before converting it to a tensor. This type of warning will be suppressed for the rest of this program. (Triggered internally at /__w/pytorch/pytorch/torch/csrc/utils/tensor_numpy.cpp:213.)
  return (torch.from_numpy(np.ascontiguousarray(x)),
/data/omar/m2/core/data.py:97: UserWarning: The given NumPy array is not writable, and PyTorch does not support non-writable tensors. This means writing to this tensor will result in undefined behavior. You may want to copy the array to protect its data or make it writable before converting it to a tensor. This type of warning will be suppressed for the rest of this program. (Triggered internally at /__w/pytorch/pytorch/torch/csrc/utils/tensor_numpy.cpp:213.)
  return (torch.from_numpy(np.ascontiguousarray(x)),
/data/omar/m2/core/data.py:97: UserWarning: The given NumPy array is not writable, and PyTorch does not support non-writable tensors. This means writing to this tensor will result in undefined behavior. You may want to copy the array to protect its data or make it writable before converting it to a tensor. This type of warning will be suppressed for the rest of this program. (Triggered internally at /__w/pytorch/pytorch/torch/csrc/utils/tensor_numpy.cpp:213.)
  return (torch.from_numpy(np.ascontiguousarray(x)),
/data/omar/m2/core/data.py:97: UserWarning: The given NumPy array is not writable, and PyTorch does not support non-writable tensors. This means writing to this tensor will result in undefined behavior. You may want to copy the array to protect its data or make it writable before converting it to a tensor. This type of warning will be suppressed for the rest of this program. (Triggered internally at /__w/pytorch/pytorch/torch/csrc/utils/tensor_numpy.cpp:213.)
  return (torch.from_numpy(np.ascontiguousarray(x)),
19:28:24 == epoch 1 deep: bacc10 0.3231 bacc1 0.0645 grid 0.3275@(1.0, 0.0) | broad: bacc10 0.2951 bacc1 0.0480 grid 0.3391@(1.0, 0.0)
/data/omar/m2/core/data.py:97: UserWarning: The given NumPy array is not writable, and PyTorch does not support non-writable tensors. This means writing to this tensor will result in undefined behavior. You may want to copy the array to protect its data or make it writable before converting it to a tensor. This type of warning will be suppressed for the rest of this program. (Triggered internally at /__w/pytorch/pytorch/torch/csrc/utils/tensor_numpy.cpp:213.)
  return (torch.from_numpy(np.ascontiguousarray(x)),
/data/omar/m2/core/data.py:97: UserWarning: The given NumPy array is not writable, and PyTorch does not support non-writable tensors. This means writing to this tensor will result in undefined behavior. You may want to copy the array to protect its data or make it writable before converting it to a tensor. This type of warning will be suppressed for the rest of this program. (Triggered internally at /__w/pytorch/pytorch/torch/csrc/utils/tensor_numpy.cpp:213.)
  return (torch.from_numpy(np.ascontiguousarray(x)),
/data/omar/m2/core/data.py:97: UserWarning: The given NumPy array is not writable, and PyTorch does not support non-writable tensors. This means writing to this tensor will result in undefined behavior. You may want to copy the array to protect its data or make it writable before converting it to a tensor. This type of warning will be suppressed for the rest of this program. (Triggered internally at /__w/pytorch/pytorch/torch/csrc/utils/tensor_numpy.cpp:213.)
  return (torch.from_numpy(np.ascontiguousarray(x)),
/data/omar/m2/core/data.py:97: UserWarning: The given NumPy array is not writable, and PyTorch does not support non-writable tensors. This means writing to this tensor will result in undefined behavior. You may want to copy the array to protect its data or make it writable before converting it to a tensor. This type of warning will be suppressed for the rest of this program. (Triggered internally at /__w/pytorch/pytorch/torch/csrc/utils/tensor_numpy.cpp:213.)
  return (torch.from_numpy(np.ascontiguousarray(x)),
/data/omar/m2/core/data.py:97: UserWarning: The given NumPy array is not writable, and PyTorch does not support non-writable tensors. This means writing to this tensor will result in undefined behavior. You may want to copy the array to protect its data or make it writable before converting it to a tensor. This type of warning will be suppressed for the rest of this program. (Triggered internally at /__w/pytorch/pytorch/torch/csrc/utils/tensor_numpy.cpp:213.)
  return (torch.from_numpy(np.ascontiguousarray(x)),
/data/omar/m2/core/data.py:97: UserWarning: The given NumPy array is not writable, and PyTorch does not support non-writable tensors. This means writing to this tensor will result in undefined behavior. You may want to copy the array to protect its data or make it writable before converting it to a tensor. This type of warning will be suppressed for the rest of this program. (Triggered internally at /__w/pytorch/pytorch/torch/csrc/utils/tensor_numpy.cpp:213.)
  return (torch.from_numpy(np.ascontiguousarray(x)),
/data/omar/m2/core/data.py:97: UserWarning: The given NumPy array is not writable, and PyTorch does not support non-writable tensors. This means writing to this tensor will result in undefined behavior. You may want to copy the array to protect its data or make it writable before converting it to a tensor. This type of warning will be suppressed for the rest of this program. (Triggered internally at /__w/pytorch/pytorch/torch/csrc/utils/tensor_numpy.cpp:213.)
  return (torch.from_numpy(np.ascontiguousarray(x)),
/data/omar/m2/core/data.py:97: UserWarning: The given NumPy array is not writable, and PyTorch does not support non-writable tensors. This means writing to this tensor will result in undefined behavior. You may want to copy the array to protect its data or make it writable before converting it to a tensor. This type of warning will be suppressed for the rest of this program. (Triggered internally at /__w/pytorch/pytorch/torch/csrc/utils/tensor_numpy.cpp:213.)
  return (torch.from_numpy(np.ascontiguousarray(x)),
/data/omar/m2/core/data.py:97: UserWarning: The given NumPy array is not writable, and PyTorch does not support non-writable tensors. This means writing to this tensor will result in undefined behavior. You may want to copy the array to protect its data or make it writable before converting it to a tensor. This type of warning will be suppressed for the rest of this program. (Triggered internally at /__w/pytorch/pytorch/torch/csrc/utils/tensor_numpy.cpp:213.)
  return (torch.from_numpy(np.ascontiguousarray(x)),
/data/omar/m2/core/data.py:97: UserWarning: The given NumPy array is not writable, and PyTorch does not support non-writable tensors. This means writing to this tensor will result in undefined behavior. You may want to copy the array to protect its data or make it writable before converting it to a tensor. This type of warning will be suppressed for the rest of this program. (Triggered internally at /__w/pytorch/pytorch/torch/csrc/utils/tensor_numpy.cpp:213.)
  return (torch.from_numpy(np.ascontiguousarray(x)),
/data/omar/m2/core/data.py:97: UserWarning: The given NumPy array is not writable, and PyTorch does not support non-writable tensors. This means writing to this tensor will result in undefined behavior. You may want to copy the array to protect its data or make it writable before converting it to a tensor. This type of warning will be suppressed for the rest of this program. (Triggered internally at /__w/pytorch/pytorch/torch/csrc/utils/tensor_numpy.cpp:213.)
  return (torch.from_numpy(np.ascontiguousarray(x)),
/data/omar/m2/core/data.py:97: UserWarning: The given NumPy array is not writable, and PyTorch does not support non-writable tensors. This means writing to this tensor will result in undefined behavior. You may want to copy the array to protect its data or make it writable before converting it to a tensor. This type of warning will be suppressed for the rest of this program. (Triggered internally at /__w/pytorch/pytorch/torch/csrc/utils/tensor_numpy.cpp:213.)
  return (torch.from_numpy(np.ascontiguousarray(x)),
19:28:39 ep 2 step 4100 loss 20.899 word 3.304 mean 32.205 sound 3.673 nb 1.954 lr x0.251 0.13s/step
19:28:50 ep 2 step 4200 loss 21.056 word 3.296 mean 32.529 sound 3.675 nb 1.964 lr x0.230 0.12s/step
19:29:02 ep 2 step 4300 loss 20.848 word 3.310 mean 32.086 sound 3.675 nb 1.965 lr x0.210 0.12s/step
19:29:13 ep 2 step 4400 loss 21.059 word 3.301 mean 32.520 sound 3.675 nb 1.976 lr x0.191 0.12s/step
19:29:25 ep 2 step 4500 loss 20.985 word 3.305 mean 32.366 sound 3.676 nb 1.974 lr x0.172 0.12s/step
19:29:37 ep 2 step 4600 loss 20.900 word 3.300 mean 32.220 sound 3.675 nb 1.942 lr x0.155 0.12s/step
19:29:49 ep 2 step 4700 loss 20.680 word 3.308 mean 31.754 sound 3.674 nb 1.961 lr x0.138 0.12s/step
19:30:00 ep 2 step 4800 loss 21.077 word 3.296 mean 32.574 sound 3.671 nb 1.965 lr x0.123 0.12s/step
19:30:12 ep 2 step 4900 loss 20.960 word 3.301 mean 32.329 sound 3.674 nb 1.957 lr x0.108 0.12s/step
19:30:24 ep 2 step 5000 loss 21.084 word 3.300 mean 32.580 sound 3.671 nb 1.964 lr x0.095 0.12s/step
19:30:36 ep 2 step 5100 loss 20.942 word 3.316 mean 32.263 sound 3.674 nb 1.962 lr x0.083 0.12s/step
19:30:48 ep 2 step 5200 loss 21.124 word 3.302 mean 32.653 sound 3.674 nb 1.968 lr x0.072 0.12s/step
19:31:00 ep 2 step 5300 loss 20.998 word 3.289 mean 32.434 sound 3.671 nb 1.951 lr x0.062 0.12s/step
19:31:11 ep 2 step 5400 loss 21.000 word 3.294 mean 32.431 sound 3.668 nb 1.950 lr x0.054 0.12s/step
19:31:23 ep 2 step 5500 loss 20.945 word 3.300 mean 32.305 sound 3.667 nb 1.963 lr x0.047 0.12s/step
19:31:35 ep 2 step 5600 loss 21.144 word 3.305 mean 32.691 sound 3.674 nb 1.956 lr x0.041 0.12s/step
19:31:47 ep 2 step 5700 loss 21.278 word 3.284 mean 33.002 sound 3.672 nb 1.955 lr x0.036 0.12s/step
19:31:59 ep 2 step 5800 loss 20.984 word 3.295 mean 32.393 sound 3.670 nb 1.957 lr x0.033 0.12s/step
19:32:11 ep 2 step 5900 loss 20.982 word 3.290 mean 32.393 sound 3.672 nb 1.970 lr x0.031 0.12s/step
19:32:22 ep 2 step 6000 loss 21.145 word 3.289 mean 32.721 sound 3.672 nb 1.971 lr x0.030 0.11s/step
/data/omar/m2/core/data.py:97: UserWarning: The given NumPy array is not writable, and PyTorch does not support non-writable tensors. This means writing to this tensor will result in undefined behavior. You may want to copy the array to protect its data or make it writable before converting it to a tensor. This type of warning will be suppressed for the rest of this program. (Triggered internally at /__w/pytorch/pytorch/torch/csrc/utils/tensor_numpy.cpp:213.)
  return (torch.from_numpy(np.ascontiguousarray(x)),
/data/omar/m2/core/data.py:97: UserWarning: The given NumPy array is not writable, and PyTorch does not support non-writable tensors. This means writing to this tensor will result in undefined behavior. You may want to copy the array to protect its data or make it writable before converting it to a tensor. This type of warning will be suppressed for the rest of this program. (Triggered internally at /__w/pytorch/pytorch/torch/csrc/utils/tensor_numpy.cpp:213.)
  return (torch.from_numpy(np.ascontiguousarray(x)),
/data/omar/m2/core/data.py:97: UserWarning: The given NumPy array is not writable, and PyTorch does not support non-writable tensors. This means writing to this tensor will result in undefined behavior. You may want to copy the array to protect its data or make it writable before converting it to a tensor. This type of warning will be suppressed for the rest of this program. (Triggered internally at /__w/pytorch/pytorch/torch/csrc/utils/tensor_numpy.cpp:213.)
  return (torch.from_numpy(np.ascontiguousarray(x)),
/data/omar/m2/core/data.py:97: UserWarning: The given NumPy array is not writable, and PyTorch does not support non-writable tensors. This means writing to this tensor will result in undefined behavior. You may want to copy the array to protect its data or make it writable before converting it to a tensor. This type of warning will be suppressed for the rest of this program. (Triggered internally at /__w/pytorch/pytorch/torch/csrc/utils/tensor_numpy.cpp:213.)
  return (torch.from_numpy(np.ascontiguousarray(x)),
/data/omar/m2/core/data.py:97: UserWarning: The given NumPy array is not writable, and PyTorch does not support non-writable tensors. This means writing to this tensor will result in undefined behavior. You may want to copy the array to protect its data or make it writable before converting it to a tensor. This type of warning will be suppressed for the rest of this program. (Triggered internally at /__w/pytorch/pytorch/torch/csrc/utils/tensor_numpy.cpp:213.)
  return (torch.from_numpy(np.ascontiguousarray(x)),
/data/omar/m2/core/data.py:97: UserWarning: The given NumPy array is not writable, and PyTorch does not support non-writable tensors. This means writing to this tensor will result in undefined behavior. You may want to copy the array to protect its data or make it writable before converting it to a tensor. This type of warning will be suppressed for the rest of this program. (Triggered internally at /__w/pytorch/pytorch/torch/csrc/utils/tensor_numpy.cpp:213.)
  return (torch.from_numpy(np.ascontiguousarray(x)),
/data/omar/m2/core/data.py:97: UserWarning: The given NumPy array is not writable, and PyTorch does not support non-writable tensors. This means writing to this tensor will result in undefined behavior. You may want to copy the array to protect its data or make it writable before converting it to a tensor. This type of warning will be suppressed for the rest of this program. (Triggered internally at /__w/pytorch/pytorch/torch/csrc/utils/tensor_numpy.cpp:213.)
  return (torch.from_numpy(np.ascontiguousarray(x)),
/data/omar/m2/core/data.py:97: UserWarning: The given NumPy array is not writable, and PyTorch does not support non-writable tensors. This means writing to this tensor will result in undefined behavior. You may want to copy the array to protect its data or make it writable before converting it to a tensor. This type of warning will be suppressed for the rest of this program. (Triggered internally at /__w/pytorch/pytorch/torch/csrc/utils/tensor_numpy.cpp:213.)
  return (torch.from_numpy(np.ascontiguousarray(x)),
19:32:25 == epoch 2 deep: bacc10 0.3331 bacc1 0.0656 grid 0.3331@(0.5, 0.0) | broad: bacc10 0.2934 bacc1 0.0480 grid 0.3350@(1.0, 0.0)
19:32:26 new best 0.3331 -> /data/omar/m2/d/r/j1d/best.pt
19:32:27 done. best deep bacc10 0.3331
19:32:32 init from d/r/j1/best.pt (missing 0, unexpected 0)
19:32:32 params 16.6M, trainable 5.7M, device cuda
19:32:32 train rows 118943, val deep 5952, val broad 17940
/data/omar/m2/core/data.py:97: UserWarning: The given NumPy array is not writable, and PyTorch does not support non-writable tensors. This means writing to this tensor will result in undefined behavior. You may want to copy the array to protect its data or make it writable before converting it to a tensor. This type of warning will be suppressed for the rest of this program. (Triggered internally at /__w/pytorch/pytorch/torch/csrc/utils/tensor_numpy.cpp:213.)
  return (torch.from_numpy(np.ascontiguousarray(x)),
/data/omar/m2/core/data.py:97: UserWarning: The given NumPy array is not writable, and PyTorch does not support non-writable tensors. This means writing to this tensor will result in undefined behavior. You may want to copy the array to protect its data or make it writable before converting it to a tensor. This type of warning will be suppressed for the rest of this program. (Triggered internally at /__w/pytorch/pytorch/torch/csrc/utils/tensor_numpy.cpp:213.)
  return (torch.from_numpy(np.ascontiguousarray(x)),
/data/omar/m2/core/data.py:97: UserWarning: The given NumPy array is not writable, and PyTorch does not support non-writable tensors. This means writing to this tensor will result in undefined behavior. You may want to copy the array to protect its data or make it writable before converting it to a tensor. This type of warning will be suppressed for the rest of this program. (Triggered internally at /__w/pytorch/pytorch/torch/csrc/utils/tensor_numpy.cpp:213.)
  return (torch.from_numpy(np.ascontiguousarray(x)),
/data/omar/m2/core/data.py:97: UserWarning: The given NumPy array is not writable, and PyTorch does not support non-writable tensors. This means writing to this tensor will result in undefined behavior. You may want to copy the array to protect its data or make it writable before converting it to a tensor. This type of warning will be suppressed for the rest of this program. (Triggered internally at /__w/pytorch/pytorch/torch/csrc/utils/tensor_numpy.cpp:213.)
  return (torch.from_numpy(np.ascontiguousarray(x)),
/data/omar/m2/core/data.py:97: UserWarning: The given NumPy array is not writable, and PyTorch does not support non-writable tensors. This means writing to this tensor will result in undefined behavior. You may want to copy the array to protect its data or make it writable before converting it to a tensor. This type of warning will be suppressed for the rest of this program. (Triggered internally at /__w/pytorch/pytorch/torch/csrc/utils/tensor_numpy.cpp:213.)
  return (torch.from_numpy(np.ascontiguousarray(x)),
/data/omar/m2/core/data.py:97: UserWarning: The given NumPy array is not writable, and PyTorch does not support non-writable tensors. This means writing to this tensor will result in undefined behavior. You may want to copy the array to protect its data or make it writable before converting it to a tensor. This type of warning will be suppressed for the rest of this program. (Triggered internally at /__w/pytorch/pytorch/torch/csrc/utils/tensor_numpy.cpp:213.)
  return (torch.from_numpy(np.ascontiguousarray(x)),
/data/omar/m2/core/data.py:97: UserWarning: The given NumPy array is not writable, and PyTorch does not support non-writable tensors. This means writing to this tensor will result in undefined behavior. You may want to copy the array to protect its data or make it writable before converting it to a tensor. This type of warning will be suppressed for the rest of this program. (Triggered internally at /__w/pytorch/pytorch/torch/csrc/utils/tensor_numpy.cpp:213.)
  return (torch.from_numpy(np.ascontiguousarray(x)),
/data/omar/m2/core/data.py:97: UserWarning: The given NumPy array is not writable, and PyTorch does not support non-writable tensors. This means writing to this tensor will result in undefined behavior. You may want to copy the array to protect its data or make it writable before converting it to a tensor. This type of warning will be suppressed for the rest of this program. (Triggered internally at /__w/pytorch/pytorch/torch/csrc/utils/tensor_numpy.cpp:213.)
  return (torch.from_numpy(np.ascontiguousarray(x)),
/data/omar/m2/core/data.py:97: UserWarning: The given NumPy array is not writable, and PyTorch does not support non-writable tensors. This means writing to this tensor will result in undefined behavior. You may want to copy the array to protect its data or make it writable before converting it to a tensor. This type of warning will be suppressed for the rest of this program. (Triggered internally at /__w/pytorch/pytorch/torch/csrc/utils/tensor_numpy.cpp:213.)
  return (torch.from_numpy(np.ascontiguousarray(x)),
/data/omar/m2/core/data.py:97: UserWarning: The given NumPy array is not writable, and PyTorch does not support non-writable tensors. This means writing to this tensor will result in undefined behavior. You may want to copy the array to protect its data or make it writable before converting it to a tensor. This type of warning will be suppressed for the rest of this program. (Triggered internally at /__w/pytorch/pytorch/torch/csrc/utils/tensor_numpy.cpp:213.)
  return (torch.from_numpy(np.ascontiguousarray(x)),
/data/omar/m2/core/data.py:97: UserWarning: The given NumPy array is not writable, and PyTorch does not support non-writable tensors. This means writing to this tensor will result in undefined behavior. You may want to copy the array to protect its data or make it writable before converting it to a tensor. This type of warning will be suppressed for the rest of this program. (Triggered internally at /__w/pytorch/pytorch/torch/csrc/utils/tensor_numpy.cpp:213.)
  return (torch.from_numpy(np.ascontiguousarray(x)),
/data/omar/m2/core/data.py:97: UserWarning: The given NumPy array is not writable, and PyTorch does not support non-writable tensors. This means writing to this tensor will result in undefined behavior. You may want to copy the array to protect its data or make it writable before converting it to a tensor. This type of warning will be suppressed for the rest of this program. (Triggered internally at /__w/pytorch/pytorch/torch/csrc/utils/tensor_numpy.cpp:213.)
  return (torch.from_numpy(np.ascontiguousarray(x)),
19:32:48 ep 0 step 100 loss 15.968 word 2.473 mean 24.154 sound 3.637 nb 1.636 lr x0.997 0.15s/step
19:32:57 ep 0 step 200 loss 15.874 word 2.469 mean 23.976 sound 3.638 nb 1.629 lr x0.990 0.10s/step
19:33:07 ep 0 step 300 loss 15.912 word 2.481 mean 24.025 sound 3.640 nb 1.633 lr x0.976 0.10s/step
19:33:17 ep 0 step 400 loss 16.012 word 2.468 mean 24.248 sound 3.639 nb 1.642 lr x0.958 0.10s/step
19:33:26 ep 0 step 500 loss 16.031 word 2.471 mean 24.277 sound 3.643 nb 1.648 lr x0.935 0.09s/step
/data/omar/m2/core/data.py:97: UserWarning: The given NumPy array is not writable, and PyTorch does not support non-writable tensors. This means writing to this tensor will result in undefined behavior. You may want to copy the array to protect its data or make it writable before converting it to a tensor. This type of warning will be suppressed for the rest of this program. (Triggered internally at /__w/pytorch/pytorch/torch/csrc/utils/tensor_numpy.cpp:213.)
  return (torch.from_numpy(np.ascontiguousarray(x)),
/data/omar/m2/core/data.py:97: UserWarning: The given NumPy array is not writable, and PyTorch does not support non-writable tensors. This means writing to this tensor will result in undefined behavior. You may want to copy the array to protect its data or make it writable before converting it to a tensor. This type of warning will be suppressed for the rest of this program. (Triggered internally at /__w/pytorch/pytorch/torch/csrc/utils/tensor_numpy.cpp:213.)
  return (torch.from_numpy(np.ascontiguousarray(x)),
/data/omar/m2/core/data.py:97: UserWarning: The given NumPy array is not writable, and PyTorch does not support non-writable tensors. This means writing to this tensor will result in undefined behavior. You may want to copy the array to protect its data or make it writable before converting it to a tensor. This type of warning will be suppressed for the rest of this program. (Triggered internally at /__w/pytorch/pytorch/torch/csrc/utils/tensor_numpy.cpp:213.)
  return (torch.from_numpy(np.ascontiguousarray(x)),
/data/omar/m2/core/data.py:97: UserWarning: The given NumPy array is not writable, and PyTorch does not support non-writable tensors. This means writing to this tensor will result in undefined behavior. You may want to copy the array to protect its data or make it writable before converting it to a tensor. This type of warning will be suppressed for the rest of this program. (Triggered internally at /__w/pytorch/pytorch/torch/csrc/utils/tensor_numpy.cpp:213.)
  return (torch.from_numpy(np.ascontiguousarray(x)),
/data/omar/m2/core/data.py:97: UserWarning: The given NumPy array is not writable, and PyTorch does not support non-writable tensors. This means writing to this tensor will result in undefined behavior. You may want to copy the array to protect its data or make it writable before converting it to a tensor. This type of warning will be suppressed for the rest of this program. (Triggered internally at /__w/pytorch/pytorch/torch/csrc/utils/tensor_numpy.cpp:213.)
  return (torch.from_numpy(np.ascontiguousarray(x)),
/data/omar/m2/core/data.py:97: UserWarning: The given NumPy array is not writable, and PyTorch does not support non-writable tensors. This means writing to this tensor will result in undefined behavior. You may want to copy the array to protect its data or make it writable before converting it to a tensor. This type of warning will be suppressed for the rest of this program. (Triggered internally at /__w/pytorch/pytorch/torch/csrc/utils/tensor_numpy.cpp:213.)
  return (torch.from_numpy(np.ascontiguousarray(x)),
/data/omar/m2/core/data.py:97: UserWarning: The given NumPy array is not writable, and PyTorch does not support non-writable tensors. This means writing to this tensor will result in undefined behavior. You may want to copy the array to protect its data or make it writable before converting it to a tensor. This type of warning will be suppressed for the rest of this program. (Triggered internally at /__w/pytorch/pytorch/torch/csrc/utils/tensor_numpy.cpp:213.)
  return (torch.from_numpy(np.ascontiguousarray(x)),
/data/omar/m2/core/data.py:97: UserWarning: The given NumPy array is not writable, and PyTorch does not support non-writable tensors. This means writing to this tensor will result in undefined behavior. You may want to copy the array to protect its data or make it writable before converting it to a tensor. This type of warning will be suppressed for the rest of this program. (Triggered internally at /__w/pytorch/pytorch/torch/csrc/utils/tensor_numpy.cpp:213.)
  return (torch.from_numpy(np.ascontiguousarray(x)),
19:33:29 == epoch 0 deep: bacc10 0.3392 bacc1 0.0470 grid 0.3392@(0.5, 0.0) | broad: bacc10 0.3200 bacc1 0.0506 grid 0.3347@(1.0, 0.0)
19:33:31 new best 0.3200 -> /data/omar/m2/d/r/j1b/best.pt
/data/omar/m2/core/data.py:97: UserWarning: The given NumPy array is not writable, and PyTorch does not support non-writable tensors. This means writing to this tensor will result in undefined behavior. You may want to copy the array to protect its data or make it writable before converting it to a tensor. This type of warning will be suppressed for the rest of this program. (Triggered internally at /__w/pytorch/pytorch/torch/csrc/utils/tensor_numpy.cpp:213.)
  return (torch.from_numpy(np.ascontiguousarray(x)),
/data/omar/m2/core/data.py:97: UserWarning: The given NumPy array is not writable, and PyTorch does not support non-writable tensors. This means writing to this tensor will result in undefined behavior. You may want to copy the array to protect its data or make it writable before converting it to a tensor. This type of warning will be suppressed for the rest of this program. (Triggered internally at /__w/pytorch/pytorch/torch/csrc/utils/tensor_numpy.cpp:213.)
  return (torch.from_numpy(np.ascontiguousarray(x)),
/data/omar/m2/core/data.py:97: UserWarning: The given NumPy array is not writable, and PyTorch does not support non-writable tensors. This means writing to this tensor will result in undefined behavior. You may want to copy the array to protect its data or make it writable before converting it to a tensor. This type of warning will be suppressed for the rest of this program. (Triggered internally at /__w/pytorch/pytorch/torch/csrc/utils/tensor_numpy.cpp:213.)
  return (torch.from_numpy(np.ascontiguousarray(x)),
/data/omar/m2/core/data.py:97: UserWarning: The given NumPy array is not writable, and PyTorch does not support non-writable tensors. This means writing to this tensor will result in undefined behavior. You may want to copy the array to protect its data or make it writable before converting it to a tensor. This type of warning will be suppressed for the rest of this program. (Triggered internally at /__w/pytorch/pytorch/torch/csrc/utils/tensor_numpy.cpp:213.)
  return (torch.from_numpy(np.ascontiguousarray(x)),
/data/omar/m2/core/data.py:97: UserWarning: The given NumPy array is not writable, and PyTorch does not support non-writable tensors. This means writing to this tensor will result in undefined behavior. You may want to copy the array to protect its data or make it writable before converting it to a tensor. This type of warning will be suppressed for the rest of this program. (Triggered internally at /__w/pytorch/pytorch/torch/csrc/utils/tensor_numpy.cpp:213.)
  return (torch.from_numpy(np.ascontiguousarray(x)),
/data/omar/m2/core/data.py:97: UserWarning: The given NumPy array is not writable, and PyTorch does not support non-writable tensors. This means writing to this tensor will result in undefined behavior. You may want to copy the array to protect its data or make it writable before converting it to a tensor. This type of warning will be suppressed for the rest of this program. (Triggered internally at /__w/pytorch/pytorch/torch/csrc/utils/tensor_numpy.cpp:213.)
  return (torch.from_numpy(np.ascontiguousarray(x)),
/data/omar/m2/core/data.py:97: UserWarning: The given NumPy array is not writable, and PyTorch does not support non-writable tensors. This means writing to this tensor will result in undefined behavior. You may want to copy the array to protect its data or make it writable before converting it to a tensor. This type of warning will be suppressed for the rest of this program. (Triggered internally at /__w/pytorch/pytorch/torch/csrc/utils/tensor_numpy.cpp:213.)
  return (torch.from_numpy(np.ascontiguousarray(x)),
/data/omar/m2/core/data.py:97: UserWarning: The given NumPy array is not writable, and PyTorch does not support non-writable tensors. This means writing to this tensor will result in undefined behavior. You may want to copy the array to protect its data or make it writable before converting it to a tensor. This type of warning will be suppressed for the rest of this program. (Triggered internally at /__w/pytorch/pytorch/torch/csrc/utils/tensor_numpy.cpp:213.)
  return (torch.from_numpy(np.ascontiguousarray(x)),
/data/omar/m2/core/data.py:97: UserWarning: The given NumPy array is not writable, and PyTorch does not support non-writable tensors. This means writing to this tensor will result in undefined behavior. You may want to copy the array to protect its data or make it writable before converting it to a tensor. This type of warning will be suppressed for the rest of this program. (Triggered internally at /__w/pytorch/pytorch/torch/csrc/utils/tensor_numpy.cpp:213.)
  return (torch.from_numpy(np.ascontiguousarray(x)),
/data/omar/m2/core/data.py:97: UserWarning: The given NumPy array is not writable, and PyTorch does not support non-writable tensors. This means writing to this tensor will result in undefined behavior. You may want to copy the array to protect its data or make it writable before converting it to a tensor. This type of warning will be suppressed for the rest of this program. (Triggered internally at /__w/pytorch/pytorch/torch/csrc/utils/tensor_numpy.cpp:213.)
  return (torch.from_numpy(np.ascontiguousarray(x)),
/data/omar/m2/core/data.py:97: UserWarning: The given NumPy array is not writable, and PyTorch does not support non-writable tensors. This means writing to this tensor will result in undefined behavior. You may want to copy the array to protect its data or make it writable before converting it to a tensor. This type of warning will be suppressed for the rest of this program. (Triggered internally at /__w/pytorch/pytorch/torch/csrc/utils/tensor_numpy.cpp:213.)
  return (torch.from_numpy(np.ascontiguousarray(x)),
/data/omar/m2/core/data.py:97: UserWarning: The given NumPy array is not writable, and PyTorch does not support non-writable tensors. This means writing to this tensor will result in undefined behavior. You may want to copy the array to protect its data or make it writable before converting it to a tensor. This type of warning will be suppressed for the rest of this program. (Triggered internally at /__w/pytorch/pytorch/torch/csrc/utils/tensor_numpy.cpp:213.)
  return (torch.from_numpy(np.ascontiguousarray(x)),
19:33:44 ep 1 step 600 loss 15.970 word 2.475 mean 24.158 sound 3.641 nb 1.619 lr x0.908 0.12s/step
19:33:54 ep 1 step 700 loss 15.791 word 2.460 mean 23.817 sound 3.640 nb 1.653 lr x0.876 0.10s/step
19:34:04 ep 1 step 800 loss 15.872 word 2.458 mean 23.994 sound 3.636 nb 1.635 lr x0.840 0.10s/step
19:34:13 ep 1 step 900 loss 15.827 word 2.452 mean 23.914 sound 3.635 nb 1.642 lr x0.800 0.10s/step
19:34:23 ep 1 step 1000 loss 15.794 word 2.457 mean 23.832 sound 3.646 nb 1.633 lr x0.758 0.09s/step
/data/omar/m2/core/data.py:97: UserWarning: The given NumPy array is not writable, and PyTorch does not support non-writable tensors. This means writing to this tensor will result in undefined behavior. You may want to copy the array to protect its data or make it writable before converting it to a tensor. This type of warning will be suppressed for the rest of this program. (Triggered internally at /__w/pytorch/pytorch/torch/csrc/utils/tensor_numpy.cpp:213.)
  return (torch.from_numpy(np.ascontiguousarray(x)),
/data/omar/m2/core/data.py:97: UserWarning: The given NumPy array is not writable, and PyTorch does not support non-writable tensors. This means writing to this tensor will result in undefined behavior. You may want to copy the array to protect its data or make it writable before converting it to a tensor. This type of warning will be suppressed for the rest of this program. (Triggered internally at /__w/pytorch/pytorch/torch/csrc/utils/tensor_numpy.cpp:213.)
  return (torch.from_numpy(np.ascontiguousarray(x)),
/data/omar/m2/core/data.py:97: UserWarning: The given NumPy array is not writable, and PyTorch does not support non-writable tensors. This means writing to this tensor will result in undefined behavior. You may want to copy the array to protect its data or make it writable before converting it to a tensor. This type of warning will be suppressed for the rest of this program. (Triggered internally at /__w/pytorch/pytorch/torch/csrc/utils/tensor_numpy.cpp:213.)
  return (torch.from_numpy(np.ascontiguousarray(x)),
/data/omar/m2/core/data.py:97: UserWarning: The given NumPy array is not writable, and PyTorch does not support non-writable tensors. This means writing to this tensor will result in undefined behavior. You may want to copy the array to protect its data or make it writable before converting it to a tensor. This type of warning will be suppressed for the rest of this program. (Triggered internally at /__w/pytorch/pytorch/torch/csrc/utils/tensor_numpy.cpp:213.)
  return (torch.from_numpy(np.ascontiguousarray(x)),
/data/omar/m2/core/data.py:97: UserWarning: The given NumPy array is not writable, and PyTorch does not support non-writable tensors. This means writing to this tensor will result in undefined behavior. You may want to copy the array to protect its data or make it writable before converting it to a tensor. This type of warning will be suppressed for the rest of this program. (Triggered internally at /__w/pytorch/pytorch/torch/csrc/utils/tensor_numpy.cpp:213.)
  return (torch.from_numpy(np.ascontiguousarray(x)),
/data/omar/m2/core/data.py:97: UserWarning: The given NumPy array is not writable, and PyTorch does not support non-writable tensors. This means writing to this tensor will result in undefined behavior. You may want to copy the array to protect its data or make it writable before converting it to a tensor. This type of warning will be suppressed for the rest of this program. (Triggered internally at /__w/pytorch/pytorch/torch/csrc/utils/tensor_numpy.cpp:213.)
  return (torch.from_numpy(np.ascontiguousarray(x)),
/data/omar/m2/core/data.py:97: UserWarning: The given NumPy array is not writable, and PyTorch does not support non-writable tensors. This means writing to this tensor will result in undefined behavior. You may want to copy the array to protect its data or make it writable before converting it to a tensor. This type of warning will be suppressed for the rest of this program. (Triggered internally at /__w/pytorch/pytorch/torch/csrc/utils/tensor_numpy.cpp:213.)
  return (torch.from_numpy(np.ascontiguousarray(x)),
/data/omar/m2/core/data.py:97: UserWarning: The given NumPy array is not writable, and PyTorch does not support non-writable tensors. This means writing to this tensor will result in undefined behavior. You may want to copy the array to protect its data or make it writable before converting it to a tensor. This type of warning will be suppressed for the rest of this program. (Triggered internally at /__w/pytorch/pytorch/torch/csrc/utils/tensor_numpy.cpp:213.)
  return (torch.from_numpy(np.ascontiguousarray(x)),
19:34:25 == epoch 1 deep: bacc10 0.3339 bacc1 0.0435 grid 0.3339@(0.5, 0.0) | broad: bacc10 0.3102 bacc1 0.0491 grid 0.3317@(1.0, 0.0)
/data/omar/m2/core/data.py:97: UserWarning: The given NumPy array is not writable, and PyTorch does not support non-writable tensors. This means writing to this tensor will result in undefined behavior. You may want to copy the array to protect its data or make it writable before converting it to a tensor. This type of warning will be suppressed for the rest of this program. (Triggered internally at /__w/pytorch/pytorch/torch/csrc/utils/tensor_numpy.cpp:213.)
  return (torch.from_numpy(np.ascontiguousarray(x)),
/data/omar/m2/core/data.py:97: UserWarning: The given NumPy array is not writable, and PyTorch does not support non-writable tensors. This means writing to this tensor will result in undefined behavior. You may want to copy the array to protect its data or make it writable before converting it to a tensor. This type of warning will be suppressed for the rest of this program. (Triggered internally at /__w/pytorch/pytorch/torch/csrc/utils/tensor_numpy.cpp:213.)
  return (torch.from_numpy(np.ascontiguousarray(x)),
/data/omar/m2/core/data.py:97: UserWarning: The given NumPy array is not writable, and PyTorch does not support non-writable tensors. This means writing to this tensor will result in undefined behavior. You may want to copy the array to protect its data or make it writable before converting it to a tensor. This type of warning will be suppressed for the rest of this program. (Triggered internally at /__w/pytorch/pytorch/torch/csrc/utils/tensor_numpy.cpp:213.)
  return (torch.from_numpy(np.ascontiguousarray(x)),
/data/omar/m2/core/data.py:97: UserWarning: The given NumPy array is not writable, and PyTorch does not support non-writable tensors. This means writing to this tensor will result in undefined behavior. You may want to copy the array to protect its data or make it writable before converting it to a tensor. This type of warning will be suppressed for the rest of this program. (Triggered internally at /__w/pytorch/pytorch/torch/csrc/utils/tensor_numpy.cpp:213.)
  return (torch.from_numpy(np.ascontiguousarray(x)),
/data/omar/m2/core/data.py:97: UserWarning: The given NumPy array is not writable, and PyTorch does not support non-writable tensors. This means writing to this tensor will result in undefined behavior. You may want to copy the array to protect its data or make it writable before converting it to a tensor. This type of warning will be suppressed for the rest of this program. (Triggered internally at /__w/pytorch/pytorch/torch/csrc/utils/tensor_numpy.cpp:213.)
  return (torch.from_numpy(np.ascontiguousarray(x)),
/data/omar/m2/core/data.py:97: UserWarning: The given NumPy array is not writable, and PyTorch does not support non-writable tensors. This means writing to this tensor will result in undefined behavior. You may want to copy the array to protect its data or make it writable before converting it to a tensor. This type of warning will be suppressed for the rest of this program. (Triggered internally at /__w/pytorch/pytorch/torch/csrc/utils/tensor_numpy.cpp:213.)
  return (torch.from_numpy(np.ascontiguousarray(x)),
/data/omar/m2/core/data.py:97: UserWarning: The given NumPy array is not writable, and PyTorch does not support non-writable tensors. This means writing to this tensor will result in undefined behavior. You may want to copy the array to protect its data or make it writable before converting it to a tensor. This type of warning will be suppressed for the rest of this program. (Triggered internally at /__w/pytorch/pytorch/torch/csrc/utils/tensor_numpy.cpp:213.)
  return (torch.from_numpy(np.ascontiguousarray(x)),
/data/omar/m2/core/data.py:97: UserWarning: The given NumPy array is not writable, and PyTorch does not support non-writable tensors. This means writing to this tensor will result in undefined behavior. You may want to copy the array to protect its data or make it writable before converting it to a tensor. This type of warning will be suppressed for the rest of this program. (Triggered internally at /__w/pytorch/pytorch/torch/csrc/utils/tensor_numpy.cpp:213.)
  return (torch.from_numpy(np.ascontiguousarray(x)),
/data/omar/m2/core/data.py:97: UserWarning: The given NumPy array is not writable, and PyTorch does not support non-writable tensors. This means writing to this tensor will result in undefined behavior. You may want to copy the array to protect its data or make it writable before converting it to a tensor. This type of warning will be suppressed for the rest of this program. (Triggered internally at /__w/pytorch/pytorch/torch/csrc/utils/tensor_numpy.cpp:213.)
  return (torch.from_numpy(np.ascontiguousarray(x)),
/data/omar/m2/core/data.py:97: UserWarning: The given NumPy array is not writable, and PyTorch does not support non-writable tensors. This means writing to this tensor will result in undefined behavior. You may want to copy the array to protect its data or make it writable before converting it to a tensor. This type of warning will be suppressed for the rest of this program. (Triggered internally at /__w/pytorch/pytorch/torch/csrc/utils/tensor_numpy.cpp:213.)
  return (torch.from_numpy(np.ascontiguousarray(x)),
/data/omar/m2/core/data.py:97: UserWarning: The given NumPy array is not writable, and PyTorch does not support non-writable tensors. This means writing to this tensor will result in undefined behavior. You may want to copy the array to protect its data or make it writable before converting it to a tensor. This type of warning will be suppressed for the rest of this program. (Triggered internally at /__w/pytorch/pytorch/torch/csrc/utils/tensor_numpy.cpp:213.)
  return (torch.from_numpy(np.ascontiguousarray(x)),
/data/omar/m2/core/data.py:97: UserWarning: The given NumPy array is not writable, and PyTorch does not support non-writable tensors. This means writing to this tensor will result in undefined behavior. You may want to copy the array to protect its data or make it writable before converting it to a tensor. This type of warning will be suppressed for the rest of this program. (Triggered internally at /__w/pytorch/pytorch/torch/csrc/utils/tensor_numpy.cpp:213.)
  return (torch.from_numpy(np.ascontiguousarray(x)),
19:34:38 ep 2 step 1100 loss 15.694 word 2.447 mean 23.662 sound 3.636 nb 1.626 lr x0.713 0.12s/step
19:34:48 ep 2 step 1200 loss 15.655 word 2.434 mean 23.608 sound 3.641 nb 1.625 lr x0.665 0.10s/step
19:34:58 ep 2 step 1300 loss 15.621 word 2.425 mean 23.549 sound 3.640 nb 1.648 lr x0.616 0.10s/step
19:35:08 ep 2 step 1400 loss 15.520 word 2.437 mean 23.332 sound 3.640 nb 1.624 lr x0.566 0.10s/step
19:35:17 ep 2 step 1500 loss 15.492 word 2.425 mean 23.300 sound 3.639 nb 1.625 lr x0.516 0.09s/step
/data/omar/m2/core/data.py:97: UserWarning: The given NumPy array is not writable, and PyTorch does not support non-writable tensors. This means writing to this tensor will result in undefined behavior. You may want to copy the array to protect its data or make it writable before converting it to a tensor. This type of warning will be suppressed for the rest of this program. (Triggered internally at /__w/pytorch/pytorch/torch/csrc/utils/tensor_numpy.cpp:213.)
  return (torch.from_numpy(np.ascontiguousarray(x)),
/data/omar/m2/core/data.py:97: UserWarning: The given NumPy array is not writable, and PyTorch does not support non-writable tensors. This means writing to this tensor will result in undefined behavior. You may want to copy the array to protect its data or make it writable before converting it to a tensor. This type of warning will be suppressed for the rest of this program. (Triggered internally at /__w/pytorch/pytorch/torch/csrc/utils/tensor_numpy.cpp:213.)
  return (torch.from_numpy(np.ascontiguousarray(x)),
/data/omar/m2/core/data.py:97: UserWarning: The given NumPy array is not writable, and PyTorch does not support non-writable tensors. This means writing to this tensor will result in undefined behavior. You may want to copy the array to protect its data or make it writable before converting it to a tensor. This type of warning will be suppressed for the rest of this program. (Triggered internally at /__w/pytorch/pytorch/torch/csrc/utils/tensor_numpy.cpp:213.)
  return (torch.from_numpy(np.ascontiguousarray(x)),
/data/omar/m2/core/data.py:97: UserWarning: The given NumPy array is not writable, and PyTorch does not support non-writable tensors. This means writing to this tensor will result in undefined behavior. You may want to copy the array to protect its data or make it writable before converting it to a tensor. This type of warning will be suppressed for the rest of this program. (Triggered internally at /__w/pytorch/pytorch/torch/csrc/utils/tensor_numpy.cpp:213.)
  return (torch.from_numpy(np.ascontiguousarray(x)),
/data/omar/m2/core/data.py:97: UserWarning: The given NumPy array is not writable, and PyTorch does not support non-writable tensors. This means writing to this tensor will result in undefined behavior. You may want to copy the array to protect its data or make it writable before converting it to a tensor. This type of warning will be suppressed for the rest of this program. (Triggered internally at /__w/pytorch/pytorch/torch/csrc/utils/tensor_numpy.cpp:213.)
  return (torch.from_numpy(np.ascontiguousarray(x)),
/data/omar/m2/core/data.py:97: UserWarning: The given NumPy array is not writable, and PyTorch does not support non-writable tensors. This means writing to this tensor will result in undefined behavior. You may want to copy the array to protect its data or make it writable before converting it to a tensor. This type of warning will be suppressed for the rest of this program. (Triggered internally at /__w/pytorch/pytorch/torch/csrc/utils/tensor_numpy.cpp:213.)
  return (torch.from_numpy(np.ascontiguousarray(x)),
/data/omar/m2/core/data.py:97: UserWarning: The given NumPy array is not writable, and PyTorch does not support non-writable tensors. This means writing to this tensor will result in undefined behavior. You may want to copy the array to protect its data or make it writable before converting it to a tensor. This type of warning will be suppressed for the rest of this program. (Triggered internally at /__w/pytorch/pytorch/torch/csrc/utils/tensor_numpy.cpp:213.)
  return (torch.from_numpy(np.ascontiguousarray(x)),
/data/omar/m2/core/data.py:97: UserWarning: The given NumPy array is not writable, and PyTorch does not support non-writable tensors. This means writing to this tensor will result in undefined behavior. You may want to copy the array to protect its data or make it writable before converting it to a tensor. This type of warning will be suppressed for the rest of this program. (Triggered internally at /__w/pytorch/pytorch/torch/csrc/utils/tensor_numpy.cpp:213.)
  return (torch.from_numpy(np.ascontiguousarray(x)),
19:35:20 == epoch 2 deep: bacc10 0.3364 bacc1 0.0438 grid 0.3364@(0.5, 0.0) | broad: bacc10 0.3093 bacc1 0.0521 grid 0.3277@(1.0, 0.0)
/data/omar/m2/core/data.py:97: UserWarning: The given NumPy array is not writable, and PyTorch does not support non-writable tensors. This means writing to this tensor will result in undefined behavior. You may want to copy the array to protect its data or make it writable before converting it to a tensor. This type of warning will be suppressed for the rest of this program. (Triggered internally at /__w/pytorch/pytorch/torch/csrc/utils/tensor_numpy.cpp:213.)
  return (torch.from_numpy(np.ascontiguousarray(x)),
/data/omar/m2/core/data.py:97: UserWarning: The given NumPy array is not writable, and PyTorch does not support non-writable tensors. This means writing to this tensor will result in undefined behavior. You may want to copy the array to protect its data or make it writable before converting it to a tensor. This type of warning will be suppressed for the rest of this program. (Triggered internally at /__w/pytorch/pytorch/torch/csrc/utils/tensor_numpy.cpp:213.)
  return (torch.from_numpy(np.ascontiguousarray(x)),
/data/omar/m2/core/data.py:97: UserWarning: The given NumPy array is not writable, and PyTorch does not support non-writable tensors. This means writing to this tensor will result in undefined behavior. You may want to copy the array to protect its data or make it writable before converting it to a tensor. This type of warning will be suppressed for the rest of this program. (Triggered internally at /__w/pytorch/pytorch/torch/csrc/utils/tensor_numpy.cpp:213.)
  return (torch.from_numpy(np.ascontiguousarray(x)),
/data/omar/m2/core/data.py:97: UserWarning: The given NumPy array is not writable, and PyTorch does not support non-writable tensors. This means writing to this tensor will result in undefined behavior. You may want to copy the array to protect its data or make it writable before converting it to a tensor. This type of warning will be suppressed for the rest of this program. (Triggered internally at /__w/pytorch/pytorch/torch/csrc/utils/tensor_numpy.cpp:213.)
  return (torch.from_numpy(np.ascontiguousarray(x)),
/data/omar/m2/core/data.py:97: UserWarning: The given NumPy array is not writable, and PyTorch does not support non-writable tensors. This means writing to this tensor will result in undefined behavior. You may want to copy the array to protect its data or make it writable before converting it to a tensor. This type of warning will be suppressed for the rest of this program. (Triggered internally at /__w/pytorch/pytorch/torch/csrc/utils/tensor_numpy.cpp:213.)
  return (torch.from_numpy(np.ascontiguousarray(x)),
/data/omar/m2/core/data.py:97: UserWarning: The given NumPy array is not writable, and PyTorch does not support non-writable tensors. This means writing to this tensor will result in undefined behavior. You may want to copy the array to protect its data or make it writable before converting it to a tensor. This type of warning will be suppressed for the rest of this program. (Triggered internally at /__w/pytorch/pytorch/torch/csrc/utils/tensor_numpy.cpp:213.)
  return (torch.from_numpy(np.ascontiguousarray(x)),
/data/omar/m2/core/data.py:97: UserWarning: The given NumPy array is not writable, and PyTorch does not support non-writable tensors. This means writing to this tensor will result in undefined behavior. You may want to copy the array to protect its data or make it writable before converting it to a tensor. This type of warning will be suppressed for the rest of this program. (Triggered internally at /__w/pytorch/pytorch/torch/csrc/utils/tensor_numpy.cpp:213.)
  return (torch.from_numpy(np.ascontiguousarray(x)),
/data/omar/m2/core/data.py:97: UserWarning: The given NumPy array is not writable, and PyTorch does not support non-writable tensors. This means writing to this tensor will result in undefined behavior. You may want to copy the array to protect its data or make it writable before converting it to a tensor. This type of warning will be suppressed for the rest of this program. (Triggered internally at /__w/pytorch/pytorch/torch/csrc/utils/tensor_numpy.cpp:213.)
  return (torch.from_numpy(np.ascontiguousarray(x)),
/data/omar/m2/core/data.py:97: UserWarning: The given NumPy array is not writable, and PyTorch does not support non-writable tensors. This means writing to this tensor will result in undefined behavior. You may want to copy the array to protect its data or make it writable before converting it to a tensor. This type of warning will be suppressed for the rest of this program. (Triggered internally at /__w/pytorch/pytorch/torch/csrc/utils/tensor_numpy.cpp:213.)
  return (torch.from_numpy(np.ascontiguousarray(x)),
/data/omar/m2/core/data.py:97: UserWarning: The given NumPy array is not writable, and PyTorch does not support non-writable tensors. This means writing to this tensor will result in undefined behavior. You may want to copy the array to protect its data or make it writable before converting it to a tensor. This type of warning will be suppressed for the rest of this program. (Triggered internally at /__w/pytorch/pytorch/torch/csrc/utils/tensor_numpy.cpp:213.)
  return (torch.from_numpy(np.ascontiguousarray(x)),
/data/omar/m2/core/data.py:97: UserWarning: The given NumPy array is not writable, and PyTorch does not support non-writable tensors. This means writing to this tensor will result in undefined behavior. You may want to copy the array to protect its data or make it writable before converting it to a tensor. This type of warning will be suppressed for the rest of this program. (Triggered internally at /__w/pytorch/pytorch/torch/csrc/utils/tensor_numpy.cpp:213.)
  return (torch.from_numpy(np.ascontiguousarray(x)),
/data/omar/m2/core/data.py:97: UserWarning: The given NumPy array is not writable, and PyTorch does not support non-writable tensors. This means writing to this tensor will result in undefined behavior. You may want to copy the array to protect its data or make it writable before converting it to a tensor. This type of warning will be suppressed for the rest of this program. (Triggered internally at /__w/pytorch/pytorch/torch/csrc/utils/tensor_numpy.cpp:213.)
  return (torch.from_numpy(np.ascontiguousarray(x)),
19:35:32 ep 3 step 1600 loss 15.513 word 2.398 mean 23.404 sound 3.632 nb 1.614 lr x0.465 0.12s/step
19:35:42 ep 3 step 1700 loss 15.526 word 2.433 mean 23.354 sound 3.636 nb 1.628 lr x0.415 0.10s/step
19:35:52 ep 3 step 1800 loss 15.484 word 2.402 mean 23.328 sound 3.636 nb 1.636 lr x0.366 0.10s/step
19:36:02 ep 3 step 1900 loss 15.428 word 2.400 mean 23.227 sound 3.640 nb 1.611 lr x0.318 0.10s/step
19:36:12 ep 3 step 2000 loss 15.464 word 2.392 mean 23.305 sound 3.636 nb 1.642 lr x0.273 0.09s/step
/data/omar/m2/core/data.py:97: UserWarning: The given NumPy array is not writable, and PyTorch does not support non-writable tensors. This means writing to this tensor will result in undefined behavior. You may want to copy the array to protect its data or make it writable before converting it to a tensor. This type of warning will be suppressed for the rest of this program. (Triggered internally at /__w/pytorch/pytorch/torch/csrc/utils/tensor_numpy.cpp:213.)
  return (torch.from_numpy(np.ascontiguousarray(x)),
/data/omar/m2/core/data.py:97: UserWarning: The given NumPy array is not writable, and PyTorch does not support non-writable tensors. This means writing to this tensor will result in undefined behavior. You may want to copy the array to protect its data or make it writable before converting it to a tensor. This type of warning will be suppressed for the rest of this program. (Triggered internally at /__w/pytorch/pytorch/torch/csrc/utils/tensor_numpy.cpp:213.)
  return (torch.from_numpy(np.ascontiguousarray(x)),
/data/omar/m2/core/data.py:97: UserWarning: The given NumPy array is not writable, and PyTorch does not support non-writable tensors. This means writing to this tensor will result in undefined behavior. You may want to copy the array to protect its data or make it writable before converting it to a tensor. This type of warning will be suppressed for the rest of this program. (Triggered internally at /__w/pytorch/pytorch/torch/csrc/utils/tensor_numpy.cpp:213.)
  return (torch.from_numpy(np.ascontiguousarray(x)),
/data/omar/m2/core/data.py:97: UserWarning: The given NumPy array is not writable, and PyTorch does not support non-writable tensors. This means writing to this tensor will result in undefined behavior. You may want to copy the array to protect its data or make it writable before converting it to a tensor. This type of warning will be suppressed for the rest of this program. (Triggered internally at /__w/pytorch/pytorch/torch/csrc/utils/tensor_numpy.cpp:213.)
  return (torch.from_numpy(np.ascontiguousarray(x)),
/data/omar/m2/core/data.py:97: UserWarning: The given NumPy array is not writable, and PyTorch does not support non-writable tensors. This means writing to this tensor will result in undefined behavior. You may want to copy the array to protect its data or make it writable before converting it to a tensor. This type of warning will be suppressed for the rest of this program. (Triggered internally at /__w/pytorch/pytorch/torch/csrc/utils/tensor_numpy.cpp:213.)
  return (torch.from_numpy(np.ascontiguousarray(x)),
/data/omar/m2/core/data.py:97: UserWarning: The given NumPy array is not writable, and PyTorch does not support non-writable tensors. This means writing to this tensor will result in undefined behavior. You may want to copy the array to protect its data or make it writable before converting it to a tensor. This type of warning will be suppressed for the rest of this program. (Triggered internally at /__w/pytorch/pytorch/torch/csrc/utils/tensor_numpy.cpp:213.)
  return (torch.from_numpy(np.ascontiguousarray(x)),
/data/omar/m2/core/data.py:97: UserWarning: The given NumPy array is not writable, and PyTorch does not support non-writable tensors. This means writing to this tensor will result in undefined behavior. You may want to copy the array to protect its data or make it writable before converting it to a tensor. This type of warning will be suppressed for the rest of this program. (Triggered internally at /__w/pytorch/pytorch/torch/csrc/utils/tensor_numpy.cpp:213.)
  return (torch.from_numpy(np.ascontiguousarray(x)),
/data/omar/m2/core/data.py:97: UserWarning: The given NumPy array is not writable, and PyTorch does not support non-writable tensors. This means writing to this tensor will result in undefined behavior. You may want to copy the array to protect its data or make it writable before converting it to a tensor. This type of warning will be suppressed for the rest of this program. (Triggered internally at /__w/pytorch/pytorch/torch/csrc/utils/tensor_numpy.cpp:213.)
  return (torch.from_numpy(np.ascontiguousarray(x)),
19:36:14 == epoch 3 deep: bacc10 0.3321 bacc1 0.0444 grid 0.3321@(0.5, 0.0) | broad: bacc10 0.3060 bacc1 0.0495 grid 0.3263@(1.0, 0.0)
/data/omar/m2/core/data.py:97: UserWarning: The given NumPy array is not writable, and PyTorch does not support non-writable tensors. This means writing to this tensor will result in undefined behavior. You may want to copy the array to protect its data or make it writable before converting it to a tensor. This type of warning will be suppressed for the rest of this program. (Triggered internally at /__w/pytorch/pytorch/torch/csrc/utils/tensor_numpy.cpp:213.)
  return (torch.from_numpy(np.ascontiguousarray(x)),
/data/omar/m2/core/data.py:97: UserWarning: The given NumPy array is not writable, and PyTorch does not support non-writable tensors. This means writing to this tensor will result in undefined behavior. You may want to copy the array to protect its data or make it writable before converting it to a tensor. This type of warning will be suppressed for the rest of this program. (Triggered internally at /__w/pytorch/pytorch/torch/csrc/utils/tensor_numpy.cpp:213.)
  return (torch.from_numpy(np.ascontiguousarray(x)),
/data/omar/m2/core/data.py:97: UserWarning: The given NumPy array is not writable, and PyTorch does not support non-writable tensors. This means writing to this tensor will result in undefined behavior. You may want to copy the array to protect its data or make it writable before converting it to a tensor. This type of warning will be suppressed for the rest of this program. (Triggered internally at /__w/pytorch/pytorch/torch/csrc/utils/tensor_numpy.cpp:213.)
  return (torch.from_numpy(np.ascontiguousarray(x)),
/data/omar/m2/core/data.py:97: UserWarning: The given NumPy array is not writable, and PyTorch does not support non-writable tensors. This means writing to this tensor will result in undefined behavior. You may want to copy the array to protect its data or make it writable before converting it to a tensor. This type of warning will be suppressed for the rest of this program. (Triggered internally at /__w/pytorch/pytorch/torch/csrc/utils/tensor_numpy.cpp:213.)
  return (torch.from_numpy(np.ascontiguousarray(x)),
/data/omar/m2/core/data.py:97: UserWarning: The given NumPy array is not writable, and PyTorch does not support non-writable tensors. This means writing to this tensor will result in undefined behavior. You may want to copy the array to protect its data or make it writable before converting it to a tensor. This type of warning will be suppressed for the rest of this program. (Triggered internally at /__w/pytorch/pytorch/torch/csrc/utils/tensor_numpy.cpp:213.)
  return (torch.from_numpy(np.ascontiguousarray(x)),
/data/omar/m2/core/data.py:97: UserWarning: The given NumPy array is not writable, and PyTorch does not support non-writable tensors. This means writing to this tensor will result in undefined behavior. You may want to copy the array to protect its data or make it writable before converting it to a tensor. This type of warning will be suppressed for the rest of this program. (Triggered internally at /__w/pytorch/pytorch/torch/csrc/utils/tensor_numpy.cpp:213.)
  return (torch.from_numpy(np.ascontiguousarray(x)),
/data/omar/m2/core/data.py:97: UserWarning: The given NumPy array is not writable, and PyTorch does not support non-writable tensors. This means writing to this tensor will result in undefined behavior. You may want to copy the array to protect its data or make it writable before converting it to a tensor. This type of warning will be suppressed for the rest of this program. (Triggered internally at /__w/pytorch/pytorch/torch/csrc/utils/tensor_numpy.cpp:213.)
  return (torch.from_numpy(np.ascontiguousarray(x)),
/data/omar/m2/core/data.py:97: UserWarning: The given NumPy array is not writable, and PyTorch does not support non-writable tensors. This means writing to this tensor will result in undefined behavior. You may want to copy the array to protect its data or make it writable before converting it to a tensor. This type of warning will be suppressed for the rest of this program. (Triggered internally at /__w/pytorch/pytorch/torch/csrc/utils/tensor_numpy.cpp:213.)
  return (torch.from_numpy(np.ascontiguousarray(x)),
/data/omar/m2/core/data.py:97: UserWarning: The given NumPy array is not writable, and PyTorch does not support non-writable tensors. This means writing to this tensor will result in undefined behavior. You may want to copy the array to protect its data or make it writable before converting it to a tensor. This type of warning will be suppressed for the rest of this program. (Triggered internally at /__w/pytorch/pytorch/torch/csrc/utils/tensor_numpy.cpp:213.)
  return (torch.from_numpy(np.ascontiguousarray(x)),
/data/omar/m2/core/data.py:97: UserWarning: The given NumPy array is not writable, and PyTorch does not support non-writable tensors. This means writing to this tensor will result in undefined behavior. You may want to copy the array to protect its data or make it writable before converting it to a tensor. This type of warning will be suppressed for the rest of this program. (Triggered internally at /__w/pytorch/pytorch/torch/csrc/utils/tensor_numpy.cpp:213.)
  return (torch.from_numpy(np.ascontiguousarray(x)),
/data/omar/m2/core/data.py:97: UserWarning: The given NumPy array is not writable, and PyTorch does not support non-writable tensors. This means writing to this tensor will result in undefined behavior. You may want to copy the array to protect its data or make it writable before converting it to a tensor. This type of warning will be suppressed for the rest of this program. (Triggered internally at /__w/pytorch/pytorch/torch/csrc/utils/tensor_numpy.cpp:213.)
  return (torch.from_numpy(np.ascontiguousarray(x)),
/data/omar/m2/core/data.py:97: UserWarning: The given NumPy array is not writable, and PyTorch does not support non-writable tensors. This means writing to this tensor will result in undefined behavior. You may want to copy the array to protect its data or make it writable before converting it to a tensor. This type of warning will be suppressed for the rest of this program. (Triggered internally at /__w/pytorch/pytorch/torch/csrc/utils/tensor_numpy.cpp:213.)
  return (torch.from_numpy(np.ascontiguousarray(x)),
19:36:27 ep 4 step 2100 loss 15.359 word 2.403 mean 23.081 sound 3.636 nb 1.623 lr x0.230 0.11s/step
19:36:36 ep 4 step 2200 loss 15.289 word 2.393 mean 22.959 sound 3.633 nb 1.632 lr x0.191 0.10s/step
19:36:47 ep 4 step 2300 loss 15.268 word 2.392 mean 22.919 sound 3.637 nb 1.630 lr x0.155 0.10s/step
19:36:56 ep 4 step 2400 loss 15.280 word 2.396 mean 22.935 sound 3.635 nb 1.632 lr x0.123 0.10s/step
19:37:05 ep 4 step 2500 loss 15.327 word 2.398 mean 23.024 sound 3.639 nb 1.626 lr x0.095 0.09s/step
/data/omar/m2/core/data.py:97: UserWarning: The given NumPy array is not writable, and PyTorch does not support non-writable tensors. This means writing to this tensor will result in undefined behavior. You may want to copy the array to protect its data or make it writable before converting it to a tensor. This type of warning will be suppressed for the rest of this program. (Triggered internally at /__w/pytorch/pytorch/torch/csrc/utils/tensor_numpy.cpp:213.)
  return (torch.from_numpy(np.ascontiguousarray(x)),
/data/omar/m2/core/data.py:97: UserWarning: The given NumPy array is not writable, and PyTorch does not support non-writable tensors. This means writing to this tensor will result in undefined behavior. You may want to copy the array to protect its data or make it writable before converting it to a tensor. This type of warning will be suppressed for the rest of this program. (Triggered internally at /__w/pytorch/pytorch/torch/csrc/utils/tensor_numpy.cpp:213.)
  return (torch.from_numpy(np.ascontiguousarray(x)),
/data/omar/m2/core/data.py:97: UserWarning: The given NumPy array is not writable, and PyTorch does not support non-writable tensors. This means writing to this tensor will result in undefined behavior. You may want to copy the array to protect its data or make it writable before converting it to a tensor. This type of warning will be suppressed for the rest of this program. (Triggered internally at /__w/pytorch/pytorch/torch/csrc/utils/tensor_numpy.cpp:213.)
  return (torch.from_numpy(np.ascontiguousarray(x)),
/data/omar/m2/core/data.py:97: UserWarning: The given NumPy array is not writable, and PyTorch does not support non-writable tensors. This means writing to this tensor will result in undefined behavior. You may want to copy the array to protect its data or make it writable before converting it to a tensor. This type of warning will be suppressed for the rest of this program. (Triggered internally at /__w/pytorch/pytorch/torch/csrc/utils/tensor_numpy.cpp:213.)
  return (torch.from_numpy(np.ascontiguousarray(x)),
/data/omar/m2/core/data.py:97: UserWarning: The given NumPy array is not writable, and PyTorch does not support non-writable tensors. This means writing to this tensor will result in undefined behavior. You may want to copy the array to protect its data or make it writable before converting it to a tensor. This type of warning will be suppressed for the rest of this program. (Triggered internally at /__w/pytorch/pytorch/torch/csrc/utils/tensor_numpy.cpp:213.)
  return (torch.from_numpy(np.ascontiguousarray(x)),
/data/omar/m2/core/data.py:97: UserWarning: The given NumPy array is not writable, and PyTorch does not support non-writable tensors. This means writing to this tensor will result in undefined behavior. You may want to copy the array to protect its data or make it writable before converting it to a tensor. This type of warning will be suppressed for the rest of this program. (Triggered internally at /__w/pytorch/pytorch/torch/csrc/utils/tensor_numpy.cpp:213.)
  return (torch.from_numpy(np.ascontiguousarray(x)),
/data/omar/m2/core/data.py:97: UserWarning: The given NumPy array is not writable, and PyTorch does not support non-writable tensors. This means writing to this tensor will result in undefined behavior. You may want to copy the array to protect its data or make it writable before converting it to a tensor. This type of warning will be suppressed for the rest of this program. (Triggered internally at /__w/pytorch/pytorch/torch/csrc/utils/tensor_numpy.cpp:213.)
  return (torch.from_numpy(np.ascontiguousarray(x)),
/data/omar/m2/core/data.py:97: UserWarning: The given NumPy array is not writable, and PyTorch does not support non-writable tensors. This means writing to this tensor will result in undefined behavior. You may want to copy the array to protect its data or make it writable before converting it to a tensor. This type of warning will be suppressed for the rest of this program. (Triggered internally at /__w/pytorch/pytorch/torch/csrc/utils/tensor_numpy.cpp:213.)
  return (torch.from_numpy(np.ascontiguousarray(x)),
19:37:08 == epoch 4 deep: bacc10 0.3385 bacc1 0.0428 grid 0.3385@(0.5, 0.0) | broad: bacc10 0.3014 bacc1 0.0531 grid 0.3250@(1.0, 0.0)
/data/omar/m2/core/data.py:97: UserWarning: The given NumPy array is not writable, and PyTorch does not support non-writable tensors. This means writing to this tensor will result in undefined behavior. You may want to copy the array to protect its data or make it writable before converting it to a tensor. This type of warning will be suppressed for the rest of this program. (Triggered internally at /__w/pytorch/pytorch/torch/csrc/utils/tensor_numpy.cpp:213.)
  return (torch.from_numpy(np.ascontiguousarray(x)),
/data/omar/m2/core/data.py:97: UserWarning: The given NumPy array is not writable, and PyTorch does not support non-writable tensors. This means writing to this tensor will result in undefined behavior. You may want to copy the array to protect its data or make it writable before converting it to a tensor. This type of warning will be suppressed for the rest of this program. (Triggered internally at /__w/pytorch/pytorch/torch/csrc/utils/tensor_numpy.cpp:213.)
  return (torch.from_numpy(np.ascontiguousarray(x)),
/data/omar/m2/core/data.py:97: UserWarning: The given NumPy array is not writable, and PyTorch does not support non-writable tensors. This means writing to this tensor will result in undefined behavior. You may want to copy the array to protect its data or make it writable before converting it to a tensor. This type of warning will be suppressed for the rest of this program. (Triggered internally at /__w/pytorch/pytorch/torch/csrc/utils/tensor_numpy.cpp:213.)
  return (torch.from_numpy(np.ascontiguousarray(x)),
/data/omar/m2/core/data.py:97: UserWarning: The given NumPy array is not writable, and PyTorch does not support non-writable tensors. This means writing to this tensor will result in undefined behavior. You may want to copy the array to protect its data or make it writable before converting it to a tensor. This type of warning will be suppressed for the rest of this program. (Triggered internally at /__w/pytorch/pytorch/torch/csrc/utils/tensor_numpy.cpp:213.)
  return (torch.from_numpy(np.ascontiguousarray(x)),
/data/omar/m2/core/data.py:97: UserWarning: The given NumPy array is not writable, and PyTorch does not support non-writable tensors. This means writing to this tensor will result in undefined behavior. You may want to copy the array to protect its data or make it writable before converting it to a tensor. This type of warning will be suppressed for the rest of this program. (Triggered internally at /__w/pytorch/pytorch/torch/csrc/utils/tensor_numpy.cpp:213.)
  return (torch.from_numpy(np.ascontiguousarray(x)),
/data/omar/m2/core/data.py:97: UserWarning: The given NumPy array is not writable, and PyTorch does not support non-writable tensors. This means writing to this tensor will result in undefined behavior. You may want to copy the array to protect its data or make it writable before converting it to a tensor. This type of warning will be suppressed for the rest of this program. (Triggered internally at /__w/pytorch/pytorch/torch/csrc/utils/tensor_numpy.cpp:213.)
  return (torch.from_numpy(np.ascontiguousarray(x)),
/data/omar/m2/core/data.py:97: UserWarning: The given NumPy array is not writable, and PyTorch does not support non-writable tensors. This means writing to this tensor will result in undefined behavior. You may want to copy the array to protect its data or make it writable before converting it to a tensor. This type of warning will be suppressed for the rest of this program. (Triggered internally at /__w/pytorch/pytorch/torch/csrc/utils/tensor_numpy.cpp:213.)
  return (torch.from_numpy(np.ascontiguousarray(x)),
/data/omar/m2/core/data.py:97: UserWarning: The given NumPy array is not writable, and PyTorch does not support non-writable tensors. This means writing to this tensor will result in undefined behavior. You may want to copy the array to protect its data or make it writable before converting it to a tensor. This type of warning will be suppressed for the rest of this program. (Triggered internally at /__w/pytorch/pytorch/torch/csrc/utils/tensor_numpy.cpp:213.)
  return (torch.from_numpy(np.ascontiguousarray(x)),
/data/omar/m2/core/data.py:97: UserWarning: The given NumPy array is not writable, and PyTorch does not support non-writable tensors. This means writing to this tensor will result in undefined behavior. You may want to copy the array to protect its data or make it writable before converting it to a tensor. This type of warning will be suppressed for the rest of this program. (Triggered internally at /__w/pytorch/pytorch/torch/csrc/utils/tensor_numpy.cpp:213.)
  return (torch.from_numpy(np.ascontiguousarray(x)),
/data/omar/m2/core/data.py:97: UserWarning: The given NumPy array is not writable, and PyTorch does not support non-writable tensors. This means writing to this tensor will result in undefined behavior. You may want to copy the array to protect its data or make it writable before converting it to a tensor. This type of warning will be suppressed for the rest of this program. (Triggered internally at /__w/pytorch/pytorch/torch/csrc/utils/tensor_numpy.cpp:213.)
  return (torch.from_numpy(np.ascontiguousarray(x)),
/data/omar/m2/core/data.py:97: UserWarning: The given NumPy array is not writable, and PyTorch does not support non-writable tensors. This means writing to this tensor will result in undefined behavior. You may want to copy the array to protect its data or make it writable before converting it to a tensor. This type of warning will be suppressed for the rest of this program. (Triggered internally at /__w/pytorch/pytorch/torch/csrc/utils/tensor_numpy.cpp:213.)
  return (torch.from_numpy(np.ascontiguousarray(x)),
/data/omar/m2/core/data.py:97: UserWarning: The given NumPy array is not writable, and PyTorch does not support non-writable tensors. This means writing to this tensor will result in undefined behavior. You may want to copy the array to protect its data or make it writable before converting it to a tensor. This type of warning will be suppressed for the rest of this program. (Triggered internally at /__w/pytorch/pytorch/torch/csrc/utils/tensor_numpy.cpp:213.)
  return (torch.from_numpy(np.ascontiguousarray(x)),
19:37:21 ep 5 step 2600 loss 15.095 word 2.399 mean 22.562 sound 3.635 nb 1.626 lr x0.072 0.11s/step
19:37:31 ep 5 step 2700 loss 15.293 word 2.408 mean 22.933 sound 3.642 nb 1.631 lr x0.054 0.10s/step
19:37:41 ep 5 step 2800 loss 15.250 word 2.381 mean 22.913 sound 3.632 nb 1.614 lr x0.041 0.10s/step
19:37:51 ep 5 step 2900 loss 15.320 word 2.411 mean 22.988 sound 3.636 nb 1.616 lr x0.033 0.10s/step
19:38:00 ep 5 step 3000 loss 15.276 word 2.391 mean 22.941 sound 3.635 nb 1.624 lr x0.030 0.09s/step
/data/omar/m2/core/data.py:97: UserWarning: The given NumPy array is not writable, and PyTorch does not support non-writable tensors. This means writing to this tensor will result in undefined behavior. You may want to copy the array to protect its data or make it writable before converting it to a tensor. This type of warning will be suppressed for the rest of this program. (Triggered internally at /__w/pytorch/pytorch/torch/csrc/utils/tensor_numpy.cpp:213.)
  return (torch.from_numpy(np.ascontiguousarray(x)),
/data/omar/m2/core/data.py:97: UserWarning: The given NumPy array is not writable, and PyTorch does not support non-writable tensors. This means writing to this tensor will result in undefined behavior. You may want to copy the array to protect its data or make it writable before converting it to a tensor. This type of warning will be suppressed for the rest of this program. (Triggered internally at /__w/pytorch/pytorch/torch/csrc/utils/tensor_numpy.cpp:213.)
  return (torch.from_numpy(np.ascontiguousarray(x)),
/data/omar/m2/core/data.py:97: UserWarning: The given NumPy array is not writable, and PyTorch does not support non-writable tensors. This means writing to this tensor will result in undefined behavior. You may want to copy the array to protect its data or make it writable before converting it to a tensor. This type of warning will be suppressed for the rest of this program. (Triggered internally at /__w/pytorch/pytorch/torch/csrc/utils/tensor_numpy.cpp:213.)
  return (torch.from_numpy(np.ascontiguousarray(x)),
/data/omar/m2/core/data.py:97: UserWarning: The given NumPy array is not writable, and PyTorch does not support non-writable tensors. This means writing to this tensor will result in undefined behavior. You may want to copy the array to protect its data or make it writable before converting it to a tensor. This type of warning will be suppressed for the rest of this program. (Triggered internally at /__w/pytorch/pytorch/torch/csrc/utils/tensor_numpy.cpp:213.)
  return (torch.from_numpy(np.ascontiguousarray(x)),
/data/omar/m2/core/data.py:97: UserWarning: The given NumPy array is not writable, and PyTorch does not support non-writable tensors. This means writing to this tensor will result in undefined behavior. You may want to copy the array to protect its data or make it writable before converting it to a tensor. This type of warning will be suppressed for the rest of this program. (Triggered internally at /__w/pytorch/pytorch/torch/csrc/utils/tensor_numpy.cpp:213.)
  return (torch.from_numpy(np.ascontiguousarray(x)),
/data/omar/m2/core/data.py:97: UserWarning: The given NumPy array is not writable, and PyTorch does not support non-writable tensors. This means writing to this tensor will result in undefined behavior. You may want to copy the array to protect its data or make it writable before converting it to a tensor. This type of warning will be suppressed for the rest of this program. (Triggered internally at /__w/pytorch/pytorch/torch/csrc/utils/tensor_numpy.cpp:213.)
  return (torch.from_numpy(np.ascontiguousarray(x)),
/data/omar/m2/core/data.py:97: UserWarning: The given NumPy array is not writable, and PyTorch does not support non-writable tensors. This means writing to this tensor will result in undefined behavior. You may want to copy the array to protect its data or make it writable before converting it to a tensor. This type of warning will be suppressed for the rest of this program. (Triggered internally at /__w/pytorch/pytorch/torch/csrc/utils/tensor_numpy.cpp:213.)
  return (torch.from_numpy(np.ascontiguousarray(x)),
/data/omar/m2/core/data.py:97: UserWarning: The given NumPy array is not writable, and PyTorch does not support non-writable tensors. This means writing to this tensor will result in undefined behavior. You may want to copy the array to protect its data or make it writable before converting it to a tensor. This type of warning will be suppressed for the rest of this program. (Triggered internally at /__w/pytorch/pytorch/torch/csrc/utils/tensor_numpy.cpp:213.)
  return (torch.from_numpy(np.ascontiguousarray(x)),
19:38:03 == epoch 5 deep: bacc10 0.3383 bacc1 0.0428 grid 0.3383@(0.5, 0.0) | broad: bacc10 0.3028 bacc1 0.0523 grid 0.3229@(1.0, 0.0)
19:38:03 done. best broad bacc10 0.3200
19:38:08 2321 labelled rows (deep, split 1)
/data/omar/m2/core/data.py:97: UserWarning: The given NumPy array is not writable, and PyTorch does not support non-writable tensors. This means writing to this tensor will result in undefined behavior. You may want to copy the array to protect its data or make it writable before converting it to a tensor. This type of warning will be suppressed for the rest of this program. (Triggered internally at /__w/pytorch/pytorch/torch/csrc/utils/tensor_numpy.cpp:213.)
  return (torch.from_numpy(np.ascontiguousarray(x)),
/data/omar/m2/core/data.py:97: UserWarning: The given NumPy array is not writable, and PyTorch does not support non-writable tensors. This means writing to this tensor will result in undefined behavior. You may want to copy the array to protect its data or make it writable before converting it to a tensor. This type of warning will be suppressed for the rest of this program. (Triggered internally at /__w/pytorch/pytorch/torch/csrc/utils/tensor_numpy.cpp:213.)
  return (torch.from_numpy(np.ascontiguousarray(x)),
/data/omar/m2/core/data.py:97: UserWarning: The given NumPy array is not writable, and PyTorch does not support non-writable tensors. This means writing to this tensor will result in undefined behavior. You may want to copy the array to protect its data or make it writable before converting it to a tensor. This type of warning will be suppressed for the rest of this program. (Triggered internally at /__w/pytorch/pytorch/torch/csrc/utils/tensor_numpy.cpp:213.)
  return (torch.from_numpy(np.ascontiguousarray(x)),
/data/omar/m2/core/data.py:97: UserWarning: The given NumPy array is not writable, and PyTorch does not support non-writable tensors. This means writing to this tensor will result in undefined behavior. You may want to copy the array to protect its data or make it writable before converting it to a tensor. This type of warning will be suppressed for the rest of this program. (Triggered internally at /__w/pytorch/pytorch/torch/csrc/utils/tensor_numpy.cpp:213.)
  return (torch.from_numpy(np.ascontiguousarray(x)),
19:38:09 member d/r/j1d/best.pt: bacc10 0.3331 (lam .5, tau 0)
19:38:09 ensemble of 1: bacc10 0.3436 bacc1 0.0573 at lam 2.0 tau 0.75
19:38:09 -> /data/omar/m2/d/o/calib_deep.json
19:38:12 6924 labelled rows (broad, split 1)
/data/omar/m2/core/data.py:97: UserWarning: The given NumPy array is not writable, and PyTorch does not support non-writable tensors. This means writing to this tensor will result in undefined behavior. You may want to copy the array to protect its data or make it writable before converting it to a tensor. This type of warning will be suppressed for the rest of this program. (Triggered internally at /__w/pytorch/pytorch/torch/csrc/utils/tensor_numpy.cpp:213.)
  return (torch.from_numpy(np.ascontiguousarray(x)),
/data/omar/m2/core/data.py:97: UserWarning: The given NumPy array is not writable, and PyTorch does not support non-writable tensors. This means writing to this tensor will result in undefined behavior. You may want to copy the array to protect its data or make it writable before converting it to a tensor. This type of warning will be suppressed for the rest of this program. (Triggered internally at /__w/pytorch/pytorch/torch/csrc/utils/tensor_numpy.cpp:213.)
  return (torch.from_numpy(np.ascontiguousarray(x)),
/data/omar/m2/core/data.py:97: UserWarning: The given NumPy array is not writable, and PyTorch does not support non-writable tensors. This means writing to this tensor will result in undefined behavior. You may want to copy the array to protect its data or make it writable before converting it to a tensor. This type of warning will be suppressed for the rest of this program. (Triggered internally at /__w/pytorch/pytorch/torch/csrc/utils/tensor_numpy.cpp:213.)
  return (torch.from_numpy(np.ascontiguousarray(x)),
/data/omar/m2/core/data.py:97: UserWarning: The given NumPy array is not writable, and PyTorch does not support non-writable tensors. This means writing to this tensor will result in undefined behavior. You may want to copy the array to protect its data or make it writable before converting it to a tensor. This type of warning will be suppressed for the rest of this program. (Triggered internally at /__w/pytorch/pytorch/torch/csrc/utils/tensor_numpy.cpp:213.)
  return (torch.from_numpy(np.ascontiguousarray(x)),
19:38:14 member d/r/j1b/best.pt: bacc10 0.3200 (lam .5, tau 0)
19:38:14 ensemble of 1: bacc10 0.3517 bacc1 0.0481 at lam 1.0 tau -0.5
19:38:14 -> /data/omar/m2/d/o/calib_broad.json
19:38:16 lam 2.0 tau 0.75
19:38:16 preparing 960 scoring windows for deep
/data/omar/m2/core/ho.py:73: UserWarning: The given NumPy array is not writable, and PyTorch does not support non-writable tensors. This means writing to this tensor will result in undefined behavior. You may want to copy the array to protect its data or make it writable before converting it to a tensor. This type of warning will be suppressed for the rest of this program. (Triggered internally at /__w/pytorch/pytorch/torch/csrc/utils/tensor_numpy.cpp:213.)
  yield torch.from_numpy(np.ascontiguousarray(x[a:a + bs])), torch.as_tensor(sid[a:a + bs], dtype=torch.long)
19:38:22 member d/r/j1d/best.pt done
19:38:22 wrote /data/omar/m2/d/o/sub_deep_j1.csv: 960 rows; top-1 picks cover 25 of 50 words
19:38:24 lam 1.0 tau -0.5
19:38:24 preparing 37439 scoring windows for broad
/data/omar/m2/core/ho.py:73: UserWarning: The given NumPy array is not writable, and PyTorch does not support non-writable tensors. This means writing to this tensor will result in undefined behavior. You may want to copy the array to protect its data or make it writable before converting it to a tensor. This type of warning will be suppressed for the rest of this program. (Triggered internally at /__w/pytorch/pytorch/torch/csrc/utils/tensor_numpy.cpp:213.)
  yield torch.from_numpy(np.ascontiguousarray(x[a:a + bs])), torch.as_tensor(sid[a:a + bs], dtype=torch.long)
19:41:40 member d/r/j1b/best.pt done
19:41:42 wrote /data/omar/m2/d/o/sub_broad_j1.csv: 37439 rows; top-1 picks cover 31 of 50 words
SUBMISSION FILES READY
19:41:44 params 16.6M, trainable 16.6M, device cuda
19:41:44 train rows 889659, val deep 5952, val broad 17940
/data/omar/m2/core/data.py:97: UserWarning: The given NumPy array is not writable, and PyTorch does not support non-writable tensors. This means writing to this tensor will result in undefined behavior. You may want to copy the array to protect its data or make it writable before converting it to a tensor. This type of warning will be suppressed for the rest of this program. (Triggered internally at /__w/pytorch/pytorch/torch/csrc/utils/tensor_numpy.cpp:213.)
  return (torch.from_numpy(np.ascontiguousarray(x)),
/data/omar/m2/core/data.py:97: UserWarning: The given NumPy array is not writable, and PyTorch does not support non-writable tensors. This means writing to this tensor will result in undefined behavior. You may want to copy the array to protect its data or make it writable before converting it to a tensor. This type of warning will be suppressed for the rest of this program. (Triggered internally at /__w/pytorch/pytorch/torch/csrc/utils/tensor_numpy.cpp:213.)
  return (torch.from_numpy(np.ascontiguousarray(x)),
/data/omar/m2/core/data.py:97: UserWarning: The given NumPy array is not writable, and PyTorch does not support non-writable tensors. This means writing to this tensor will result in undefined behavior. You may want to copy the array to protect its data or make it writable before converting it to a tensor. This type of warning will be suppressed for the rest of this program. (Triggered internally at /__w/pytorch/pytorch/torch/csrc/utils/tensor_numpy.cpp:213.)
  return (torch.from_numpy(np.ascontiguousarray(x)),
/data/omar/m2/core/data.py:97: UserWarning: The given NumPy array is not writable, and PyTorch does not support non-writable tensors. This means writing to this tensor will result in undefined behavior. You may want to copy the array to protect its data or make it writable before converting it to a tensor. This type of warning will be suppressed for the rest of this program. (Triggered internally at /__w/pytorch/pytorch/torch/csrc/utils/tensor_numpy.cpp:213.)
  return (torch.from_numpy(np.ascontiguousarray(x)),
/data/omar/m2/core/data.py:97: UserWarning: The given NumPy array is not writable, and PyTorch does not support non-writable tensors. This means writing to this tensor will result in undefined behavior. You may want to copy the array to protect its data or make it writable before converting it to a tensor. This type of warning will be suppressed for the rest of this program. (Triggered internally at /__w/pytorch/pytorch/torch/csrc/utils/tensor_numpy.cpp:213.)
  return (torch.from_numpy(np.ascontiguousarray(x)),
/data/omar/m2/core/data.py:97: UserWarning: The given NumPy array is not writable, and PyTorch does not support non-writable tensors. This means writing to this tensor will result in undefined behavior. You may want to copy the array to protect its data or make it writable before converting it to a tensor. This type of warning will be suppressed for the rest of this program. (Triggered internally at /__w/pytorch/pytorch/torch/csrc/utils/tensor_numpy.cpp:213.)
  return (torch.from_numpy(np.ascontiguousarray(x)),
/data/omar/m2/core/data.py:97: UserWarning: The given NumPy array is not writable, and PyTorch does not support non-writable tensors. This means writing to this tensor will result in undefined behavior. You may want to copy the array to protect its data or make it writable before converting it to a tensor. This type of warning will be suppressed for the rest of this program. (Triggered internally at /__w/pytorch/pytorch/torch/csrc/utils/tensor_numpy.cpp:213.)
  return (torch.from_numpy(np.ascontiguousarray(x)),
/data/omar/m2/core/data.py:97: UserWarning: The given NumPy array is not writable, and PyTorch does not support non-writable tensors. This means writing to this tensor will result in undefined behavior. You may want to copy the array to protect its data or make it writable before converting it to a tensor. This type of warning will be suppressed for the rest of this program. (Triggered internally at /__w/pytorch/pytorch/torch/csrc/utils/tensor_numpy.cpp:213.)
  return (torch.from_numpy(np.ascontiguousarray(x)),
/data/omar/m2/core/data.py:97: UserWarning: The given NumPy array is not writable, and PyTorch does not support non-writable tensors. This means writing to this tensor will result in undefined behavior. You may want to copy the array to protect its data or make it writable before converting it to a tensor. This type of warning will be suppressed for the rest of this program. (Triggered internally at /__w/pytorch/pytorch/torch/csrc/utils/tensor_numpy.cpp:213.)
  return (torch.from_numpy(np.ascontiguousarray(x)),
/data/omar/m2/core/data.py:97: UserWarning: The given NumPy array is not writable, and PyTorch does not support non-writable tensors. This means writing to this tensor will result in undefined behavior. You may want to copy the array to protect its data or make it writable before converting it to a tensor. This type of warning will be suppressed for the rest of this program. (Triggered internally at /__w/pytorch/pytorch/torch/csrc/utils/tensor_numpy.cpp:213.)
  return (torch.from_numpy(np.ascontiguousarray(x)),
/data/omar/m2/core/data.py:97: UserWarning: The given NumPy array is not writable, and PyTorch does not support non-writable tensors. This means writing to this tensor will result in undefined behavior. You may want to copy the array to protect its data or make it writable before converting it to a tensor. This type of warning will be suppressed for the rest of this program. (Triggered internally at /__w/pytorch/pytorch/torch/csrc/utils/tensor_numpy.cpp:213.)
  return (torch.from_numpy(np.ascontiguousarray(x)),
/data/omar/m2/core/data.py:97: UserWarning: The given NumPy array is not writable, and PyTorch does not support non-writable tensors. This means writing to this tensor will result in undefined behavior. You may want to copy the array to protect its data or make it writable before converting it to a tensor. This type of warning will be suppressed for the rest of this program. (Triggered internally at /__w/pytorch/pytorch/torch/csrc/utils/tensor_numpy.cpp:213.)
  return (torch.from_numpy(np.ascontiguousarray(x)),
19:42:03 ep 0 step 100 loss 31.124 word 3.546 mean 51.054 sound 4.294 nb 3.816 lr x0.100 0.18s/step
19:42:15 ep 0 step 200 loss 23.550 word 3.455 mean 37.016 sound 3.867 nb 2.133 lr x0.200 0.12s/step
19:42:27 ep 0 step 300 loss 23.290 word 3.462 mean 36.568 sound 3.813 nb 1.999 lr x0.300 0.12s/step
19:42:39 ep 0 step 400 loss 23.423 word 3.457 mean 36.876 sound 3.782 nb 1.968 lr x0.400 0.12s/step
19:42:51 ep 0 step 500 loss 23.428 word 3.449 mean 36.912 sound 3.765 nb 1.966 lr x0.499 0.12s/step
19:43:03 ep 0 step 600 loss 23.551 word 3.442 mean 37.181 sound 3.758 nb 1.954 lr x0.599 0.12s/step
19:43:15 ep 0 step 700 loss 23.534 word 3.425 mean 37.183 sound 3.757 nb 1.954 lr x0.699 0.12s/step
19:43:27 ep 0 step 800 loss 23.135 word 3.431 mean 36.371 sound 3.756 nb 1.956 lr x0.798 0.12s/step
19:43:38 ep 0 step 900 loss 23.310 word 3.418 mean 36.754 sound 3.751 nb 1.949 lr x0.897 0.12s/step
19:43:50 ep 0 step 1000 loss 23.280 word 3.413 mean 36.702 sound 3.750 nb 1.951 lr x0.996 0.12s/step
19:44:02 ep 0 step 1100 loss 22.899 word 3.421 mean 35.925 sound 3.752 nb 1.950 lr x0.995 0.12s/step
19:44:14 ep 0 step 1200 loss 23.093 word 3.414 mean 36.327 sound 3.751 nb 1.953 lr x0.994 0.12s/step
19:44:26 ep 0 step 1300 loss 23.123 word 3.413 mean 36.390 sound 3.746 nb 1.955 lr x0.993 0.12s/step
19:44:38 ep 0 step 1400 loss 22.816 word 3.411 mean 35.785 sound 3.745 nb 1.945 lr x0.992 0.12s/step
19:44:50 ep 0 step 1500 loss 22.967 word 3.405 mean 36.096 sound 3.748 nb 1.943 lr x0.991 0.12s/step
19:45:01 ep 0 step 1600 loss 22.862 word 3.406 mean 35.893 sound 3.743 nb 1.936 lr x0.989 0.12s/step
19:45:14 ep 0 step 1700 loss 22.811 word 3.403 mean 35.788 sound 3.741 nb 1.955 lr x0.988 0.12s/step
19:45:25 ep 0 step 1800 loss 23.037 word 3.391 mean 36.274 sound 3.732 nb 1.945 lr x0.987 0.12s/step
19:45:37 ep 0 step 1900 loss 22.824 word 3.397 mean 35.834 sound 3.739 nb 1.938 lr x0.985 0.12s/step
19:45:48 ep 0 step 2000 loss 22.826 word 3.394 mean 35.845 sound 3.738 nb 1.944 lr x0.983 0.11s/step
/data/omar/m2/core/data.py:97: UserWarning: The given NumPy array is not writable, and PyTorch does not support non-writable tensors. This means writing to this tensor will result in undefined behavior. You may want to copy the array to protect its data or make it writable before converting it to a tensor. This type of warning will be suppressed for the rest of this program. (Triggered internally at /__w/pytorch/pytorch/torch/csrc/utils/tensor_numpy.cpp:213.)
  return (torch.from_numpy(np.ascontiguousarray(x)),
/data/omar/m2/core/data.py:97: UserWarning: The given NumPy array is not writable, and PyTorch does not support non-writable tensors. This means writing to this tensor will result in undefined behavior. You may want to copy the array to protect its data or make it writable before converting it to a tensor. This type of warning will be suppressed for the rest of this program. (Triggered internally at /__w/pytorch/pytorch/torch/csrc/utils/tensor_numpy.cpp:213.)
  return (torch.from_numpy(np.ascontiguousarray(x)),
/data/omar/m2/core/data.py:97: UserWarning: The given NumPy array is not writable, and PyTorch does not support non-writable tensors. This means writing to this tensor will result in undefined behavior. You may want to copy the array to protect its data or make it writable before converting it to a tensor. This type of warning will be suppressed for the rest of this program. (Triggered internally at /__w/pytorch/pytorch/torch/csrc/utils/tensor_numpy.cpp:213.)
  return (torch.from_numpy(np.ascontiguousarray(x)),
/data/omar/m2/core/data.py:97: UserWarning: The given NumPy array is not writable, and PyTorch does not support non-writable tensors. This means writing to this tensor will result in undefined behavior. You may want to copy the array to protect its data or make it writable before converting it to a tensor. This type of warning will be suppressed for the rest of this program. (Triggered internally at /__w/pytorch/pytorch/torch/csrc/utils/tensor_numpy.cpp:213.)
  return (torch.from_numpy(np.ascontiguousarray(x)),
/data/omar/m2/core/data.py:97: UserWarning: The given NumPy array is not writable, and PyTorch does not support non-writable tensors. This means writing to this tensor will result in undefined behavior. You may want to copy the array to protect its data or make it writable before converting it to a tensor. This type of warning will be suppressed for the rest of this program. (Triggered internally at /__w/pytorch/pytorch/torch/csrc/utils/tensor_numpy.cpp:213.)
  return (torch.from_numpy(np.ascontiguousarray(x)),
/data/omar/m2/core/data.py:97: UserWarning: The given NumPy array is not writable, and PyTorch does not support non-writable tensors. This means writing to this tensor will result in undefined behavior. You may want to copy the array to protect its data or make it writable before converting it to a tensor. This type of warning will be suppressed for the rest of this program. (Triggered internally at /__w/pytorch/pytorch/torch/csrc/utils/tensor_numpy.cpp:213.)
  return (torch.from_numpy(np.ascontiguousarray(x)),
/data/omar/m2/core/data.py:97: UserWarning: The given NumPy array is not writable, and PyTorch does not support non-writable tensors. This means writing to this tensor will result in undefined behavior. You may want to copy the array to protect its data or make it writable before converting it to a tensor. This type of warning will be suppressed for the rest of this program. (Triggered internally at /__w/pytorch/pytorch/torch/csrc/utils/tensor_numpy.cpp:213.)
  return (torch.from_numpy(np.ascontiguousarray(x)),
/data/omar/m2/core/data.py:97: UserWarning: The given NumPy array is not writable, and PyTorch does not support non-writable tensors. This means writing to this tensor will result in undefined behavior. You may want to copy the array to protect its data or make it writable before converting it to a tensor. This type of warning will be suppressed for the rest of this program. (Triggered internally at /__w/pytorch/pytorch/torch/csrc/utils/tensor_numpy.cpp:213.)
  return (torch.from_numpy(np.ascontiguousarray(x)),
19:45:52 == epoch 0 deep: bacc10 0.2321 bacc1 0.0325 grid 0.2355@(1.0, 0.0) | broad: bacc10 0.2928 bacc1 0.0386 grid 0.3084@(1.0, 0.0)
19:45:53 new best 0.2625 -> /data/omar/m2/d/r/r1/best.pt
/data/omar/m2/core/data.py:97: UserWarning: The given NumPy array is not writable, and PyTorch does not support non-writable tensors. This means writing to this tensor will result in undefined behavior. You may want to copy the array to protect its data or make it writable before converting it to a tensor. This type of warning will be suppressed for the rest of this program. (Triggered internally at /__w/pytorch/pytorch/torch/csrc/utils/tensor_numpy.cpp:213.)
  return (torch.from_numpy(np.ascontiguousarray(x)),
/data/omar/m2/core/data.py:97: UserWarning: The given NumPy array is not writable, and PyTorch does not support non-writable tensors. This means writing to this tensor will result in undefined behavior. You may want to copy the array to protect its data or make it writable before converting it to a tensor. This type of warning will be suppressed for the rest of this program. (Triggered internally at /__w/pytorch/pytorch/torch/csrc/utils/tensor_numpy.cpp:213.)
  return (torch.from_numpy(np.ascontiguousarray(x)),
/data/omar/m2/core/data.py:97: UserWarning: The given NumPy array is not writable, and PyTorch does not support non-writable tensors. This means writing to this tensor will result in undefined behavior. You may want to copy the array to protect its data or make it writable before converting it to a tensor. This type of warning will be suppressed for the rest of this program. (Triggered internally at /__w/pytorch/pytorch/torch/csrc/utils/tensor_numpy.cpp:213.)
  return (torch.from_numpy(np.ascontiguousarray(x)),
/data/omar/m2/core/data.py:97: UserWarning: The given NumPy array is not writable, and PyTorch does not support non-writable tensors. This means writing to this tensor will result in undefined behavior. You may want to copy the array to protect its data or make it writable before converting it to a tensor. This type of warning will be suppressed for the rest of this program. (Triggered internally at /__w/pytorch/pytorch/torch/csrc/utils/tensor_numpy.cpp:213.)
  return (torch.from_numpy(np.ascontiguousarray(x)),
/data/omar/m2/core/data.py:97: UserWarning: The given NumPy array is not writable, and PyTorch does not support non-writable tensors. This means writing to this tensor will result in undefined behavior. You may want to copy the array to protect its data or make it writable before converting it to a tensor. This type of warning will be suppressed for the rest of this program. (Triggered internally at /__w/pytorch/pytorch/torch/csrc/utils/tensor_numpy.cpp:213.)
  return (torch.from_numpy(np.ascontiguousarray(x)),
/data/omar/m2/core/data.py:97: UserWarning: The given NumPy array is not writable, and PyTorch does not support non-writable tensors. This means writing to this tensor will result in undefined behavior. You may want to copy the array to protect its data or make it writable before converting it to a tensor. This type of warning will be suppressed for the rest of this program. (Triggered internally at /__w/pytorch/pytorch/torch/csrc/utils/tensor_numpy.cpp:213.)
  return (torch.from_numpy(np.ascontiguousarray(x)),
/data/omar/m2/core/data.py:97: UserWarning: The given NumPy array is not writable, and PyTorch does not support non-writable tensors. This means writing to this tensor will result in undefined behavior. You may want to copy the array to protect its data or make it writable before converting it to a tensor. This type of warning will be suppressed for the rest of this program. (Triggered internally at /__w/pytorch/pytorch/torch/csrc/utils/tensor_numpy.cpp:213.)
  return (torch.from_numpy(np.ascontiguousarray(x)),
/data/omar/m2/core/data.py:97: UserWarning: The given NumPy array is not writable, and PyTorch does not support non-writable tensors. This means writing to this tensor will result in undefined behavior. You may want to copy the array to protect its data or make it writable before converting it to a tensor. This type of warning will be suppressed for the rest of this program. (Triggered internally at /__w/pytorch/pytorch/torch/csrc/utils/tensor_numpy.cpp:213.)
  return (torch.from_numpy(np.ascontiguousarray(x)),
/data/omar/m2/core/data.py:97: UserWarning: The given NumPy array is not writable, and PyTorch does not support non-writable tensors. This means writing to this tensor will result in undefined behavior. You may want to copy the array to protect its data or make it writable before converting it to a tensor. This type of warning will be suppressed for the rest of this program. (Triggered internally at /__w/pytorch/pytorch/torch/csrc/utils/tensor_numpy.cpp:213.)
  return (torch.from_numpy(np.ascontiguousarray(x)),
/data/omar/m2/core/data.py:97: UserWarning: The given NumPy array is not writable, and PyTorch does not support non-writable tensors. This means writing to this tensor will result in undefined behavior. You may want to copy the array to protect its data or make it writable before converting it to a tensor. This type of warning will be suppressed for the rest of this program. (Triggered internally at /__w/pytorch/pytorch/torch/csrc/utils/tensor_numpy.cpp:213.)
  return (torch.from_numpy(np.ascontiguousarray(x)),
/data/omar/m2/core/data.py:97: UserWarning: The given NumPy array is not writable, and PyTorch does not support non-writable tensors. This means writing to this tensor will result in undefined behavior. You may want to copy the array to protect its data or make it writable before converting it to a tensor. This type of warning will be suppressed for the rest of this program. (Triggered internally at /__w/pytorch/pytorch/torch/csrc/utils/tensor_numpy.cpp:213.)
  return (torch.from_numpy(np.ascontiguousarray(x)),
/data/omar/m2/core/data.py:97: UserWarning: The given NumPy array is not writable, and PyTorch does not support non-writable tensors. This means writing to this tensor will result in undefined behavior. You may want to copy the array to protect its data or make it writable before converting it to a tensor. This type of warning will be suppressed for the rest of this program. (Triggered internally at /__w/pytorch/pytorch/torch/csrc/utils/tensor_numpy.cpp:213.)
  return (torch.from_numpy(np.ascontiguousarray(x)),
19:46:08 ep 1 step 2100 loss 22.962 word 3.389 mean 36.133 sound 3.736 nb 1.929 lr x0.982 0.14s/step
19:46:20 ep 1 step 2200 loss 22.622 word 3.395 mean 35.427 sound 3.737 nb 1.959 lr x0.980 0.12s/step
19:46:32 ep 1 step 2300 loss 22.919 word 3.391 mean 36.038 sound 3.734 nb 1.948 lr x0.978 0.12s/step
19:46:44 ep 1 step 2400 loss 22.627 word 3.386 mean 35.468 sound 3.731 nb 1.938 lr x0.976 0.12s/step
19:46:56 ep 1 step 2500 loss 22.877 word 3.381 mean 35.978 sound 3.735 nb 1.934 lr x0.974 0.12s/step
19:47:08 ep 1 step 2600 loss 22.747 word 3.372 mean 35.734 sound 3.733 nb 1.941 lr x0.972 0.12s/step
19:47:20 ep 1 step 2700 loss 23.071 word 3.379 mean 36.366 sound 3.735 nb 1.940 lr x0.970 0.12s/step
19:47:32 ep 1 step 2800 loss 22.741 word 3.380 mean 35.710 sound 3.730 nb 1.938 lr x0.968 0.12s/step
19:47:44 ep 1 step 2900 loss 23.011 word 3.371 mean 36.272 sound 3.731 nb 1.924 lr x0.965 0.12s/step
19:47:55 ep 1 step 3000 loss 22.686 word 3.376 mean 35.604 sound 3.735 nb 1.936 lr x0.963 0.12s/step
19:48:08 ep 1 step 3100 loss 22.671 word 3.376 mean 35.579 sound 3.729 nb 1.932 lr x0.961 0.12s/step
19:48:20 ep 1 step 3200 loss 22.930 word 3.363 mean 36.120 sound 3.728 nb 1.947 lr x0.958 0.12s/step
19:48:31 ep 1 step 3300 loss 22.457 word 3.373 mean 35.153 sound 3.730 nb 1.942 lr x0.955 0.12s/step
19:48:43 ep 1 step 3400 loss 22.490 word 3.371 mean 35.231 sound 3.730 nb 1.922 lr x0.953 0.12s/step
19:48:55 ep 1 step 3500 loss 22.720 word 3.367 mean 35.698 sound 3.729 nb 1.929 lr x0.950 0.12s/step
19:49:07 ep 1 step 3600 loss 22.498 word 3.372 mean 35.245 sound 3.726 nb 1.927 lr x0.947 0.12s/step
19:49:19 ep 1 step 3700 loss 22.745 word 3.370 mean 35.739 sound 3.730 nb 1.933 lr x0.944 0.12s/step
19:49:31 ep 1 step 3800 loss 22.559 word 3.368 mean 35.372 sound 3.731 nb 1.930 lr x0.941 0.12s/step
19:49:43 ep 1 step 3900 loss 22.793 word 3.361 mean 35.862 sound 3.727 nb 1.916 lr x0.938 0.12s/step
19:49:55 ep 1 step 4000 loss 22.215 word 3.369 mean 34.676 sound 3.728 nb 1.948 lr x0.935 0.11s/step
/data/omar/m2/core/data.py:97: UserWarning: The given NumPy array is not writable, and PyTorch does not support non-writable tensors. This means writing to this tensor will result in undefined behavior. You may want to copy the array to protect its data or make it writable before converting it to a tensor. This type of warning will be suppressed for the rest of this program. (Triggered internally at /__w/pytorch/pytorch/torch/csrc/utils/tensor_numpy.cpp:213.)
  return (torch.from_numpy(np.ascontiguousarray(x)),
/data/omar/m2/core/data.py:97: UserWarning: The given NumPy array is not writable, and PyTorch does not support non-writable tensors. This means writing to this tensor will result in undefined behavior. You may want to copy the array to protect its data or make it writable before converting it to a tensor. This type of warning will be suppressed for the rest of this program. (Triggered internally at /__w/pytorch/pytorch/torch/csrc/utils/tensor_numpy.cpp:213.)
  return (torch.from_numpy(np.ascontiguousarray(x)),
/data/omar/m2/core/data.py:97: UserWarning: The given NumPy array is not writable, and PyTorch does not support non-writable tensors. This means writing to this tensor will result in undefined behavior. You may want to copy the array to protect its data or make it writable before converting it to a tensor. This type of warning will be suppressed for the rest of this program. (Triggered internally at /__w/pytorch/pytorch/torch/csrc/utils/tensor_numpy.cpp:213.)
  return (torch.from_numpy(np.ascontiguousarray(x)),
/data/omar/m2/core/data.py:97: UserWarning: The given NumPy array is not writable, and PyTorch does not support non-writable tensors. This means writing to this tensor will result in undefined behavior. You may want to copy the array to protect its data or make it writable before converting it to a tensor. This type of warning will be suppressed for the rest of this program. (Triggered internally at /__w/pytorch/pytorch/torch/csrc/utils/tensor_numpy.cpp:213.)
  return (torch.from_numpy(np.ascontiguousarray(x)),
/data/omar/m2/core/data.py:97: UserWarning: The given NumPy array is not writable, and PyTorch does not support non-writable tensors. This means writing to this tensor will result in undefined behavior. You may want to copy the array to protect its data or make it writable before converting it to a tensor. This type of warning will be suppressed for the rest of this program. (Triggered internally at /__w/pytorch/pytorch/torch/csrc/utils/tensor_numpy.cpp:213.)
  return (torch.from_numpy(np.ascontiguousarray(x)),
/data/omar/m2/core/data.py:97: UserWarning: The given NumPy array is not writable, and PyTorch does not support non-writable tensors. This means writing to this tensor will result in undefined behavior. You may want to copy the array to protect its data or make it writable before converting it to a tensor. This type of warning will be suppressed for the rest of this program. (Triggered internally at /__w/pytorch/pytorch/torch/csrc/utils/tensor_numpy.cpp:213.)
  return (torch.from_numpy(np.ascontiguousarray(x)),
/data/omar/m2/core/data.py:97: UserWarning: The given NumPy array is not writable, and PyTorch does not support non-writable tensors. This means writing to this tensor will result in undefined behavior. You may want to copy the array to protect its data or make it writable before converting it to a tensor. This type of warning will be suppressed for the rest of this program. (Triggered internally at /__w/pytorch/pytorch/torch/csrc/utils/tensor_numpy.cpp:213.)
  return (torch.from_numpy(np.ascontiguousarray(x)),
/data/omar/m2/core/data.py:97: UserWarning: The given NumPy array is not writable, and PyTorch does not support non-writable tensors. This means writing to this tensor will result in undefined behavior. You may want to copy the array to protect its data or make it writable before converting it to a tensor. This type of warning will be suppressed for the rest of this program. (Triggered internally at /__w/pytorch/pytorch/torch/csrc/utils/tensor_numpy.cpp:213.)
  return (torch.from_numpy(np.ascontiguousarray(x)),
19:49:58 == epoch 1 deep: bacc10 0.2396 bacc1 0.0296 grid 0.2477@(1.0, 0.0) | broad: bacc10 0.3403 bacc1 0.0487 grid 0.3403@(0.5, 0.0)
19:49:59 new best 0.2900 -> /data/omar/m2/d/r/r1/best.pt
/data/omar/m2/core/data.py:97: UserWarning: The given NumPy array is not writable, and PyTorch does not support non-writable tensors. This means writing to this tensor will result in undefined behavior. You may want to copy the array to protect its data or make it writable before converting it to a tensor. This type of warning will be suppressed for the rest of this program. (Triggered internally at /__w/pytorch/pytorch/torch/csrc/utils/tensor_numpy.cpp:213.)
  return (torch.from_numpy(np.ascontiguousarray(x)),
/data/omar/m2/core/data.py:97: UserWarning: The given NumPy array is not writable, and PyTorch does not support non-writable tensors. This means writing to this tensor will result in undefined behavior. You may want to copy the array to protect its data or make it writable before converting it to a tensor. This type of warning will be suppressed for the rest of this program. (Triggered internally at /__w/pytorch/pytorch/torch/csrc/utils/tensor_numpy.cpp:213.)
  return (torch.from_numpy(np.ascontiguousarray(x)),
/data/omar/m2/core/data.py:97: UserWarning: The given NumPy array is not writable, and PyTorch does not support non-writable tensors. This means writing to this tensor will result in undefined behavior. You may want to copy the array to protect its data or make it writable before converting it to a tensor. This type of warning will be suppressed for the rest of this program. (Triggered internally at /__w/pytorch/pytorch/torch/csrc/utils/tensor_numpy.cpp:213.)
  return (torch.from_numpy(np.ascontiguousarray(x)),
/data/omar/m2/core/data.py:97: UserWarning: The given NumPy array is not writable, and PyTorch does not support non-writable tensors. This means writing to this tensor will result in undefined behavior. You may want to copy the array to protect its data or make it writable before converting it to a tensor. This type of warning will be suppressed for the rest of this program. (Triggered internally at /__w/pytorch/pytorch/torch/csrc/utils/tensor_numpy.cpp:213.)
  return (torch.from_numpy(np.ascontiguousarray(x)),
/data/omar/m2/core/data.py:97: UserWarning: The given NumPy array is not writable, and PyTorch does not support non-writable tensors. This means writing to this tensor will result in undefined behavior. You may want to copy the array to protect its data or make it writable before converting it to a tensor. This type of warning will be suppressed for the rest of this program. (Triggered internally at /__w/pytorch/pytorch/torch/csrc/utils/tensor_numpy.cpp:213.)
  return (torch.from_numpy(np.ascontiguousarray(x)),
/data/omar/m2/core/data.py:97: UserWarning: The given NumPy array is not writable, and PyTorch does not support non-writable tensors. This means writing to this tensor will result in undefined behavior. You may want to copy the array to protect its data or make it writable before converting it to a tensor. This type of warning will be suppressed for the rest of this program. (Triggered internally at /__w/pytorch/pytorch/torch/csrc/utils/tensor_numpy.cpp:213.)
  return (torch.from_numpy(np.ascontiguousarray(x)),
/data/omar/m2/core/data.py:97: UserWarning: The given NumPy array is not writable, and PyTorch does not support non-writable tensors. This means writing to this tensor will result in undefined behavior. You may want to copy the array to protect its data or make it writable before converting it to a tensor. This type of warning will be suppressed for the rest of this program. (Triggered internally at /__w/pytorch/pytorch/torch/csrc/utils/tensor_numpy.cpp:213.)
  return (torch.from_numpy(np.ascontiguousarray(x)),
/data/omar/m2/core/data.py:97: UserWarning: The given NumPy array is not writable, and PyTorch does not support non-writable tensors. This means writing to this tensor will result in undefined behavior. You may want to copy the array to protect its data or make it writable before converting it to a tensor. This type of warning will be suppressed for the rest of this program. (Triggered internally at /__w/pytorch/pytorch/torch/csrc/utils/tensor_numpy.cpp:213.)
  return (torch.from_numpy(np.ascontiguousarray(x)),
/data/omar/m2/core/data.py:97: UserWarning: The given NumPy array is not writable, and PyTorch does not support non-writable tensors. This means writing to this tensor will result in undefined behavior. You may want to copy the array to protect its data or make it writable before converting it to a tensor. This type of warning will be suppressed for the rest of this program. (Triggered internally at /__w/pytorch/pytorch/torch/csrc/utils/tensor_numpy.cpp:213.)
  return (torch.from_numpy(np.ascontiguousarray(x)),
/data/omar/m2/core/data.py:97: UserWarning: The given NumPy array is not writable, and PyTorch does not support non-writable tensors. This means writing to this tensor will result in undefined behavior. You may want to copy the array to protect its data or make it writable before converting it to a tensor. This type of warning will be suppressed for the rest of this program. (Triggered internally at /__w/pytorch/pytorch/torch/csrc/utils/tensor_numpy.cpp:213.)
  return (torch.from_numpy(np.ascontiguousarray(x)),
/data/omar/m2/core/data.py:97: UserWarning: The given NumPy array is not writable, and PyTorch does not support non-writable tensors. This means writing to this tensor will result in undefined behavior. You may want to copy the array to protect its data or make it writable before converting it to a tensor. This type of warning will be suppressed for the rest of this program. (Triggered internally at /__w/pytorch/pytorch/torch/csrc/utils/tensor_numpy.cpp:213.)
  return (torch.from_numpy(np.ascontiguousarray(x)),
/data/omar/m2/core/data.py:97: UserWarning: The given NumPy array is not writable, and PyTorch does not support non-writable tensors. This means writing to this tensor will result in undefined behavior. You may want to copy the array to protect its data or make it writable before converting it to a tensor. This type of warning will be suppressed for the rest of this program. (Triggered internally at /__w/pytorch/pytorch/torch/csrc/utils/tensor_numpy.cpp:213.)
  return (torch.from_numpy(np.ascontiguousarray(x)),
19:50:15 ep 2 step 4100 loss 22.786 word 3.360 mean 35.842 sound 3.726 nb 1.937 lr x0.932 0.14s/step
19:50:27 ep 2 step 4200 loss 22.504 word 3.367 mean 35.269 sound 3.728 nb 1.923 lr x0.929 0.12s/step
19:50:39 ep 2 step 4300 loss 22.592 word 3.362 mean 35.451 sound 3.722 nb 1.940 lr x0.925 0.12s/step
19:50:51 ep 2 step 4400 loss 22.466 word 3.365 mean 35.197 sound 3.725 nb 1.923 lr x0.922 0.12s/step
19:51:03 ep 2 step 4500 loss 22.484 word 3.368 mean 35.225 sound 3.724 nb 1.929 lr x0.918 0.12s/step
19:51:14 ep 2 step 4600 loss 22.709 word 3.357 mean 35.692 sound 3.723 nb 1.943 lr x0.915 0.12s/step
19:51:26 ep 2 step 4700 loss 22.495 word 3.359 mean 35.266 sound 3.721 nb 1.936 lr x0.911 0.12s/step
19:51:38 ep 2 step 4800 loss 22.505 word 3.357 mean 35.289 sound 3.720 nb 1.935 lr x0.907 0.12s/step
19:51:50 ep 2 step 4900 loss 22.680 word 3.355 mean 35.652 sound 3.724 nb 1.915 lr x0.904 0.12s/step
19:52:02 ep 2 step 5000 loss 22.770 word 3.344 mean 35.845 sound 3.725 nb 1.928 lr x0.900 0.12s/step
19:52:14 ep 2 step 5100 loss 22.292 word 3.359 mean 34.866 sound 3.722 nb 1.917 lr x0.896 0.11s/step
19:52:26 ep 2 step 5200 loss 22.369 word 3.355 mean 35.017 sound 3.719 nb 1.950 lr x0.892 0.12s/step
19:52:37 ep 2 step 5300 loss 22.325 word 3.362 mean 34.919 sound 3.722 nb 1.932 lr x0.888 0.12s/step
19:52:49 ep 2 step 5400 loss 22.422 word 3.348 mean 35.151 sound 3.720 nb 1.914 lr x0.884 0.12s/step
19:53:01 ep 2 step 5500 loss 22.621 word 3.351 mean 35.535 sound 3.723 nb 1.933 lr x0.880 0.12s/step
19:53:13 ep 2 step 5600 loss 22.613 word 3.346 mean 35.527 sound 3.719 nb 1.940 lr x0.875 0.12s/step
19:53:25 ep 2 step 5700 loss 22.615 word 3.347 mean 35.534 sound 3.724 nb 1.921 lr x0.871 0.12s/step
19:53:37 ep 2 step 5800 loss 22.634 word 3.335 mean 35.601 sound 3.717 nb 1.918 lr x0.867 0.12s/step
19:53:49 ep 2 step 5900 loss 22.254 word 3.349 mean 34.804 sound 3.720 nb 1.934 lr x0.862 0.12s/step
19:54:00 ep 2 step 6000 loss 22.401 word 3.342 mean 35.120 sound 3.722 nb 1.912 lr x0.858 0.11s/step
/data/omar/m2/core/data.py:97: UserWarning: The given NumPy array is not writable, and PyTorch does not support non-writable tensors. This means writing to this tensor will result in undefined behavior. You may want to copy the array to protect its data or make it writable before converting it to a tensor. This type of warning will be suppressed for the rest of this program. (Triggered internally at /__w/pytorch/pytorch/torch/csrc/utils/tensor_numpy.cpp:213.)
  return (torch.from_numpy(np.ascontiguousarray(x)),
/data/omar/m2/core/data.py:97: UserWarning: The given NumPy array is not writable, and PyTorch does not support non-writable tensors. This means writing to this tensor will result in undefined behavior. You may want to copy the array to protect its data or make it writable before converting it to a tensor. This type of warning will be suppressed for the rest of this program. (Triggered internally at /__w/pytorch/pytorch/torch/csrc/utils/tensor_numpy.cpp:213.)
  return (torch.from_numpy(np.ascontiguousarray(x)),
/data/omar/m2/core/data.py:97: UserWarning: The given NumPy array is not writable, and PyTorch does not support non-writable tensors. This means writing to this tensor will result in undefined behavior. You may want to copy the array to protect its data or make it writable before converting it to a tensor. This type of warning will be suppressed for the rest of this program. (Triggered internally at /__w/pytorch/pytorch/torch/csrc/utils/tensor_numpy.cpp:213.)
  return (torch.from_numpy(np.ascontiguousarray(x)),
/data/omar/m2/core/data.py:97: UserWarning: The given NumPy array is not writable, and PyTorch does not support non-writable tensors. This means writing to this tensor will result in undefined behavior. You may want to copy the array to protect its data or make it writable before converting it to a tensor. This type of warning will be suppressed for the rest of this program. (Triggered internally at /__w/pytorch/pytorch/torch/csrc/utils/tensor_numpy.cpp:213.)
  return (torch.from_numpy(np.ascontiguousarray(x)),
/data/omar/m2/core/data.py:97: UserWarning: The given NumPy array is not writable, and PyTorch does not support non-writable tensors. This means writing to this tensor will result in undefined behavior. You may want to copy the array to protect its data or make it writable before converting it to a tensor. This type of warning will be suppressed for the rest of this program. (Triggered internally at /__w/pytorch/pytorch/torch/csrc/utils/tensor_numpy.cpp:213.)
  return (torch.from_numpy(np.ascontiguousarray(x)),
/data/omar/m2/core/data.py:97: UserWarning: The given NumPy array is not writable, and PyTorch does not support non-writable tensors. This means writing to this tensor will result in undefined behavior. You may want to copy the array to protect its data or make it writable before converting it to a tensor. This type of warning will be suppressed for the rest of this program. (Triggered internally at /__w/pytorch/pytorch/torch/csrc/utils/tensor_numpy.cpp:213.)
  return (torch.from_numpy(np.ascontiguousarray(x)),
/data/omar/m2/core/data.py:97: UserWarning: The given NumPy array is not writable, and PyTorch does not support non-writable tensors. This means writing to this tensor will result in undefined behavior. You may want to copy the array to protect its data or make it writable before converting it to a tensor. This type of warning will be suppressed for the rest of this program. (Triggered internally at /__w/pytorch/pytorch/torch/csrc/utils/tensor_numpy.cpp:213.)
  return (torch.from_numpy(np.ascontiguousarray(x)),
/data/omar/m2/core/data.py:97: UserWarning: The given NumPy array is not writable, and PyTorch does not support non-writable tensors. This means writing to this tensor will result in undefined behavior. You may want to copy the array to protect its data or make it writable before converting it to a tensor. This type of warning will be suppressed for the rest of this program. (Triggered internally at /__w/pytorch/pytorch/torch/csrc/utils/tensor_numpy.cpp:213.)
  return (torch.from_numpy(np.ascontiguousarray(x)),
19:54:04 == epoch 2 deep: bacc10 0.2566 bacc1 0.0331 grid 0.2584@(1.0, 0.0) | broad: bacc10 0.3396 bacc1 0.0509 grid 0.3442@(1.0, 0.0)
19:54:05 new best 0.2981 -> /data/omar/m2/d/r/r1/best.pt
/data/omar/m2/core/data.py:97: UserWarning: The given NumPy array is not writable, and PyTorch does not support non-writable tensors. This means writing to this tensor will result in undefined behavior. You may want to copy the array to protect its data or make it writable before converting it to a tensor. This type of warning will be suppressed for the rest of this program. (Triggered internally at /__w/pytorch/pytorch/torch/csrc/utils/tensor_numpy.cpp:213.)
  return (torch.from_numpy(np.ascontiguousarray(x)),
/data/omar/m2/core/data.py:97: UserWarning: The given NumPy array is not writable, and PyTorch does not support non-writable tensors. This means writing to this tensor will result in undefined behavior. You may want to copy the array to protect its data or make it writable before converting it to a tensor. This type of warning will be suppressed for the rest of this program. (Triggered internally at /__w/pytorch/pytorch/torch/csrc/utils/tensor_numpy.cpp:213.)
  return (torch.from_numpy(np.ascontiguousarray(x)),
/data/omar/m2/core/data.py:97: UserWarning: The given NumPy array is not writable, and PyTorch does not support non-writable tensors. This means writing to this tensor will result in undefined behavior. You may want to copy the array to protect its data or make it writable before converting it to a tensor. This type of warning will be suppressed for the rest of this program. (Triggered internally at /__w/pytorch/pytorch/torch/csrc/utils/tensor_numpy.cpp:213.)
  return (torch.from_numpy(np.ascontiguousarray(x)),
/data/omar/m2/core/data.py:97: UserWarning: The given NumPy array is not writable, and PyTorch does not support non-writable tensors. This means writing to this tensor will result in undefined behavior. You may want to copy the array to protect its data or make it writable before converting it to a tensor. This type of warning will be suppressed for the rest of this program. (Triggered internally at /__w/pytorch/pytorch/torch/csrc/utils/tensor_numpy.cpp:213.)
  return (torch.from_numpy(np.ascontiguousarray(x)),
/data/omar/m2/core/data.py:97: UserWarning: The given NumPy array is not writable, and PyTorch does not support non-writable tensors. This means writing to this tensor will result in undefined behavior. You may want to copy the array to protect its data or make it writable before converting it to a tensor. This type of warning will be suppressed for the rest of this program. (Triggered internally at /__w/pytorch/pytorch/torch/csrc/utils/tensor_numpy.cpp:213.)
  return (torch.from_numpy(np.ascontiguousarray(x)),
/data/omar/m2/core/data.py:97: UserWarning: The given NumPy array is not writable, and PyTorch does not support non-writable tensors. This means writing to this tensor will result in undefined behavior. You may want to copy the array to protect its data or make it writable before converting it to a tensor. This type of warning will be suppressed for the rest of this program. (Triggered internally at /__w/pytorch/pytorch/torch/csrc/utils/tensor_numpy.cpp:213.)
  return (torch.from_numpy(np.ascontiguousarray(x)),
/data/omar/m2/core/data.py:97: UserWarning: The given NumPy array is not writable, and PyTorch does not support non-writable tensors. This means writing to this tensor will result in undefined behavior. You may want to copy the array to protect its data or make it writable before converting it to a tensor. This type of warning will be suppressed for the rest of this program. (Triggered internally at /__w/pytorch/pytorch/torch/csrc/utils/tensor_numpy.cpp:213.)
  return (torch.from_numpy(np.ascontiguousarray(x)),
/data/omar/m2/core/data.py:97: UserWarning: The given NumPy array is not writable, and PyTorch does not support non-writable tensors. This means writing to this tensor will result in undefined behavior. You may want to copy the array to protect its data or make it writable before converting it to a tensor. This type of warning will be suppressed for the rest of this program. (Triggered internally at /__w/pytorch/pytorch/torch/csrc/utils/tensor_numpy.cpp:213.)
  return (torch.from_numpy(np.ascontiguousarray(x)),
/data/omar/m2/core/data.py:97: UserWarning: The given NumPy array is not writable, and PyTorch does not support non-writable tensors. This means writing to this tensor will result in undefined behavior. You may want to copy the array to protect its data or make it writable before converting it to a tensor. This type of warning will be suppressed for the rest of this program. (Triggered internally at /__w/pytorch/pytorch/torch/csrc/utils/tensor_numpy.cpp:213.)
  return (torch.from_numpy(np.ascontiguousarray(x)),
/data/omar/m2/core/data.py:97: UserWarning: The given NumPy array is not writable, and PyTorch does not support non-writable tensors. This means writing to this tensor will result in undefined behavior. You may want to copy the array to protect its data or make it writable before converting it to a tensor. This type of warning will be suppressed for the rest of this program. (Triggered internally at /__w/pytorch/pytorch/torch/csrc/utils/tensor_numpy.cpp:213.)
  return (torch.from_numpy(np.ascontiguousarray(x)),
/data/omar/m2/core/data.py:97: UserWarning: The given NumPy array is not writable, and PyTorch does not support non-writable tensors. This means writing to this tensor will result in undefined behavior. You may want to copy the array to protect its data or make it writable before converting it to a tensor. This type of warning will be suppressed for the rest of this program. (Triggered internally at /__w/pytorch/pytorch/torch/csrc/utils/tensor_numpy.cpp:213.)
  return (torch.from_numpy(np.ascontiguousarray(x)),
/data/omar/m2/core/data.py:97: UserWarning: The given NumPy array is not writable, and PyTorch does not support non-writable tensors. This means writing to this tensor will result in undefined behavior. You may want to copy the array to protect its data or make it writable before converting it to a tensor. This type of warning will be suppressed for the rest of this program. (Triggered internally at /__w/pytorch/pytorch/torch/csrc/utils/tensor_numpy.cpp:213.)
  return (torch.from_numpy(np.ascontiguousarray(x)),
19:54:19 ep 3 step 6100 loss 22.217 word 3.335 mean 34.766 sound 3.722 nb 1.912 lr x0.853 0.14s/step
19:54:31 ep 3 step 6200 loss 22.199 word 3.351 mean 34.690 sound 3.721 nb 1.932 lr x0.849 0.12s/step
19:54:43 ep 3 step 6300 loss 22.353 word 3.344 mean 35.010 sound 3.720 nb 1.940 lr x0.844 0.12s/step
19:54:55 ep 3 step 6400 loss 22.289 word 3.334 mean 34.903 sound 3.720 nb 1.938 lr x0.840 0.12s/step
19:55:06 ep 3 step 6500 loss 22.290 word 3.343 mean 34.888 sound 3.720 nb 1.936 lr x0.835 0.12s/step
19:55:18 ep 3 step 6600 loss 22.298 word 3.346 mean 34.899 sound 3.717 nb 1.939 lr x0.830 0.12s/step
19:55:31 ep 3 step 6700 loss 22.307 word 3.342 mean 34.928 sound 3.716 nb 1.930 lr x0.825 0.13s/step
19:55:42 ep 3 step 6800 loss 22.182 word 3.335 mean 34.687 sound 3.717 nb 1.942 lr x0.820 0.12s/step
19:55:54 ep 3 step 6900 loss 22.117 word 3.341 mean 34.549 sound 3.717 nb 1.934 lr x0.815 0.12s/step
19:56:06 ep 3 step 7000 loss 22.296 word 3.332 mean 34.927 sound 3.712 nb 1.935 lr x0.810 0.12s/step
19:56:18 ep 3 step 7100 loss 22.525 word 3.321 mean 35.407 sound 3.715 nb 1.930 lr x0.805 0.12s/step
19:56:30 ep 3 step 7200 loss 22.553 word 3.324 mean 35.462 sound 3.715 nb 1.919 lr x0.800 0.12s/step
19:56:42 ep 3 step 7300 loss 22.520 word 3.328 mean 35.383 sound 3.713 nb 1.931 lr x0.795 0.12s/step
19:56:54 ep 3 step 7400 loss 22.398 word 3.330 mean 35.130 sound 3.713 nb 1.944 lr x0.790 0.12s/step
19:57:06 ep 3 step 7500 loss 22.263 word 3.320 mean 34.891 sound 3.713 nb 1.917 lr x0.785 0.12s/step
19:57:18 ep 3 step 7600 loss 22.168 word 3.331 mean 34.684 sound 3.708 nb 1.913 lr x0.779 0.12s/step
19:57:30 ep 3 step 7700 loss 22.227 word 3.323 mean 34.805 sound 3.712 nb 1.935 lr x0.774 0.13s/step
19:57:42 ep 3 step 7800 loss 22.094 word 3.338 mean 34.522 sound 3.709 nb 1.912 lr x0.768 0.12s/step
19:57:54 ep 3 step 7900 loss 22.190 word 3.322 mean 34.744 sound 3.712 nb 1.912 lr x0.763 0.12s/step
19:58:05 ep 3 step 8000 loss 22.160 word 3.326 mean 34.671 sound 3.710 nb 1.923 lr x0.758 0.11s/step
/data/omar/m2/core/data.py:97: UserWarning: The given NumPy array is not writable, and PyTorch does not support non-writable tensors. This means writing to this tensor will result in undefined behavior. You may want to copy the array to protect its data or make it writable before converting it to a tensor. This type of warning will be suppressed for the rest of this program. (Triggered internally at /__w/pytorch/pytorch/torch/csrc/utils/tensor_numpy.cpp:213.)
  return (torch.from_numpy(np.ascontiguousarray(x)),
/data/omar/m2/core/data.py:97: UserWarning: The given NumPy array is not writable, and PyTorch does not support non-writable tensors. This means writing to this tensor will result in undefined behavior. You may want to copy the array to protect its data or make it writable before converting it to a tensor. This type of warning will be suppressed for the rest of this program. (Triggered internally at /__w/pytorch/pytorch/torch/csrc/utils/tensor_numpy.cpp:213.)
  return (torch.from_numpy(np.ascontiguousarray(x)),
/data/omar/m2/core/data.py:97: UserWarning: The given NumPy array is not writable, and PyTorch does not support non-writable tensors. This means writing to this tensor will result in undefined behavior. You may want to copy the array to protect its data or make it writable before converting it to a tensor. This type of warning will be suppressed for the rest of this program. (Triggered internally at /__w/pytorch/pytorch/torch/csrc/utils/tensor_numpy.cpp:213.)
  return (torch.from_numpy(np.ascontiguousarray(x)),
/data/omar/m2/core/data.py:97: UserWarning: The given NumPy array is not writable, and PyTorch does not support non-writable tensors. This means writing to this tensor will result in undefined behavior. You may want to copy the array to protect its data or make it writable before converting it to a tensor. This type of warning will be suppressed for the rest of this program. (Triggered internally at /__w/pytorch/pytorch/torch/csrc/utils/tensor_numpy.cpp:213.)
  return (torch.from_numpy(np.ascontiguousarray(x)),
/data/omar/m2/core/data.py:97: UserWarning: The given NumPy array is not writable, and PyTorch does not support non-writable tensors. This means writing to this tensor will result in undefined behavior. You may want to copy the array to protect its data or make it writable before converting it to a tensor. This type of warning will be suppressed for the rest of this program. (Triggered internally at /__w/pytorch/pytorch/torch/csrc/utils/tensor_numpy.cpp:213.)
  return (torch.from_numpy(np.ascontiguousarray(x)),
/data/omar/m2/core/data.py:97: UserWarning: The given NumPy array is not writable, and PyTorch does not support non-writable tensors. This means writing to this tensor will result in undefined behavior. You may want to copy the array to protect its data or make it writable before converting it to a tensor. This type of warning will be suppressed for the rest of this program. (Triggered internally at /__w/pytorch/pytorch/torch/csrc/utils/tensor_numpy.cpp:213.)
  return (torch.from_numpy(np.ascontiguousarray(x)),
/data/omar/m2/core/data.py:97: UserWarning: The given NumPy array is not writable, and PyTorch does not support non-writable tensors. This means writing to this tensor will result in undefined behavior. You may want to copy the array to protect its data or make it writable before converting it to a tensor. This type of warning will be suppressed for the rest of this program. (Triggered internally at /__w/pytorch/pytorch/torch/csrc/utils/tensor_numpy.cpp:213.)
  return (torch.from_numpy(np.ascontiguousarray(x)),
/data/omar/m2/core/data.py:97: UserWarning: The given NumPy array is not writable, and PyTorch does not support non-writable tensors. This means writing to this tensor will result in undefined behavior. You may want to copy the array to protect its data or make it writable before converting it to a tensor. This type of warning will be suppressed for the rest of this program. (Triggered internally at /__w/pytorch/pytorch/torch/csrc/utils/tensor_numpy.cpp:213.)
  return (torch.from_numpy(np.ascontiguousarray(x)),
19:58:08 == epoch 3 deep: bacc10 0.2696 bacc1 0.0372 grid 0.2776@(1.0, 0.0) | broad: bacc10 0.3398 bacc1 0.0518 grid 0.3505@(1.0, 0.0)
19:58:09 new best 0.3047 -> /data/omar/m2/d/r/r1/best.pt
/data/omar/m2/core/data.py:97: UserWarning: The given NumPy array is not writable, and PyTorch does not support non-writable tensors. This means writing to this tensor will result in undefined behavior. You may want to copy the array to protect its data or make it writable before converting it to a tensor. This type of warning will be suppressed for the rest of this program. (Triggered internally at /__w/pytorch/pytorch/torch/csrc/utils/tensor_numpy.cpp:213.)
  return (torch.from_numpy(np.ascontiguousarray(x)),
/data/omar/m2/core/data.py:97: UserWarning: The given NumPy array is not writable, and PyTorch does not support non-writable tensors. This means writing to this tensor will result in undefined behavior. You may want to copy the array to protect its data or make it writable before converting it to a tensor. This type of warning will be suppressed for the rest of this program. (Triggered internally at /__w/pytorch/pytorch/torch/csrc/utils/tensor_numpy.cpp:213.)
  return (torch.from_numpy(np.ascontiguousarray(x)),
/data/omar/m2/core/data.py:97: UserWarning: The given NumPy array is not writable, and PyTorch does not support non-writable tensors. This means writing to this tensor will result in undefined behavior. You may want to copy the array to protect its data or make it writable before converting it to a tensor. This type of warning will be suppressed for the rest of this program. (Triggered internally at /__w/pytorch/pytorch/torch/csrc/utils/tensor_numpy.cpp:213.)
  return (torch.from_numpy(np.ascontiguousarray(x)),
/data/omar/m2/core/data.py:97: UserWarning: The given NumPy array is not writable, and PyTorch does not support non-writable tensors. This means writing to this tensor will result in undefined behavior. You may want to copy the array to protect its data or make it writable before converting it to a tensor. This type of warning will be suppressed for the rest of this program. (Triggered internally at /__w/pytorch/pytorch/torch/csrc/utils/tensor_numpy.cpp:213.)
  return (torch.from_numpy(np.ascontiguousarray(x)),
/data/omar/m2/core/data.py:97: UserWarning: The given NumPy array is not writable, and PyTorch does not support non-writable tensors. This means writing to this tensor will result in undefined behavior. You may want to copy the array to protect its data or make it writable before converting it to a tensor. This type of warning will be suppressed for the rest of this program. (Triggered internally at /__w/pytorch/pytorch/torch/csrc/utils/tensor_numpy.cpp:213.)
  return (torch.from_numpy(np.ascontiguousarray(x)),
/data/omar/m2/core/data.py:97: UserWarning: The given NumPy array is not writable, and PyTorch does not support non-writable tensors. This means writing to this tensor will result in undefined behavior. You may want to copy the array to protect its data or make it writable before converting it to a tensor. This type of warning will be suppressed for the rest of this program. (Triggered internally at /__w/pytorch/pytorch/torch/csrc/utils/tensor_numpy.cpp:213.)
  return (torch.from_numpy(np.ascontiguousarray(x)),
/data/omar/m2/core/data.py:97: UserWarning: The given NumPy array is not writable, and PyTorch does not support non-writable tensors. This means writing to this tensor will result in undefined behavior. You may want to copy the array to protect its data or make it writable before converting it to a tensor. This type of warning will be suppressed for the rest of this program. (Triggered internally at /__w/pytorch/pytorch/torch/csrc/utils/tensor_numpy.cpp:213.)
  return (torch.from_numpy(np.ascontiguousarray(x)),
/data/omar/m2/core/data.py:97: UserWarning: The given NumPy array is not writable, and PyTorch does not support non-writable tensors. This means writing to this tensor will result in undefined behavior. You may want to copy the array to protect its data or make it writable before converting it to a tensor. This type of warning will be suppressed for the rest of this program. (Triggered internally at /__w/pytorch/pytorch/torch/csrc/utils/tensor_numpy.cpp:213.)
  return (torch.from_numpy(np.ascontiguousarray(x)),
/data/omar/m2/core/data.py:97: UserWarning: The given NumPy array is not writable, and PyTorch does not support non-writable tensors. This means writing to this tensor will result in undefined behavior. You may want to copy the array to protect its data or make it writable before converting it to a tensor. This type of warning will be suppressed for the rest of this program. (Triggered internally at /__w/pytorch/pytorch/torch/csrc/utils/tensor_numpy.cpp:213.)
  return (torch.from_numpy(np.ascontiguousarray(x)),
/data/omar/m2/core/data.py:97: UserWarning: The given NumPy array is not writable, and PyTorch does not support non-writable tensors. This means writing to this tensor will result in undefined behavior. You may want to copy the array to protect its data or make it writable before converting it to a tensor. This type of warning will be suppressed for the rest of this program. (Triggered internally at /__w/pytorch/pytorch/torch/csrc/utils/tensor_numpy.cpp:213.)
  return (torch.from_numpy(np.ascontiguousarray(x)),
/data/omar/m2/core/data.py:97: UserWarning: The given NumPy array is not writable, and PyTorch does not support non-writable tensors. This means writing to this tensor will result in undefined behavior. You may want to copy the array to protect its data or make it writable before converting it to a tensor. This type of warning will be suppressed for the rest of this program. (Triggered internally at /__w/pytorch/pytorch/torch/csrc/utils/tensor_numpy.cpp:213.)
  return (torch.from_numpy(np.ascontiguousarray(x)),
/data/omar/m2/core/data.py:97: UserWarning: The given NumPy array is not writable, and PyTorch does not support non-writable tensors. This means writing to this tensor will result in undefined behavior. You may want to copy the array to protect its data or make it writable before converting it to a tensor. This type of warning will be suppressed for the rest of this program. (Triggered internally at /__w/pytorch/pytorch/torch/csrc/utils/tensor_numpy.cpp:213.)
  return (torch.from_numpy(np.ascontiguousarray(x)),
19:58:24 ep 4 step 8100 loss 22.174 word 3.330 mean 34.688 sound 3.712 nb 1.933 lr x0.752 0.14s/step
19:58:36 ep 4 step 8200 loss 21.969 word 3.320 mean 34.298 sound 3.713 nb 1.932 lr x0.746 0.12s/step
19:58:47 ep 4 step 8300 loss 22.112 word 3.310 mean 34.606 sound 3.713 nb 1.924 lr x0.741 0.12s/step
19:58:59 ep 4 step 8400 loss 21.828 word 3.325 mean 34.005 sound 3.713 nb 1.933 lr x0.735 0.12s/step
19:59:10 ep 4 step 8500 loss 22.364 word 3.310 mean 35.120 sound 3.706 nb 1.911 lr x0.730 0.12s/step
19:59:22 ep 4 step 8600 loss 22.068 word 3.314 mean 34.512 sound 3.713 nb 1.920 lr x0.724 0.12s/step
19:59:34 ep 4 step 8700 loss 22.014 word 3.321 mean 34.390 sound 3.711 nb 1.925 lr x0.718 0.12s/step
19:59:46 ep 4 step 8800 loss 22.300 word 3.308 mean 34.999 sound 3.707 nb 1.904 lr x0.712 0.12s/step
19:59:58 ep 4 step 8900 loss 22.033 word 3.316 mean 34.441 sound 3.711 nb 1.914 lr x0.707 0.12s/step
20:00:09 ep 4 step 9000 loss 21.965 word 3.321 mean 34.293 sound 3.708 nb 1.922 lr x0.701 0.12s/step
20:00:21 ep 4 step 9100 loss 21.614 word 3.319 mean 33.600 sound 3.708 nb 1.914 lr x0.695 0.12s/step
20:00:33 ep 4 step 9200 loss 21.824 word 3.309 mean 34.038 sound 3.711 nb 1.913 lr x0.689 0.12s/step
20:00:44 ep 4 step 9300 loss 22.049 word 3.308 mean 34.489 sound 3.705 nb 1.924 lr x0.683 0.12s/step
20:00:56 ep 4 step 9400 loss 21.858 word 3.305 mean 34.109 sound 3.711 nb 1.924 lr x0.677 0.12s/step
20:01:08 ep 4 step 9500 loss 21.965 word 3.314 mean 34.311 sound 3.708 nb 1.919 lr x0.671 0.12s/step
20:01:20 ep 4 step 9600 loss 21.995 word 3.309 mean 34.378 sound 3.710 nb 1.922 lr x0.665 0.12s/step
20:01:31 ep 4 step 9700 loss 21.804 word 3.305 mean 34.002 sound 3.710 nb 1.924 lr x0.659 0.12s/step
20:01:44 ep 4 step 9800 loss 22.220 word 3.303 mean 34.848 sound 3.710 nb 1.901 lr x0.653 0.12s/step
20:01:55 ep 4 step 9900 loss 21.858 word 3.299 mean 34.124 sound 3.707 nb 1.921 lr x0.647 0.12s/step
20:02:06 ep 4 step 10000 loss 21.713 word 3.302 mean 33.830 sound 3.710 nb 1.918 lr x0.641 0.11s/step
/data/omar/m2/core/data.py:97: UserWarning: The given NumPy array is not writable, and PyTorch does not support non-writable tensors. This means writing to this tensor will result in undefined behavior. You may want to copy the array to protect its data or make it writable before converting it to a tensor. This type of warning will be suppressed for the rest of this program. (Triggered internally at /__w/pytorch/pytorch/torch/csrc/utils/tensor_numpy.cpp:213.)
  return (torch.from_numpy(np.ascontiguousarray(x)),
/data/omar/m2/core/data.py:97: UserWarning: The given NumPy array is not writable, and PyTorch does not support non-writable tensors. This means writing to this tensor will result in undefined behavior. You may want to copy the array to protect its data or make it writable before converting it to a tensor. This type of warning will be suppressed for the rest of this program. (Triggered internally at /__w/pytorch/pytorch/torch/csrc/utils/tensor_numpy.cpp:213.)
  return (torch.from_numpy(np.ascontiguousarray(x)),
/data/omar/m2/core/data.py:97: UserWarning: The given NumPy array is not writable, and PyTorch does not support non-writable tensors. This means writing to this tensor will result in undefined behavior. You may want to copy the array to protect its data or make it writable before converting it to a tensor. This type of warning will be suppressed for the rest of this program. (Triggered internally at /__w/pytorch/pytorch/torch/csrc/utils/tensor_numpy.cpp:213.)
  return (torch.from_numpy(np.ascontiguousarray(x)),
/data/omar/m2/core/data.py:97: UserWarning: The given NumPy array is not writable, and PyTorch does not support non-writable tensors. This means writing to this tensor will result in undefined behavior. You may want to copy the array to protect its data or make it writable before converting it to a tensor. This type of warning will be suppressed for the rest of this program. (Triggered internally at /__w/pytorch/pytorch/torch/csrc/utils/tensor_numpy.cpp:213.)
  return (torch.from_numpy(np.ascontiguousarray(x)),
/data/omar/m2/core/data.py:97: UserWarning: The given NumPy array is not writable, and PyTorch does not support non-writable tensors. This means writing to this tensor will result in undefined behavior. You may want to copy the array to protect its data or make it writable before converting it to a tensor. This type of warning will be suppressed for the rest of this program. (Triggered internally at /__w/pytorch/pytorch/torch/csrc/utils/tensor_numpy.cpp:213.)
  return (torch.from_numpy(np.ascontiguousarray(x)),
/data/omar/m2/core/data.py:97: UserWarning: The given NumPy array is not writable, and PyTorch does not support non-writable tensors. This means writing to this tensor will result in undefined behavior. You may want to copy the array to protect its data or make it writable before converting it to a tensor. This type of warning will be suppressed for the rest of this program. (Triggered internally at /__w/pytorch/pytorch/torch/csrc/utils/tensor_numpy.cpp:213.)
  return (torch.from_numpy(np.ascontiguousarray(x)),
/data/omar/m2/core/data.py:97: UserWarning: The given NumPy array is not writable, and PyTorch does not support non-writable tensors. This means writing to this tensor will result in undefined behavior. You may want to copy the array to protect its data or make it writable before converting it to a tensor. This type of warning will be suppressed for the rest of this program. (Triggered internally at /__w/pytorch/pytorch/torch/csrc/utils/tensor_numpy.cpp:213.)
  return (torch.from_numpy(np.ascontiguousarray(x)),
/data/omar/m2/core/data.py:97: UserWarning: The given NumPy array is not writable, and PyTorch does not support non-writable tensors. This means writing to this tensor will result in undefined behavior. You may want to copy the array to protect its data or make it writable before converting it to a tensor. This type of warning will be suppressed for the rest of this program. (Triggered internally at /__w/pytorch/pytorch/torch/csrc/utils/tensor_numpy.cpp:213.)
  return (torch.from_numpy(np.ascontiguousarray(x)),
20:02:09 == epoch 4 deep: bacc10 0.2698 bacc1 0.0339 grid 0.2815@(1.0, 0.5) | broad: bacc10 0.3438 bacc1 0.0508 grid 0.3582@(1.0, 0.0)
20:02:11 new best 0.3068 -> /data/omar/m2/d/r/r1/best.pt
/data/omar/m2/core/data.py:97: UserWarning: The given NumPy array is not writable, and PyTorch does not support non-writable tensors. This means writing to this tensor will result in undefined behavior. You may want to copy the array to protect its data or make it writable before converting it to a tensor. This type of warning will be suppressed for the rest of this program. (Triggered internally at /__w/pytorch/pytorch/torch/csrc/utils/tensor_numpy.cpp:213.)
  return (torch.from_numpy(np.ascontiguousarray(x)),
/data/omar/m2/core/data.py:97: UserWarning: The given NumPy array is not writable, and PyTorch does not support non-writable tensors. This means writing to this tensor will result in undefined behavior. You may want to copy the array to protect its data or make it writable before converting it to a tensor. This type of warning will be suppressed for the rest of this program. (Triggered internally at /__w/pytorch/pytorch/torch/csrc/utils/tensor_numpy.cpp:213.)
  return (torch.from_numpy(np.ascontiguousarray(x)),
/data/omar/m2/core/data.py:97: UserWarning: The given NumPy array is not writable, and PyTorch does not support non-writable tensors. This means writing to this tensor will result in undefined behavior. You may want to copy the array to protect its data or make it writable before converting it to a tensor. This type of warning will be suppressed for the rest of this program. (Triggered internally at /__w/pytorch/pytorch/torch/csrc/utils/tensor_numpy.cpp:213.)
  return (torch.from_numpy(np.ascontiguousarray(x)),
/data/omar/m2/core/data.py:97: UserWarning: The given NumPy array is not writable, and PyTorch does not support non-writable tensors. This means writing to this tensor will result in undefined behavior. You may want to copy the array to protect its data or make it writable before converting it to a tensor. This type of warning will be suppressed for the rest of this program. (Triggered internally at /__w/pytorch/pytorch/torch/csrc/utils/tensor_numpy.cpp:213.)
  return (torch.from_numpy(np.ascontiguousarray(x)),
/data/omar/m2/core/data.py:97: UserWarning: The given NumPy array is not writable, and PyTorch does not support non-writable tensors. This means writing to this tensor will result in undefined behavior. You may want to copy the array to protect its data or make it writable before converting it to a tensor. This type of warning will be suppressed for the rest of this program. (Triggered internally at /__w/pytorch/pytorch/torch/csrc/utils/tensor_numpy.cpp:213.)
  return (torch.from_numpy(np.ascontiguousarray(x)),
/data/omar/m2/core/data.py:97: UserWarning: The given NumPy array is not writable, and PyTorch does not support non-writable tensors. This means writing to this tensor will result in undefined behavior. You may want to copy the array to protect its data or make it writable before converting it to a tensor. This type of warning will be suppressed for the rest of this program. (Triggered internally at /__w/pytorch/pytorch/torch/csrc/utils/tensor_numpy.cpp:213.)
  return (torch.from_numpy(np.ascontiguousarray(x)),
/data/omar/m2/core/data.py:97: UserWarning: The given NumPy array is not writable, and PyTorch does not support non-writable tensors. This means writing to this tensor will result in undefined behavior. You may want to copy the array to protect its data or make it writable before converting it to a tensor. This type of warning will be suppressed for the rest of this program. (Triggered internally at /__w/pytorch/pytorch/torch/csrc/utils/tensor_numpy.cpp:213.)
  return (torch.from_numpy(np.ascontiguousarray(x)),
/data/omar/m2/core/data.py:97: UserWarning: The given NumPy array is not writable, and PyTorch does not support non-writable tensors. This means writing to this tensor will result in undefined behavior. You may want to copy the array to protect its data or make it writable before converting it to a tensor. This type of warning will be suppressed for the rest of this program. (Triggered internally at /__w/pytorch/pytorch/torch/csrc/utils/tensor_numpy.cpp:213.)
  return (torch.from_numpy(np.ascontiguousarray(x)),
/data/omar/m2/core/data.py:97: UserWarning: The given NumPy array is not writable, and PyTorch does not support non-writable tensors. This means writing to this tensor will result in undefined behavior. You may want to copy the array to protect its data or make it writable before converting it to a tensor. This type of warning will be suppressed for the rest of this program. (Triggered internally at /__w/pytorch/pytorch/torch/csrc/utils/tensor_numpy.cpp:213.)
  return (torch.from_numpy(np.ascontiguousarray(x)),
/data/omar/m2/core/data.py:97: UserWarning: The given NumPy array is not writable, and PyTorch does not support non-writable tensors. This means writing to this tensor will result in undefined behavior. You may want to copy the array to protect its data or make it writable before converting it to a tensor. This type of warning will be suppressed for the rest of this program. (Triggered internally at /__w/pytorch/pytorch/torch/csrc/utils/tensor_numpy.cpp:213.)
  return (torch.from_numpy(np.ascontiguousarray(x)),
/data/omar/m2/core/data.py:97: UserWarning: The given NumPy array is not writable, and PyTorch does not support non-writable tensors. This means writing to this tensor will result in undefined behavior. You may want to copy the array to protect its data or make it writable before converting it to a tensor. This type of warning will be suppressed for the rest of this program. (Triggered internally at /__w/pytorch/pytorch/torch/csrc/utils/tensor_numpy.cpp:213.)
  return (torch.from_numpy(np.ascontiguousarray(x)),
/data/omar/m2/core/data.py:97: UserWarning: The given NumPy array is not writable, and PyTorch does not support non-writable tensors. This means writing to this tensor will result in undefined behavior. You may want to copy the array to protect its data or make it writable before converting it to a tensor. This type of warning will be suppressed for the rest of this program. (Triggered internally at /__w/pytorch/pytorch/torch/csrc/utils/tensor_numpy.cpp:213.)
  return (torch.from_numpy(np.ascontiguousarray(x)),
20:02:26 ep 5 step 10100 loss 21.932 word 3.294 mean 34.284 sound 3.707 nb 1.921 lr x0.634 0.14s/step
20:02:38 ep 5 step 10200 loss 21.844 word 3.295 mean 34.108 sound 3.709 nb 1.907 lr x0.628 0.12s/step
20:02:50 ep 5 step 10300 loss 21.701 word 3.302 mean 33.806 sound 3.708 nb 1.917 lr x0.622 0.12s/step
20:03:02 ep 5 step 10400 loss 21.804 word 3.299 mean 34.023 sound 3.705 nb 1.911 lr x0.616 0.12s/step
20:03:14 ep 5 step 10500 loss 21.918 word 3.295 mean 34.262 sound 3.708 nb 1.900 lr x0.610 0.12s/step
20:03:26 ep 5 step 10600 loss 21.680 word 3.285 mean 33.798 sound 3.707 nb 1.920 lr x0.603 0.12s/step
20:03:38 ep 5 step 10700 loss 21.671 word 3.297 mean 33.752 sound 3.707 nb 1.930 lr x0.597 0.12s/step
20:03:50 ep 5 step 10800 loss 21.624 word 3.299 mean 33.655 sound 3.710 nb 1.920 lr x0.591 0.12s/step
20:04:02 ep 5 step 10900 loss 21.820 word 3.282 mean 34.088 sound 3.702 nb 1.918 lr x0.585 0.12s/step
20:04:14 ep 5 step 11000 loss 21.527 word 3.288 mean 33.495 sound 3.699 nb 1.908 lr x0.578 0.12s/step
20:04:26 ep 5 step 11100 loss 21.559 word 3.284 mean 33.561 sound 3.704 nb 1.915 lr x0.572 0.12s/step
20:04:38 ep 5 step 11200 loss 21.831 word 3.273 mean 34.125 sound 3.705 nb 1.917 lr x0.566 0.12s/step
20:04:50 ep 5 step 11300 loss 21.692 word 3.281 mean 33.836 sound 3.704 nb 1.909 lr x0.559 0.12s/step
20:05:02 ep 5 step 11400 loss 21.469 word 3.284 mean 33.375 sound 3.708 nb 1.927 lr x0.553 0.12s/step
20:05:14 ep 5 step 11500 loss 21.669 word 3.274 mean 33.805 sound 3.701 nb 1.912 lr x0.547 0.12s/step
20:05:26 ep 5 step 11600 loss 21.355 word 3.283 mean 33.159 sound 3.702 nb 1.907 lr x0.540 0.12s/step
20:05:38 ep 5 step 11700 loss 21.711 word 3.277 mean 33.879 sound 3.703 nb 1.917 lr x0.534 0.12s/step
20:05:50 ep 5 step 11800 loss 21.543 word 3.270 mean 33.554 sound 3.705 nb 1.926 lr x0.528 0.12s/step
20:06:02 ep 5 step 11900 loss 21.829 word 3.266 mean 34.144 sound 3.703 nb 1.902 lr x0.521 0.12s/step
20:06:13 ep 5 step 12000 loss 21.506 word 3.285 mean 33.452 sound 3.706 nb 1.917 lr x0.515 0.11s/step
/data/omar/m2/core/data.py:97: UserWarning: The given NumPy array is not writable, and PyTorch does not support non-writable tensors. This means writing to this tensor will result in undefined behavior. You may want to copy the array to protect its data or make it writable before converting it to a tensor. This type of warning will be suppressed for the rest of this program. (Triggered internally at /__w/pytorch/pytorch/torch/csrc/utils/tensor_numpy.cpp:213.)
  return (torch.from_numpy(np.ascontiguousarray(x)),
/data/omar/m2/core/data.py:97: UserWarning: The given NumPy array is not writable, and PyTorch does not support non-writable tensors. This means writing to this tensor will result in undefined behavior. You may want to copy the array to protect its data or make it writable before converting it to a tensor. This type of warning will be suppressed for the rest of this program. (Triggered internally at /__w/pytorch/pytorch/torch/csrc/utils/tensor_numpy.cpp:213.)
  return (torch.from_numpy(np.ascontiguousarray(x)),
/data/omar/m2/core/data.py:97: UserWarning: The given NumPy array is not writable, and PyTorch does not support non-writable tensors. This means writing to this tensor will result in undefined behavior. You may want to copy the array to protect its data or make it writable before converting it to a tensor. This type of warning will be suppressed for the rest of this program. (Triggered internally at /__w/pytorch/pytorch/torch/csrc/utils/tensor_numpy.cpp:213.)
  return (torch.from_numpy(np.ascontiguousarray(x)),
/data/omar/m2/core/data.py:97: UserWarning: The given NumPy array is not writable, and PyTorch does not support non-writable tensors. This means writing to this tensor will result in undefined behavior. You may want to copy the array to protect its data or make it writable before converting it to a tensor. This type of warning will be suppressed for the rest of this program. (Triggered internally at /__w/pytorch/pytorch/torch/csrc/utils/tensor_numpy.cpp:213.)
  return (torch.from_numpy(np.ascontiguousarray(x)),
/data/omar/m2/core/data.py:97: UserWarning: The given NumPy array is not writable, and PyTorch does not support non-writable tensors. This means writing to this tensor will result in undefined behavior. You may want to copy the array to protect its data or make it writable before converting it to a tensor. This type of warning will be suppressed for the rest of this program. (Triggered internally at /__w/pytorch/pytorch/torch/csrc/utils/tensor_numpy.cpp:213.)
  return (torch.from_numpy(np.ascontiguousarray(x)),
/data/omar/m2/core/data.py:97: UserWarning: The given NumPy array is not writable, and PyTorch does not support non-writable tensors. This means writing to this tensor will result in undefined behavior. You may want to copy the array to protect its data or make it writable before converting it to a tensor. This type of warning will be suppressed for the rest of this program. (Triggered internally at /__w/pytorch/pytorch/torch/csrc/utils/tensor_numpy.cpp:213.)
  return (torch.from_numpy(np.ascontiguousarray(x)),
/data/omar/m2/core/data.py:97: UserWarning: The given NumPy array is not writable, and PyTorch does not support non-writable tensors. This means writing to this tensor will result in undefined behavior. You may want to copy the array to protect its data or make it writable before converting it to a tensor. This type of warning will be suppressed for the rest of this program. (Triggered internally at /__w/pytorch/pytorch/torch/csrc/utils/tensor_numpy.cpp:213.)
  return (torch.from_numpy(np.ascontiguousarray(x)),
/data/omar/m2/core/data.py:97: UserWarning: The given NumPy array is not writable, and PyTorch does not support non-writable tensors. This means writing to this tensor will result in undefined behavior. You may want to copy the array to protect its data or make it writable before converting it to a tensor. This type of warning will be suppressed for the rest of this program. (Triggered internally at /__w/pytorch/pytorch/torch/csrc/utils/tensor_numpy.cpp:213.)
  return (torch.from_numpy(np.ascontiguousarray(x)),
20:06:16 == epoch 5 deep: bacc10 0.2782 bacc1 0.0381 grid 0.2782@(0.5, 0.0) | broad: bacc10 0.3393 bacc1 0.0521 grid 0.3528@(1.0, 0.0)
20:06:18 new best 0.3087 -> /data/omar/m2/d/r/r1/best.pt
/data/omar/m2/core/data.py:97: UserWarning: The given NumPy array is not writable, and PyTorch does not support non-writable tensors. This means writing to this tensor will result in undefined behavior. You may want to copy the array to protect its data or make it writable before converting it to a tensor. This type of warning will be suppressed for the rest of this program. (Triggered internally at /__w/pytorch/pytorch/torch/csrc/utils/tensor_numpy.cpp:213.)
  return (torch.from_numpy(np.ascontiguousarray(x)),
/data/omar/m2/core/data.py:97: UserWarning: The given NumPy array is not writable, and PyTorch does not support non-writable tensors. This means writing to this tensor will result in undefined behavior. You may want to copy the array to protect its data or make it writable before converting it to a tensor. This type of warning will be suppressed for the rest of this program. (Triggered internally at /__w/pytorch/pytorch/torch/csrc/utils/tensor_numpy.cpp:213.)
  return (torch.from_numpy(np.ascontiguousarray(x)),
/data/omar/m2/core/data.py:97: UserWarning: The given NumPy array is not writable, and PyTorch does not support non-writable tensors. This means writing to this tensor will result in undefined behavior. You may want to copy the array to protect its data or make it writable before converting it to a tensor. This type of warning will be suppressed for the rest of this program. (Triggered internally at /__w/pytorch/pytorch/torch/csrc/utils/tensor_numpy.cpp:213.)
  return (torch.from_numpy(np.ascontiguousarray(x)),
/data/omar/m2/core/data.py:97: UserWarning: The given NumPy array is not writable, and PyTorch does not support non-writable tensors. This means writing to this tensor will result in undefined behavior. You may want to copy the array to protect its data or make it writable before converting it to a tensor. This type of warning will be suppressed for the rest of this program. (Triggered internally at /__w/pytorch/pytorch/torch/csrc/utils/tensor_numpy.cpp:213.)
  return (torch.from_numpy(np.ascontiguousarray(x)),
/data/omar/m2/core/data.py:97: UserWarning: The given NumPy array is not writable, and PyTorch does not support non-writable tensors. This means writing to this tensor will result in undefined behavior. You may want to copy the array to protect its data or make it writable before converting it to a tensor. This type of warning will be suppressed for the rest of this program. (Triggered internally at /__w/pytorch/pytorch/torch/csrc/utils/tensor_numpy.cpp:213.)
  return (torch.from_numpy(np.ascontiguousarray(x)),
/data/omar/m2/core/data.py:97: UserWarning: The given NumPy array is not writable, and PyTorch does not support non-writable tensors. This means writing to this tensor will result in undefined behavior. You may want to copy the array to protect its data or make it writable before converting it to a tensor. This type of warning will be suppressed for the rest of this program. (Triggered internally at /__w/pytorch/pytorch/torch/csrc/utils/tensor_numpy.cpp:213.)
  return (torch.from_numpy(np.ascontiguousarray(x)),
/data/omar/m2/core/data.py:97: UserWarning: The given NumPy array is not writable, and PyTorch does not support non-writable tensors. This means writing to this tensor will result in undefined behavior. You may want to copy the array to protect its data or make it writable before converting it to a tensor. This type of warning will be suppressed for the rest of this program. (Triggered internally at /__w/pytorch/pytorch/torch/csrc/utils/tensor_numpy.cpp:213.)
  return (torch.from_numpy(np.ascontiguousarray(x)),
/data/omar/m2/core/data.py:97: UserWarning: The given NumPy array is not writable, and PyTorch does not support non-writable tensors. This means writing to this tensor will result in undefined behavior. You may want to copy the array to protect its data or make it writable before converting it to a tensor. This type of warning will be suppressed for the rest of this program. (Triggered internally at /__w/pytorch/pytorch/torch/csrc/utils/tensor_numpy.cpp:213.)
  return (torch.from_numpy(np.ascontiguousarray(x)),
/data/omar/m2/core/data.py:97: UserWarning: The given NumPy array is not writable, and PyTorch does not support non-writable tensors. This means writing to this tensor will result in undefined behavior. You may want to copy the array to protect its data or make it writable before converting it to a tensor. This type of warning will be suppressed for the rest of this program. (Triggered internally at /__w/pytorch/pytorch/torch/csrc/utils/tensor_numpy.cpp:213.)
  return (torch.from_numpy(np.ascontiguousarray(x)),
/data/omar/m2/core/data.py:97: UserWarning: The given NumPy array is not writable, and PyTorch does not support non-writable tensors. This means writing to this tensor will result in undefined behavior. You may want to copy the array to protect its data or make it writable before converting it to a tensor. This type of warning will be suppressed for the rest of this program. (Triggered internally at /__w/pytorch/pytorch/torch/csrc/utils/tensor_numpy.cpp:213.)
  return (torch.from_numpy(np.ascontiguousarray(x)),
/data/omar/m2/core/data.py:97: UserWarning: The given NumPy array is not writable, and PyTorch does not support non-writable tensors. This means writing to this tensor will result in undefined behavior. You may want to copy the array to protect its data or make it writable before converting it to a tensor. This type of warning will be suppressed for the rest of this program. (Triggered internally at /__w/pytorch/pytorch/torch/csrc/utils/tensor_numpy.cpp:213.)
  return (torch.from_numpy(np.ascontiguousarray(x)),
/data/omar/m2/core/data.py:97: UserWarning: The given NumPy array is not writable, and PyTorch does not support non-writable tensors. This means writing to this tensor will result in undefined behavior. You may want to copy the array to protect its data or make it writable before converting it to a tensor. This type of warning will be suppressed for the rest of this program. (Triggered internally at /__w/pytorch/pytorch/torch/csrc/utils/tensor_numpy.cpp:213.)
  return (torch.from_numpy(np.ascontiguousarray(x)),
20:06:32 ep 6 step 12100 loss 21.464 word 3.263 mean 33.410 sound 3.701 nb 1.930 lr x0.509 0.14s/step
20:06:44 ep 6 step 12200 loss 21.722 word 3.268 mean 33.926 sound 3.699 nb 1.908 lr x0.502 0.12s/step
20:06:56 ep 6 step 12300 loss 21.348 word 3.277 mean 33.155 sound 3.699 nb 1.915 lr x0.496 0.12s/step
20:07:08 ep 6 step 12400 loss 21.598 word 3.265 mean 33.674 sound 3.704 nb 1.922 lr x0.490 0.12s/step
20:07:19 ep 6 step 12500 loss 21.468 word 3.264 mean 33.417 sound 3.702 nb 1.923 lr x0.483 0.12s/step
20:07:31 ep 6 step 12600 loss 21.183 word 3.271 mean 32.838 sound 3.703 nb 1.911 lr x0.477 0.12s/step
20:07:43 ep 6 step 12700 loss 21.272 word 3.267 mean 33.025 sound 3.705 nb 1.908 lr x0.471 0.12s/step
20:07:55 ep 6 step 12800 loss 21.404 word 3.261 mean 33.298 sound 3.704 nb 1.917 lr x0.464 0.12s/step
20:08:08 ep 6 step 12900 loss 21.315 word 3.265 mean 33.115 sound 3.700 nb 1.912 lr x0.458 0.12s/step
20:08:19 ep 6 step 13000 loss 21.229 word 3.264 mean 32.946 sound 3.697 nb 1.912 lr x0.452 0.12s/step
20:08:31 ep 6 step 13100 loss 21.360 word 3.256 mean 33.226 sound 3.701 nb 1.903 lr x0.445 0.12s/step
20:08:43 ep 6 step 13200 loss 21.281 word 3.251 mean 33.075 sound 3.701 nb 1.913 lr x0.439 0.12s/step
20:08:55 ep 6 step 13300 loss 21.349 word 3.251 mean 33.215 sound 3.701 nb 1.901 lr x0.433 0.12s/step
20:09:07 ep 6 step 13400 loss 21.241 word 3.250 mean 33.003 sound 3.699 nb 1.904 lr x0.427 0.12s/step
20:09:19 ep 6 step 13500 loss 21.405 word 3.250 mean 33.325 sound 3.703 nb 1.905 lr x0.420 0.12s/step
20:09:31 ep 6 step 13600 loss 21.386 word 3.254 mean 33.275 sound 3.700 nb 1.923 lr x0.414 0.12s/step
20:09:43 ep 6 step 13700 loss 21.181 word 3.258 mean 32.861 sound 3.699 nb 1.917 lr x0.408 0.12s/step
20:09:55 ep 6 step 13800 loss 21.251 word 3.257 mean 33.013 sound 3.696 nb 1.896 lr x0.402 0.12s/step
20:10:07 ep 6 step 13900 loss 21.232 word 3.239 mean 33.008 sound 3.696 nb 1.904 lr x0.396 0.12s/step
20:10:19 ep 6 step 14000 loss 21.258 word 3.245 mean 33.043 sound 3.699 nb 1.911 lr x0.390 0.11s/step
/data/omar/m2/core/data.py:97: UserWarning: The given NumPy array is not writable, and PyTorch does not support non-writable tensors. This means writing to this tensor will result in undefined behavior. You may want to copy the array to protect its data or make it writable before converting it to a tensor. This type of warning will be suppressed for the rest of this program. (Triggered internally at /__w/pytorch/pytorch/torch/csrc/utils/tensor_numpy.cpp:213.)
  return (torch.from_numpy(np.ascontiguousarray(x)),
/data/omar/m2/core/data.py:97: UserWarning: The given NumPy array is not writable, and PyTorch does not support non-writable tensors. This means writing to this tensor will result in undefined behavior. You may want to copy the array to protect its data or make it writable before converting it to a tensor. This type of warning will be suppressed for the rest of this program. (Triggered internally at /__w/pytorch/pytorch/torch/csrc/utils/tensor_numpy.cpp:213.)
  return (torch.from_numpy(np.ascontiguousarray(x)),
/data/omar/m2/core/data.py:97: UserWarning: The given NumPy array is not writable, and PyTorch does not support non-writable tensors. This means writing to this tensor will result in undefined behavior. You may want to copy the array to protect its data or make it writable before converting it to a tensor. This type of warning will be suppressed for the rest of this program. (Triggered internally at /__w/pytorch/pytorch/torch/csrc/utils/tensor_numpy.cpp:213.)
  return (torch.from_numpy(np.ascontiguousarray(x)),
/data/omar/m2/core/data.py:97: UserWarning: The given NumPy array is not writable, and PyTorch does not support non-writable tensors. This means writing to this tensor will result in undefined behavior. You may want to copy the array to protect its data or make it writable before converting it to a tensor. This type of warning will be suppressed for the rest of this program. (Triggered internally at /__w/pytorch/pytorch/torch/csrc/utils/tensor_numpy.cpp:213.)
  return (torch.from_numpy(np.ascontiguousarray(x)),
/data/omar/m2/core/data.py:97: UserWarning: The given NumPy array is not writable, and PyTorch does not support non-writable tensors. This means writing to this tensor will result in undefined behavior. You may want to copy the array to protect its data or make it writable before converting it to a tensor. This type of warning will be suppressed for the rest of this program. (Triggered internally at /__w/pytorch/pytorch/torch/csrc/utils/tensor_numpy.cpp:213.)
  return (torch.from_numpy(np.ascontiguousarray(x)),
/data/omar/m2/core/data.py:97: UserWarning: The given NumPy array is not writable, and PyTorch does not support non-writable tensors. This means writing to this tensor will result in undefined behavior. You may want to copy the array to protect its data or make it writable before converting it to a tensor. This type of warning will be suppressed for the rest of this program. (Triggered internally at /__w/pytorch/pytorch/torch/csrc/utils/tensor_numpy.cpp:213.)
  return (torch.from_numpy(np.ascontiguousarray(x)),
/data/omar/m2/core/data.py:97: UserWarning: The given NumPy array is not writable, and PyTorch does not support non-writable tensors. This means writing to this tensor will result in undefined behavior. You may want to copy the array to protect its data or make it writable before converting it to a tensor. This type of warning will be suppressed for the rest of this program. (Triggered internally at /__w/pytorch/pytorch/torch/csrc/utils/tensor_numpy.cpp:213.)
  return (torch.from_numpy(np.ascontiguousarray(x)),
/data/omar/m2/core/data.py:97: UserWarning: The given NumPy array is not writable, and PyTorch does not support non-writable tensors. This means writing to this tensor will result in undefined behavior. You may want to copy the array to protect its data or make it writable before converting it to a tensor. This type of warning will be suppressed for the rest of this program. (Triggered internally at /__w/pytorch/pytorch/torch/csrc/utils/tensor_numpy.cpp:213.)
  return (torch.from_numpy(np.ascontiguousarray(x)),
20:10:22 == epoch 6 deep: bacc10 0.2793 bacc1 0.0417 grid 0.2826@(1.0, 0.5) | broad: bacc10 0.3349 bacc1 0.0508 grid 0.3477@(1.0, 0.0)
/data/omar/m2/core/data.py:97: UserWarning: The given NumPy array is not writable, and PyTorch does not support non-writable tensors. This means writing to this tensor will result in undefined behavior. You may want to copy the array to protect its data or make it writable before converting it to a tensor. This type of warning will be suppressed for the rest of this program. (Triggered internally at /__w/pytorch/pytorch/torch/csrc/utils/tensor_numpy.cpp:213.)
  return (torch.from_numpy(np.ascontiguousarray(x)),
/data/omar/m2/core/data.py:97: UserWarning: The given NumPy array is not writable, and PyTorch does not support non-writable tensors. This means writing to this tensor will result in undefined behavior. You may want to copy the array to protect its data or make it writable before converting it to a tensor. This type of warning will be suppressed for the rest of this program. (Triggered internally at /__w/pytorch/pytorch/torch/csrc/utils/tensor_numpy.cpp:213.)
  return (torch.from_numpy(np.ascontiguousarray(x)),
/data/omar/m2/core/data.py:97: UserWarning: The given NumPy array is not writable, and PyTorch does not support non-writable tensors. This means writing to this tensor will result in undefined behavior. You may want to copy the array to protect its data or make it writable before converting it to a tensor. This type of warning will be suppressed for the rest of this program. (Triggered internally at /__w/pytorch/pytorch/torch/csrc/utils/tensor_numpy.cpp:213.)
  return (torch.from_numpy(np.ascontiguousarray(x)),
/data/omar/m2/core/data.py:97: UserWarning: The given NumPy array is not writable, and PyTorch does not support non-writable tensors. This means writing to this tensor will result in undefined behavior. You may want to copy the array to protect its data or make it writable before converting it to a tensor. This type of warning will be suppressed for the rest of this program. (Triggered internally at /__w/pytorch/pytorch/torch/csrc/utils/tensor_numpy.cpp:213.)
  return (torch.from_numpy(np.ascontiguousarray(x)),
/data/omar/m2/core/data.py:97: UserWarning: The given NumPy array is not writable, and PyTorch does not support non-writable tensors. This means writing to this tensor will result in undefined behavior. You may want to copy the array to protect its data or make it writable before converting it to a tensor. This type of warning will be suppressed for the rest of this program. (Triggered internally at /__w/pytorch/pytorch/torch/csrc/utils/tensor_numpy.cpp:213.)
  return (torch.from_numpy(np.ascontiguousarray(x)),
/data/omar/m2/core/data.py:97: UserWarning: The given NumPy array is not writable, and PyTorch does not support non-writable tensors. This means writing to this tensor will result in undefined behavior. You may want to copy the array to protect its data or make it writable before converting it to a tensor. This type of warning will be suppressed for the rest of this program. (Triggered internally at /__w/pytorch/pytorch/torch/csrc/utils/tensor_numpy.cpp:213.)
  return (torch.from_numpy(np.ascontiguousarray(x)),
/data/omar/m2/core/data.py:97: UserWarning: The given NumPy array is not writable, and PyTorch does not support non-writable tensors. This means writing to this tensor will result in undefined behavior. You may want to copy the array to protect its data or make it writable before converting it to a tensor. This type of warning will be suppressed for the rest of this program. (Triggered internally at /__w/pytorch/pytorch/torch/csrc/utils/tensor_numpy.cpp:213.)
  return (torch.from_numpy(np.ascontiguousarray(x)),
/data/omar/m2/core/data.py:97: UserWarning: The given NumPy array is not writable, and PyTorch does not support non-writable tensors. This means writing to this tensor will result in undefined behavior. You may want to copy the array to protect its data or make it writable before converting it to a tensor. This type of warning will be suppressed for the rest of this program. (Triggered internally at /__w/pytorch/pytorch/torch/csrc/utils/tensor_numpy.cpp:213.)
  return (torch.from_numpy(np.ascontiguousarray(x)),
/data/omar/m2/core/data.py:97: UserWarning: The given NumPy array is not writable, and PyTorch does not support non-writable tensors. This means writing to this tensor will result in undefined behavior. You may want to copy the array to protect its data or make it writable before converting it to a tensor. This type of warning will be suppressed for the rest of this program. (Triggered internally at /__w/pytorch/pytorch/torch/csrc/utils/tensor_numpy.cpp:213.)
  return (torch.from_numpy(np.ascontiguousarray(x)),
/data/omar/m2/core/data.py:97: UserWarning: The given NumPy array is not writable, and PyTorch does not support non-writable tensors. This means writing to this tensor will result in undefined behavior. You may want to copy the array to protect its data or make it writable before converting it to a tensor. This type of warning will be suppressed for the rest of this program. (Triggered internally at /__w/pytorch/pytorch/torch/csrc/utils/tensor_numpy.cpp:213.)
  return (torch.from_numpy(np.ascontiguousarray(x)),
/data/omar/m2/core/data.py:97: UserWarning: The given NumPy array is not writable, and PyTorch does not support non-writable tensors. This means writing to this tensor will result in undefined behavior. You may want to copy the array to protect its data or make it writable before converting it to a tensor. This type of warning will be suppressed for the rest of this program. (Triggered internally at /__w/pytorch/pytorch/torch/csrc/utils/tensor_numpy.cpp:213.)
  return (torch.from_numpy(np.ascontiguousarray(x)),
/data/omar/m2/core/data.py:97: UserWarning: The given NumPy array is not writable, and PyTorch does not support non-writable tensors. This means writing to this tensor will result in undefined behavior. You may want to copy the array to protect its data or make it writable before converting it to a tensor. This type of warning will be suppressed for the rest of this program. (Triggered internally at /__w/pytorch/pytorch/torch/csrc/utils/tensor_numpy.cpp:213.)
  return (torch.from_numpy(np.ascontiguousarray(x)),
20:10:38 ep 7 step 14100 loss 21.251 word 3.246 mean 33.025 sound 3.693 nb 1.919 lr x0.383 0.15s/step
20:10:50 ep 7 step 14200 loss 21.093 word 3.249 mean 32.710 sound 3.699 nb 1.896 lr x0.377 0.12s/step
20:11:02 ep 7 step 14300 loss 21.065 word 3.253 mean 32.641 sound 3.698 nb 1.912 lr x0.371 0.12s/step
20:11:14 ep 7 step 14400 loss 21.080 word 3.239 mean 32.698 sound 3.701 nb 1.906 lr x0.365 0.12s/step
20:11:26 ep 7 step 14500 loss 21.115 word 3.243 mean 32.763 sound 3.696 nb 1.911 lr x0.359 0.12s/step
20:11:37 ep 7 step 14600 loss 21.326 word 3.234 mean 33.207 sound 3.697 nb 1.897 lr x0.353 0.12s/step
20:11:49 ep 7 step 14700 loss 21.100 word 3.231 mean 32.762 sound 3.697 nb 1.894 lr x0.347 0.12s/step
20:12:01 ep 7 step 14800 loss 21.137 word 3.234 mean 32.827 sound 3.694 nb 1.908 lr x0.341 0.12s/step
20:12:13 ep 7 step 14900 loss 21.166 word 3.227 mean 32.900 sound 3.697 nb 1.899 lr x0.335 0.12s/step
20:12:25 ep 7 step 15000 loss 20.919 word 3.235 mean 32.383 sound 3.694 nb 1.924 lr x0.329 0.12s/step
20:12:37 ep 7 step 15100 loss 21.051 word 3.222 mean 32.685 sound 3.698 nb 1.889 lr x0.324 0.12s/step
20:12:49 ep 7 step 15200 loss 21.023 word 3.226 mean 32.616 sound 3.695 nb 1.899 lr x0.318 0.12s/step
20:13:01 ep 7 step 15300 loss 21.035 word 3.244 mean 32.606 sound 3.696 nb 1.900 lr x0.312 0.12s/step
20:13:13 ep 7 step 15400 loss 21.017 word 3.226 mean 32.600 sound 3.697 nb 1.910 lr x0.306 0.12s/step
20:13:25 ep 7 step 15500 loss 21.061 word 3.218 mean 32.709 sound 3.693 nb 1.903 lr x0.301 0.12s/step
20:13:38 ep 7 step 15600 loss 20.915 word 3.225 mean 32.403 sound 3.689 nb 1.904 lr x0.295 0.12s/step
20:13:50 ep 7 step 15700 loss 20.913 word 3.222 mean 32.409 sound 3.695 nb 1.889 lr x0.289 0.12s/step
20:14:01 ep 7 step 15800 loss 20.752 word 3.226 mean 32.077 sound 3.693 nb 1.896 lr x0.284 0.12s/step
20:14:14 ep 7 step 15900 loss 21.043 word 3.228 mean 32.655 sound 3.694 nb 1.900 lr x0.278 0.12s/step
20:14:25 ep 7 step 16000 loss 20.815 word 3.219 mean 32.218 sound 3.693 nb 1.896 lr x0.273 0.11s/step
/data/omar/m2/core/data.py:97: UserWarning: The given NumPy array is not writable, and PyTorch does not support non-writable tensors. This means writing to this tensor will result in undefined behavior. You may want to copy the array to protect its data or make it writable before converting it to a tensor. This type of warning will be suppressed for the rest of this program. (Triggered internally at /__w/pytorch/pytorch/torch/csrc/utils/tensor_numpy.cpp:213.)
  return (torch.from_numpy(np.ascontiguousarray(x)),
/data/omar/m2/core/data.py:97: UserWarning: The given NumPy array is not writable, and PyTorch does not support non-writable tensors. This means writing to this tensor will result in undefined behavior. You may want to copy the array to protect its data or make it writable before converting it to a tensor. This type of warning will be suppressed for the rest of this program. (Triggered internally at /__w/pytorch/pytorch/torch/csrc/utils/tensor_numpy.cpp:213.)
  return (torch.from_numpy(np.ascontiguousarray(x)),
/data/omar/m2/core/data.py:97: UserWarning: The given NumPy array is not writable, and PyTorch does not support non-writable tensors. This means writing to this tensor will result in undefined behavior. You may want to copy the array to protect its data or make it writable before converting it to a tensor. This type of warning will be suppressed for the rest of this program. (Triggered internally at /__w/pytorch/pytorch/torch/csrc/utils/tensor_numpy.cpp:213.)
  return (torch.from_numpy(np.ascontiguousarray(x)),
/data/omar/m2/core/data.py:97: UserWarning: The given NumPy array is not writable, and PyTorch does not support non-writable tensors. This means writing to this tensor will result in undefined behavior. You may want to copy the array to protect its data or make it writable before converting it to a tensor. This type of warning will be suppressed for the rest of this program. (Triggered internally at /__w/pytorch/pytorch/torch/csrc/utils/tensor_numpy.cpp:213.)
  return (torch.from_numpy(np.ascontiguousarray(x)),
/data/omar/m2/core/data.py:97: UserWarning: The given NumPy array is not writable, and PyTorch does not support non-writable tensors. This means writing to this tensor will result in undefined behavior. You may want to copy the array to protect its data or make it writable before converting it to a tensor. This type of warning will be suppressed for the rest of this program. (Triggered internally at /__w/pytorch/pytorch/torch/csrc/utils/tensor_numpy.cpp:213.)
  return (torch.from_numpy(np.ascontiguousarray(x)),
/data/omar/m2/core/data.py:97: UserWarning: The given NumPy array is not writable, and PyTorch does not support non-writable tensors. This means writing to this tensor will result in undefined behavior. You may want to copy the array to protect its data or make it writable before converting it to a tensor. This type of warning will be suppressed for the rest of this program. (Triggered internally at /__w/pytorch/pytorch/torch/csrc/utils/tensor_numpy.cpp:213.)
  return (torch.from_numpy(np.ascontiguousarray(x)),
/data/omar/m2/core/data.py:97: UserWarning: The given NumPy array is not writable, and PyTorch does not support non-writable tensors. This means writing to this tensor will result in undefined behavior. You may want to copy the array to protect its data or make it writable before converting it to a tensor. This type of warning will be suppressed for the rest of this program. (Triggered internally at /__w/pytorch/pytorch/torch/csrc/utils/tensor_numpy.cpp:213.)
  return (torch.from_numpy(np.ascontiguousarray(x)),
/data/omar/m2/core/data.py:97: UserWarning: The given NumPy array is not writable, and PyTorch does not support non-writable tensors. This means writing to this tensor will result in undefined behavior. You may want to copy the array to protect its data or make it writable before converting it to a tensor. This type of warning will be suppressed for the rest of this program. (Triggered internally at /__w/pytorch/pytorch/torch/csrc/utils/tensor_numpy.cpp:213.)
  return (torch.from_numpy(np.ascontiguousarray(x)),
20:14:28 == epoch 7 deep: bacc10 0.2777 bacc1 0.0366 grid 0.2861@(1.0, 0.0) | broad: bacc10 0.3304 bacc1 0.0513 grid 0.3465@(1.0, 0.0)
/data/omar/m2/core/data.py:97: UserWarning: The given NumPy array is not writable, and PyTorch does not support non-writable tensors. This means writing to this tensor will result in undefined behavior. You may want to copy the array to protect its data or make it writable before converting it to a tensor. This type of warning will be suppressed for the rest of this program. (Triggered internally at /__w/pytorch/pytorch/torch/csrc/utils/tensor_numpy.cpp:213.)
  return (torch.from_numpy(np.ascontiguousarray(x)),
/data/omar/m2/core/data.py:97: UserWarning: The given NumPy array is not writable, and PyTorch does not support non-writable tensors. This means writing to this tensor will result in undefined behavior. You may want to copy the array to protect its data or make it writable before converting it to a tensor. This type of warning will be suppressed for the rest of this program. (Triggered internally at /__w/pytorch/pytorch/torch/csrc/utils/tensor_numpy.cpp:213.)
  return (torch.from_numpy(np.ascontiguousarray(x)),
/data/omar/m2/core/data.py:97: UserWarning: The given NumPy array is not writable, and PyTorch does not support non-writable tensors. This means writing to this tensor will result in undefined behavior. You may want to copy the array to protect its data or make it writable before converting it to a tensor. This type of warning will be suppressed for the rest of this program. (Triggered internally at /__w/pytorch/pytorch/torch/csrc/utils/tensor_numpy.cpp:213.)
  return (torch.from_numpy(np.ascontiguousarray(x)),
/data/omar/m2/core/data.py:97: UserWarning: The given NumPy array is not writable, and PyTorch does not support non-writable tensors. This means writing to this tensor will result in undefined behavior. You may want to copy the array to protect its data or make it writable before converting it to a tensor. This type of warning will be suppressed for the rest of this program. (Triggered internally at /__w/pytorch/pytorch/torch/csrc/utils/tensor_numpy.cpp:213.)
  return (torch.from_numpy(np.ascontiguousarray(x)),
/data/omar/m2/core/data.py:97: UserWarning: The given NumPy array is not writable, and PyTorch does not support non-writable tensors. This means writing to this tensor will result in undefined behavior. You may want to copy the array to protect its data or make it writable before converting it to a tensor. This type of warning will be suppressed for the rest of this program. (Triggered internally at /__w/pytorch/pytorch/torch/csrc/utils/tensor_numpy.cpp:213.)
  return (torch.from_numpy(np.ascontiguousarray(x)),
/data/omar/m2/core/data.py:97: UserWarning: The given NumPy array is not writable, and PyTorch does not support non-writable tensors. This means writing to this tensor will result in undefined behavior. You may want to copy the array to protect its data or make it writable before converting it to a tensor. This type of warning will be suppressed for the rest of this program. (Triggered internally at /__w/pytorch/pytorch/torch/csrc/utils/tensor_numpy.cpp:213.)
  return (torch.from_numpy(np.ascontiguousarray(x)),
/data/omar/m2/core/data.py:97: UserWarning: The given NumPy array is not writable, and PyTorch does not support non-writable tensors. This means writing to this tensor will result in undefined behavior. You may want to copy the array to protect its data or make it writable before converting it to a tensor. This type of warning will be suppressed for the rest of this program. (Triggered internally at /__w/pytorch/pytorch/torch/csrc/utils/tensor_numpy.cpp:213.)
  return (torch.from_numpy(np.ascontiguousarray(x)),
/data/omar/m2/core/data.py:97: UserWarning: The given NumPy array is not writable, and PyTorch does not support non-writable tensors. This means writing to this tensor will result in undefined behavior. You may want to copy the array to protect its data or make it writable before converting it to a tensor. This type of warning will be suppressed for the rest of this program. (Triggered internally at /__w/pytorch/pytorch/torch/csrc/utils/tensor_numpy.cpp:213.)
  return (torch.from_numpy(np.ascontiguousarray(x)),
/data/omar/m2/core/data.py:97: UserWarning: The given NumPy array is not writable, and PyTorch does not support non-writable tensors. This means writing to this tensor will result in undefined behavior. You may want to copy the array to protect its data or make it writable before converting it to a tensor. This type of warning will be suppressed for the rest of this program. (Triggered internally at /__w/pytorch/pytorch/torch/csrc/utils/tensor_numpy.cpp:213.)
  return (torch.from_numpy(np.ascontiguousarray(x)),
/data/omar/m2/core/data.py:97: UserWarning: The given NumPy array is not writable, and PyTorch does not support non-writable tensors. This means writing to this tensor will result in undefined behavior. You may want to copy the array to protect its data or make it writable before converting it to a tensor. This type of warning will be suppressed for the rest of this program. (Triggered internally at /__w/pytorch/pytorch/torch/csrc/utils/tensor_numpy.cpp:213.)
  return (torch.from_numpy(np.ascontiguousarray(x)),
/data/omar/m2/core/data.py:97: UserWarning: The given NumPy array is not writable, and PyTorch does not support non-writable tensors. This means writing to this tensor will result in undefined behavior. You may want to copy the array to protect its data or make it writable before converting it to a tensor. This type of warning will be suppressed for the rest of this program. (Triggered internally at /__w/pytorch/pytorch/torch/csrc/utils/tensor_numpy.cpp:213.)
  return (torch.from_numpy(np.ascontiguousarray(x)),
/data/omar/m2/core/data.py:97: UserWarning: The given NumPy array is not writable, and PyTorch does not support non-writable tensors. This means writing to this tensor will result in undefined behavior. You may want to copy the array to protect its data or make it writable before converting it to a tensor. This type of warning will be suppressed for the rest of this program. (Triggered internally at /__w/pytorch/pytorch/torch/csrc/utils/tensor_numpy.cpp:213.)
  return (torch.from_numpy(np.ascontiguousarray(x)),
20:14:42 ep 8 step 16100 loss 21.021 word 3.214 mean 32.643 sound 3.692 nb 1.889 lr x0.267 0.14s/step
20:14:54 ep 8 step 16200 loss 20.962 word 3.221 mean 32.508 sound 3.695 nb 1.893 lr x0.262 0.12s/step
20:15:05 ep 8 step 16300 loss 20.732 word 3.213 mean 32.067 sound 3.693 nb 1.888 lr x0.256 0.12s/step
20:15:17 ep 8 step 16400 loss 20.777 word 3.217 mean 32.142 sound 3.693 nb 1.906 lr x0.251 0.12s/step
20:15:31 ep 8 step 16500 loss 20.898 word 3.214 mean 32.397 sound 3.691 nb 1.889 lr x0.246 0.13s/step
20:15:42 ep 8 step 16600 loss 20.726 word 3.213 mean 32.052 sound 3.692 nb 1.898 lr x0.240 0.12s/step
20:15:54 ep 8 step 16700 loss 20.904 word 3.208 mean 32.409 sound 3.698 nb 1.912 lr x0.235 0.12s/step
20:16:06 ep 8 step 16800 loss 20.930 word 3.210 mean 32.470 sound 3.693 nb 1.888 lr x0.230 0.12s/step
20:16:18 ep 8 step 16900 loss 20.880 word 3.226 mean 32.335 sound 3.693 nb 1.892 lr x0.225 0.12s/step
20:16:29 ep 8 step 17000 loss 20.769 word 3.215 mean 32.129 sound 3.694 nb 1.910 lr x0.220 0.12s/step
20:16:41 ep 8 step 17100 loss 20.853 word 3.204 mean 32.332 sound 3.689 nb 1.882 lr x0.215 0.12s/step
20:16:53 ep 8 step 17200 loss 20.503 word 3.213 mean 31.607 sound 3.690 nb 1.898 lr x0.210 0.12s/step
20:17:05 ep 8 step 17300 loss 20.677 word 3.225 mean 31.937 sound 3.691 nb 1.882 lr x0.205 0.12s/step
20:17:17 ep 8 step 17400 loss 20.648 word 3.207 mean 31.915 sound 3.694 nb 1.876 lr x0.200 0.12s/step
20:17:29 ep 8 step 17500 loss 20.748 word 3.201 mean 32.126 sound 3.694 nb 1.877 lr x0.195 0.12s/step
20:17:40 ep 8 step 17600 loss 20.713 word 3.203 mean 32.047 sound 3.691 nb 1.897 lr x0.191 0.12s/step
20:17:52 ep 8 step 17700 loss 20.833 word 3.209 mean 32.273 sound 3.694 nb 1.896 lr x0.186 0.12s/step
20:18:04 ep 8 step 17800 loss 20.732 word 3.202 mean 32.088 sound 3.695 nb 1.891 lr x0.181 0.12s/step
20:18:16 ep 8 step 17900 loss 20.621 word 3.205 mean 31.862 sound 3.688 nb 1.892 lr x0.177 0.12s/step
20:18:27 ep 8 step 18000 loss 20.726 word 3.197 mean 32.085 sound 3.692 nb 1.898 lr x0.172 0.11s/step
/data/omar/m2/core/data.py:97: UserWarning: The given NumPy array is not writable, and PyTorch does not support non-writable tensors. This means writing to this tensor will result in undefined behavior. You may want to copy the array to protect its data or make it writable before converting it to a tensor. This type of warning will be suppressed for the rest of this program. (Triggered internally at /__w/pytorch/pytorch/torch/csrc/utils/tensor_numpy.cpp:213.)
  return (torch.from_numpy(np.ascontiguousarray(x)),
/data/omar/m2/core/data.py:97: UserWarning: The given NumPy array is not writable, and PyTorch does not support non-writable tensors. This means writing to this tensor will result in undefined behavior. You may want to copy the array to protect its data or make it writable before converting it to a tensor. This type of warning will be suppressed for the rest of this program. (Triggered internally at /__w/pytorch/pytorch/torch/csrc/utils/tensor_numpy.cpp:213.)
  return (torch.from_numpy(np.ascontiguousarray(x)),
/data/omar/m2/core/data.py:97: UserWarning: The given NumPy array is not writable, and PyTorch does not support non-writable tensors. This means writing to this tensor will result in undefined behavior. You may want to copy the array to protect its data or make it writable before converting it to a tensor. This type of warning will be suppressed for the rest of this program. (Triggered internally at /__w/pytorch/pytorch/torch/csrc/utils/tensor_numpy.cpp:213.)
  return (torch.from_numpy(np.ascontiguousarray(x)),
/data/omar/m2/core/data.py:97: UserWarning: The given NumPy array is not writable, and PyTorch does not support non-writable tensors. This means writing to this tensor will result in undefined behavior. You may want to copy the array to protect its data or make it writable before converting it to a tensor. This type of warning will be suppressed for the rest of this program. (Triggered internally at /__w/pytorch/pytorch/torch/csrc/utils/tensor_numpy.cpp:213.)
  return (torch.from_numpy(np.ascontiguousarray(x)),
/data/omar/m2/core/data.py:97: UserWarning: The given NumPy array is not writable, and PyTorch does not support non-writable tensors. This means writing to this tensor will result in undefined behavior. You may want to copy the array to protect its data or make it writable before converting it to a tensor. This type of warning will be suppressed for the rest of this program. (Triggered internally at /__w/pytorch/pytorch/torch/csrc/utils/tensor_numpy.cpp:213.)
  return (torch.from_numpy(np.ascontiguousarray(x)),
/data/omar/m2/core/data.py:97: UserWarning: The given NumPy array is not writable, and PyTorch does not support non-writable tensors. This means writing to this tensor will result in undefined behavior. You may want to copy the array to protect its data or make it writable before converting it to a tensor. This type of warning will be suppressed for the rest of this program. (Triggered internally at /__w/pytorch/pytorch/torch/csrc/utils/tensor_numpy.cpp:213.)
  return (torch.from_numpy(np.ascontiguousarray(x)),
/data/omar/m2/core/data.py:97: UserWarning: The given NumPy array is not writable, and PyTorch does not support non-writable tensors. This means writing to this tensor will result in undefined behavior. You may want to copy the array to protect its data or make it writable before converting it to a tensor. This type of warning will be suppressed for the rest of this program. (Triggered internally at /__w/pytorch/pytorch/torch/csrc/utils/tensor_numpy.cpp:213.)
  return (torch.from_numpy(np.ascontiguousarray(x)),
/data/omar/m2/core/data.py:97: UserWarning: The given NumPy array is not writable, and PyTorch does not support non-writable tensors. This means writing to this tensor will result in undefined behavior. You may want to copy the array to protect its data or make it writable before converting it to a tensor. This type of warning will be suppressed for the rest of this program. (Triggered internally at /__w/pytorch/pytorch/torch/csrc/utils/tensor_numpy.cpp:213.)
  return (torch.from_numpy(np.ascontiguousarray(x)),
20:18:30 == epoch 8 deep: bacc10 0.2870 bacc1 0.0423 grid 0.2883@(1.0, 0.0) | broad: bacc10 0.3293 bacc1 0.0503 grid 0.3415@(1.0, 0.0)
/data/omar/m2/core/data.py:97: UserWarning: The given NumPy array is not writable, and PyTorch does not support non-writable tensors. This means writing to this tensor will result in undefined behavior. You may want to copy the array to protect its data or make it writable before converting it to a tensor. This type of warning will be suppressed for the rest of this program. (Triggered internally at /__w/pytorch/pytorch/torch/csrc/utils/tensor_numpy.cpp:213.)
  return (torch.from_numpy(np.ascontiguousarray(x)),
/data/omar/m2/core/data.py:97: UserWarning: The given NumPy array is not writable, and PyTorch does not support non-writable tensors. This means writing to this tensor will result in undefined behavior. You may want to copy the array to protect its data or make it writable before converting it to a tensor. This type of warning will be suppressed for the rest of this program. (Triggered internally at /__w/pytorch/pytorch/torch/csrc/utils/tensor_numpy.cpp:213.)
  return (torch.from_numpy(np.ascontiguousarray(x)),
/data/omar/m2/core/data.py:97: UserWarning: The given NumPy array is not writable, and PyTorch does not support non-writable tensors. This means writing to this tensor will result in undefined behavior. You may want to copy the array to protect its data or make it writable before converting it to a tensor. This type of warning will be suppressed for the rest of this program. (Triggered internally at /__w/pytorch/pytorch/torch/csrc/utils/tensor_numpy.cpp:213.)
  return (torch.from_numpy(np.ascontiguousarray(x)),
/data/omar/m2/core/data.py:97: UserWarning: The given NumPy array is not writable, and PyTorch does not support non-writable tensors. This means writing to this tensor will result in undefined behavior. You may want to copy the array to protect its data or make it writable before converting it to a tensor. This type of warning will be suppressed for the rest of this program. (Triggered internally at /__w/pytorch/pytorch/torch/csrc/utils/tensor_numpy.cpp:213.)
  return (torch.from_numpy(np.ascontiguousarray(x)),
/data/omar/m2/core/data.py:97: UserWarning: The given NumPy array is not writable, and PyTorch does not support non-writable tensors. This means writing to this tensor will result in undefined behavior. You may want to copy the array to protect its data or make it writable before converting it to a tensor. This type of warning will be suppressed for the rest of this program. (Triggered internally at /__w/pytorch/pytorch/torch/csrc/utils/tensor_numpy.cpp:213.)
  return (torch.from_numpy(np.ascontiguousarray(x)),
/data/omar/m2/core/data.py:97: UserWarning: The given NumPy array is not writable, and PyTorch does not support non-writable tensors. This means writing to this tensor will result in undefined behavior. You may want to copy the array to protect its data or make it writable before converting it to a tensor. This type of warning will be suppressed for the rest of this program. (Triggered internally at /__w/pytorch/pytorch/torch/csrc/utils/tensor_numpy.cpp:213.)
  return (torch.from_numpy(np.ascontiguousarray(x)),
/data/omar/m2/core/data.py:97: UserWarning: The given NumPy array is not writable, and PyTorch does not support non-writable tensors. This means writing to this tensor will result in undefined behavior. You may want to copy the array to protect its data or make it writable before converting it to a tensor. This type of warning will be suppressed for the rest of this program. (Triggered internally at /__w/pytorch/pytorch/torch/csrc/utils/tensor_numpy.cpp:213.)
  return (torch.from_numpy(np.ascontiguousarray(x)),
/data/omar/m2/core/data.py:97: UserWarning: The given NumPy array is not writable, and PyTorch does not support non-writable tensors. This means writing to this tensor will result in undefined behavior. You may want to copy the array to protect its data or make it writable before converting it to a tensor. This type of warning will be suppressed for the rest of this program. (Triggered internally at /__w/pytorch/pytorch/torch/csrc/utils/tensor_numpy.cpp:213.)
  return (torch.from_numpy(np.ascontiguousarray(x)),
/data/omar/m2/core/data.py:97: UserWarning: The given NumPy array is not writable, and PyTorch does not support non-writable tensors. This means writing to this tensor will result in undefined behavior. You may want to copy the array to protect its data or make it writable before converting it to a tensor. This type of warning will be suppressed for the rest of this program. (Triggered internally at /__w/pytorch/pytorch/torch/csrc/utils/tensor_numpy.cpp:213.)
  return (torch.from_numpy(np.ascontiguousarray(x)),
/data/omar/m2/core/data.py:97: UserWarning: The given NumPy array is not writable, and PyTorch does not support non-writable tensors. This means writing to this tensor will result in undefined behavior. You may want to copy the array to protect its data or make it writable before converting it to a tensor. This type of warning will be suppressed for the rest of this program. (Triggered internally at /__w/pytorch/pytorch/torch/csrc/utils/tensor_numpy.cpp:213.)
  return (torch.from_numpy(np.ascontiguousarray(x)),
/data/omar/m2/core/data.py:97: UserWarning: The given NumPy array is not writable, and PyTorch does not support non-writable tensors. This means writing to this tensor will result in undefined behavior. You may want to copy the array to protect its data or make it writable before converting it to a tensor. This type of warning will be suppressed for the rest of this program. (Triggered internally at /__w/pytorch/pytorch/torch/csrc/utils/tensor_numpy.cpp:213.)
  return (torch.from_numpy(np.ascontiguousarray(x)),
/data/omar/m2/core/data.py:97: UserWarning: The given NumPy array is not writable, and PyTorch does not support non-writable tensors. This means writing to this tensor will result in undefined behavior. You may want to copy the array to protect its data or make it writable before converting it to a tensor. This type of warning will be suppressed for the rest of this program. (Triggered internally at /__w/pytorch/pytorch/torch/csrc/utils/tensor_numpy.cpp:213.)
  return (torch.from_numpy(np.ascontiguousarray(x)),
20:18:46 ep 9 step 18100 loss 20.760 word 3.197 mean 32.160 sound 3.690 nb 1.881 lr x0.168 0.14s/step
20:18:58 ep 9 step 18200 loss 20.858 word 3.201 mean 32.347 sound 3.692 nb 1.880 lr x0.163 0.12s/step
20:19:10 ep 9 step 18300 loss 20.632 word 3.203 mean 31.895 sound 3.693 nb 1.872 lr x0.159 0.12s/step
20:19:22 ep 9 step 18400 loss 20.566 word 3.206 mean 31.751 sound 3.689 nb 1.889 lr x0.155 0.12s/step
20:19:34 ep 9 step 18500 loss 20.826 word 3.197 mean 32.287 sound 3.691 nb 1.887 lr x0.150 0.13s/step
20:19:46 ep 9 step 18600 loss 20.635 word 3.200 mean 31.901 sound 3.686 nb 1.894 lr x0.146 0.12s/step
20:19:58 ep 9 step 18700 loss 20.390 word 3.207 mean 31.388 sound 3.693 nb 1.903 lr x0.142 0.12s/step
20:20:10 ep 9 step 18800 loss 20.522 word 3.194 mean 31.679 sound 3.696 nb 1.898 lr x0.138 0.12s/step
20:20:22 ep 9 step 18900 loss 20.704 word 3.185 mean 32.073 sound 3.690 nb 1.881 lr x0.134 0.12s/step
20:20:34 ep 9 step 19000 loss 20.454 word 3.198 mean 31.541 sound 3.691 nb 1.888 lr x0.130 0.12s/step
20:20:46 ep 9 step 19100 loss 20.649 word 3.181 mean 31.969 sound 3.689 nb 1.888 lr x0.126 0.12s/step
20:20:58 ep 9 step 19200 loss 20.656 word 3.192 mean 31.961 sound 3.686 nb 1.887 lr x0.123 0.12s/step
20:21:10 ep 9 step 19300 loss 20.612 word 3.193 mean 31.873 sound 3.684 nb 1.889 lr x0.119 0.12s/step
20:21:22 ep 9 step 19400 loss 20.593 word 3.190 mean 31.836 sound 3.686 nb 1.898 lr x0.115 0.12s/step
20:21:34 ep 9 step 19500 loss 20.659 word 3.191 mean 31.958 sound 3.698 nb 1.899 lr x0.112 0.12s/step
20:21:45 ep 9 step 19600 loss 20.648 word 3.199 mean 31.924 sound 3.692 nb 1.893 lr x0.108 0.12s/step
20:21:57 ep 9 step 19700 loss 20.552 word 3.202 mean 31.724 sound 3.693 nb 1.898 lr x0.105 0.12s/step
20:22:09 ep 9 step 19800 loss 20.551 word 3.178 mean 31.787 sound 3.687 nb 1.867 lr x0.102 0.12s/step
20:22:21 ep 9 step 19900 loss 20.633 word 3.188 mean 31.923 sound 3.688 nb 1.884 lr x0.098 0.12s/step
20:22:32 ep 9 step 20000 loss 20.516 word 3.184 mean 31.696 sound 3.693 nb 1.882 lr x0.095 0.11s/step
/data/omar/m2/core/data.py:97: UserWarning: The given NumPy array is not writable, and PyTorch does not support non-writable tensors. This means writing to this tensor will result in undefined behavior. You may want to copy the array to protect its data or make it writable before converting it to a tensor. This type of warning will be suppressed for the rest of this program. (Triggered internally at /__w/pytorch/pytorch/torch/csrc/utils/tensor_numpy.cpp:213.)
  return (torch.from_numpy(np.ascontiguousarray(x)),
/data/omar/m2/core/data.py:97: UserWarning: The given NumPy array is not writable, and PyTorch does not support non-writable tensors. This means writing to this tensor will result in undefined behavior. You may want to copy the array to protect its data or make it writable before converting it to a tensor. This type of warning will be suppressed for the rest of this program. (Triggered internally at /__w/pytorch/pytorch/torch/csrc/utils/tensor_numpy.cpp:213.)
  return (torch.from_numpy(np.ascontiguousarray(x)),
/data/omar/m2/core/data.py:97: UserWarning: The given NumPy array is not writable, and PyTorch does not support non-writable tensors. This means writing to this tensor will result in undefined behavior. You may want to copy the array to protect its data or make it writable before converting it to a tensor. This type of warning will be suppressed for the rest of this program. (Triggered internally at /__w/pytorch/pytorch/torch/csrc/utils/tensor_numpy.cpp:213.)
  return (torch.from_numpy(np.ascontiguousarray(x)),
/data/omar/m2/core/data.py:97: UserWarning: The given NumPy array is not writable, and PyTorch does not support non-writable tensors. This means writing to this tensor will result in undefined behavior. You may want to copy the array to protect its data or make it writable before converting it to a tensor. This type of warning will be suppressed for the rest of this program. (Triggered internally at /__w/pytorch/pytorch/torch/csrc/utils/tensor_numpy.cpp:213.)
  return (torch.from_numpy(np.ascontiguousarray(x)),
/data/omar/m2/core/data.py:97: UserWarning: The given NumPy array is not writable, and PyTorch does not support non-writable tensors. This means writing to this tensor will result in undefined behavior. You may want to copy the array to protect its data or make it writable before converting it to a tensor. This type of warning will be suppressed for the rest of this program. (Triggered internally at /__w/pytorch/pytorch/torch/csrc/utils/tensor_numpy.cpp:213.)
  return (torch.from_numpy(np.ascontiguousarray(x)),
/data/omar/m2/core/data.py:97: UserWarning: The given NumPy array is not writable, and PyTorch does not support non-writable tensors. This means writing to this tensor will result in undefined behavior. You may want to copy the array to protect its data or make it writable before converting it to a tensor. This type of warning will be suppressed for the rest of this program. (Triggered internally at /__w/pytorch/pytorch/torch/csrc/utils/tensor_numpy.cpp:213.)
  return (torch.from_numpy(np.ascontiguousarray(x)),
/data/omar/m2/core/data.py:97: UserWarning: The given NumPy array is not writable, and PyTorch does not support non-writable tensors. This means writing to this tensor will result in undefined behavior. You may want to copy the array to protect its data or make it writable before converting it to a tensor. This type of warning will be suppressed for the rest of this program. (Triggered internally at /__w/pytorch/pytorch/torch/csrc/utils/tensor_numpy.cpp:213.)
  return (torch.from_numpy(np.ascontiguousarray(x)),
/data/omar/m2/core/data.py:97: UserWarning: The given NumPy array is not writable, and PyTorch does not support non-writable tensors. This means writing to this tensor will result in undefined behavior. You may want to copy the array to protect its data or make it writable before converting it to a tensor. This type of warning will be suppressed for the rest of this program. (Triggered internally at /__w/pytorch/pytorch/torch/csrc/utils/tensor_numpy.cpp:213.)
  return (torch.from_numpy(np.ascontiguousarray(x)),
20:22:35 == epoch 9 deep: bacc10 0.2796 bacc1 0.0436 grid 0.2872@(1.0, 0.0) | broad: bacc10 0.3315 bacc1 0.0513 grid 0.3446@(1.0, 0.0)
/data/omar/m2/core/data.py:97: UserWarning: The given NumPy array is not writable, and PyTorch does not support non-writable tensors. This means writing to this tensor will result in undefined behavior. You may want to copy the array to protect its data or make it writable before converting it to a tensor. This type of warning will be suppressed for the rest of this program. (Triggered internally at /__w/pytorch/pytorch/torch/csrc/utils/tensor_numpy.cpp:213.)
  return (torch.from_numpy(np.ascontiguousarray(x)),
/data/omar/m2/core/data.py:97: UserWarning: The given NumPy array is not writable, and PyTorch does not support non-writable tensors. This means writing to this tensor will result in undefined behavior. You may want to copy the array to protect its data or make it writable before converting it to a tensor. This type of warning will be suppressed for the rest of this program. (Triggered internally at /__w/pytorch/pytorch/torch/csrc/utils/tensor_numpy.cpp:213.)
  return (torch.from_numpy(np.ascontiguousarray(x)),
/data/omar/m2/core/data.py:97: UserWarning: The given NumPy array is not writable, and PyTorch does not support non-writable tensors. This means writing to this tensor will result in undefined behavior. You may want to copy the array to protect its data or make it writable before converting it to a tensor. This type of warning will be suppressed for the rest of this program. (Triggered internally at /__w/pytorch/pytorch/torch/csrc/utils/tensor_numpy.cpp:213.)
  return (torch.from_numpy(np.ascontiguousarray(x)),
/data/omar/m2/core/data.py:97: UserWarning: The given NumPy array is not writable, and PyTorch does not support non-writable tensors. This means writing to this tensor will result in undefined behavior. You may want to copy the array to protect its data or make it writable before converting it to a tensor. This type of warning will be suppressed for the rest of this program. (Triggered internally at /__w/pytorch/pytorch/torch/csrc/utils/tensor_numpy.cpp:213.)
  return (torch.from_numpy(np.ascontiguousarray(x)),
/data/omar/m2/core/data.py:97: UserWarning: The given NumPy array is not writable, and PyTorch does not support non-writable tensors. This means writing to this tensor will result in undefined behavior. You may want to copy the array to protect its data or make it writable before converting it to a tensor. This type of warning will be suppressed for the rest of this program. (Triggered internally at /__w/pytorch/pytorch/torch/csrc/utils/tensor_numpy.cpp:213.)
  return (torch.from_numpy(np.ascontiguousarray(x)),
/data/omar/m2/core/data.py:97: UserWarning: The given NumPy array is not writable, and PyTorch does not support non-writable tensors. This means writing to this tensor will result in undefined behavior. You may want to copy the array to protect its data or make it writable before converting it to a tensor. This type of warning will be suppressed for the rest of this program. (Triggered internally at /__w/pytorch/pytorch/torch/csrc/utils/tensor_numpy.cpp:213.)
  return (torch.from_numpy(np.ascontiguousarray(x)),
/data/omar/m2/core/data.py:97: UserWarning: The given NumPy array is not writable, and PyTorch does not support non-writable tensors. This means writing to this tensor will result in undefined behavior. You may want to copy the array to protect its data or make it writable before converting it to a tensor. This type of warning will be suppressed for the rest of this program. (Triggered internally at /__w/pytorch/pytorch/torch/csrc/utils/tensor_numpy.cpp:213.)
  return (torch.from_numpy(np.ascontiguousarray(x)),
/data/omar/m2/core/data.py:97: UserWarning: The given NumPy array is not writable, and PyTorch does not support non-writable tensors. This means writing to this tensor will result in undefined behavior. You may want to copy the array to protect its data or make it writable before converting it to a tensor. This type of warning will be suppressed for the rest of this program. (Triggered internally at /__w/pytorch/pytorch/torch/csrc/utils/tensor_numpy.cpp:213.)
  return (torch.from_numpy(np.ascontiguousarray(x)),
/data/omar/m2/core/data.py:97: UserWarning: The given NumPy array is not writable, and PyTorch does not support non-writable tensors. This means writing to this tensor will result in undefined behavior. You may want to copy the array to protect its data or make it writable before converting it to a tensor. This type of warning will be suppressed for the rest of this program. (Triggered internally at /__w/pytorch/pytorch/torch/csrc/utils/tensor_numpy.cpp:213.)
  return (torch.from_numpy(np.ascontiguousarray(x)),
/data/omar/m2/core/data.py:97: UserWarning: The given NumPy array is not writable, and PyTorch does not support non-writable tensors. This means writing to this tensor will result in undefined behavior. You may want to copy the array to protect its data or make it writable before converting it to a tensor. This type of warning will be suppressed for the rest of this program. (Triggered internally at /__w/pytorch/pytorch/torch/csrc/utils/tensor_numpy.cpp:213.)
  return (torch.from_numpy(np.ascontiguousarray(x)),
/data/omar/m2/core/data.py:97: UserWarning: The given NumPy array is not writable, and PyTorch does not support non-writable tensors. This means writing to this tensor will result in undefined behavior. You may want to copy the array to protect its data or make it writable before converting it to a tensor. This type of warning will be suppressed for the rest of this program. (Triggered internally at /__w/pytorch/pytorch/torch/csrc/utils/tensor_numpy.cpp:213.)
  return (torch.from_numpy(np.ascontiguousarray(x)),
/data/omar/m2/core/data.py:97: UserWarning: The given NumPy array is not writable, and PyTorch does not support non-writable tensors. This means writing to this tensor will result in undefined behavior. You may want to copy the array to protect its data or make it writable before converting it to a tensor. This type of warning will be suppressed for the rest of this program. (Triggered internally at /__w/pytorch/pytorch/torch/csrc/utils/tensor_numpy.cpp:213.)
  return (torch.from_numpy(np.ascontiguousarray(x)),
20:22:50 ep 10 step 20100 loss 20.450 word 3.179 mean 31.575 sound 3.690 nb 1.882 lr x0.092 0.14s/step
20:23:02 ep 10 step 20200 loss 20.713 word 3.194 mean 32.060 sound 3.690 nb 1.907 lr x0.089 0.12s/step
20:23:13 ep 10 step 20300 loss 20.430 word 3.181 mean 31.534 sound 3.686 nb 1.880 lr x0.086 0.12s/step
20:23:25 ep 10 step 20400 loss 20.414 word 3.176 mean 31.512 sound 3.682 nb 1.888 lr x0.083 0.12s/step
20:23:37 ep 10 step 20500 loss 20.523 word 3.176 mean 31.729 sound 3.685 nb 1.886 lr x0.080 0.12s/step
20:23:50 ep 10 step 20600 loss 20.427 word 3.184 mean 31.521 sound 3.684 nb 1.882 lr x0.077 0.12s/step
20:24:01 ep 10 step 20700 loss 20.596 word 3.183 mean 31.854 sound 3.689 nb 1.898 lr x0.075 0.12s/step
20:24:13 ep 10 step 20800 loss 20.509 word 3.176 mean 31.700 sound 3.687 nb 1.884 lr x0.072 0.12s/step
20:24:25 ep 10 step 20900 loss 20.523 word 3.177 mean 31.730 sound 3.684 nb 1.879 lr x0.069 0.12s/step
20:24:37 ep 10 step 21000 loss 20.468 word 3.176 mean 31.618 sound 3.687 nb 1.885 lr x0.067 0.12s/step
20:24:49 ep 10 step 21100 loss 20.613 word 3.185 mean 31.888 sound 3.688 nb 1.888 lr x0.065 0.12s/step
20:25:01 ep 10 step 21200 loss 20.485 word 3.177 mean 31.650 sound 3.686 nb 1.888 lr x0.062 0.12s/step
20:25:13 ep 10 step 21300 loss 20.366 word 3.179 mean 31.404 sound 3.689 nb 1.892 lr x0.060 0.12s/step
20:25:25 ep 10 step 21400 loss 20.248 word 3.182 mean 31.164 sound 3.694 nb 1.882 lr x0.058 0.12s/step
20:25:37 ep 10 step 21500 loss 20.291 word 3.184 mean 31.245 sound 3.690 nb 1.889 lr x0.056 0.12s/step
20:25:49 ep 10 step 21600 loss 20.247 word 3.177 mean 31.173 sound 3.685 nb 1.890 lr x0.054 0.12s/step
20:26:01 ep 10 step 21700 loss 20.177 word 3.186 mean 31.016 sound 3.685 nb 1.885 lr x0.052 0.12s/step
20:26:13 ep 10 step 21800 loss 20.529 word 3.174 mean 31.744 sound 3.689 nb 1.882 lr x0.050 0.12s/step
20:26:25 ep 10 step 21900 loss 20.410 word 3.177 mean 31.495 sound 3.690 nb 1.890 lr x0.048 0.12s/step
20:26:37 ep 10 step 22000 loss 20.260 word 3.180 mean 31.200 sound 3.690 nb 1.867 lr x0.047 0.11s/step
/data/omar/m2/core/data.py:97: UserWarning: The given NumPy array is not writable, and PyTorch does not support non-writable tensors. This means writing to this tensor will result in undefined behavior. You may want to copy the array to protect its data or make it writable before converting it to a tensor. This type of warning will be suppressed for the rest of this program. (Triggered internally at /__w/pytorch/pytorch/torch/csrc/utils/tensor_numpy.cpp:213.)
  return (torch.from_numpy(np.ascontiguousarray(x)),
/data/omar/m2/core/data.py:97: UserWarning: The given NumPy array is not writable, and PyTorch does not support non-writable tensors. This means writing to this tensor will result in undefined behavior. You may want to copy the array to protect its data or make it writable before converting it to a tensor. This type of warning will be suppressed for the rest of this program. (Triggered internally at /__w/pytorch/pytorch/torch/csrc/utils/tensor_numpy.cpp:213.)
  return (torch.from_numpy(np.ascontiguousarray(x)),
/data/omar/m2/core/data.py:97: UserWarning: The given NumPy array is not writable, and PyTorch does not support non-writable tensors. This means writing to this tensor will result in undefined behavior. You may want to copy the array to protect its data or make it writable before converting it to a tensor. This type of warning will be suppressed for the rest of this program. (Triggered internally at /__w/pytorch/pytorch/torch/csrc/utils/tensor_numpy.cpp:213.)
  return (torch.from_numpy(np.ascontiguousarray(x)),
/data/omar/m2/core/data.py:97: UserWarning: The given NumPy array is not writable, and PyTorch does not support non-writable tensors. This means writing to this tensor will result in undefined behavior. You may want to copy the array to protect its data or make it writable before converting it to a tensor. This type of warning will be suppressed for the rest of this program. (Triggered internally at /__w/pytorch/pytorch/torch/csrc/utils/tensor_numpy.cpp:213.)
  return (torch.from_numpy(np.ascontiguousarray(x)),
/data/omar/m2/core/data.py:97: UserWarning: The given NumPy array is not writable, and PyTorch does not support non-writable tensors. This means writing to this tensor will result in undefined behavior. You may want to copy the array to protect its data or make it writable before converting it to a tensor. This type of warning will be suppressed for the rest of this program. (Triggered internally at /__w/pytorch/pytorch/torch/csrc/utils/tensor_numpy.cpp:213.)
  return (torch.from_numpy(np.ascontiguousarray(x)),
/data/omar/m2/core/data.py:97: UserWarning: The given NumPy array is not writable, and PyTorch does not support non-writable tensors. This means writing to this tensor will result in undefined behavior. You may want to copy the array to protect its data or make it writable before converting it to a tensor. This type of warning will be suppressed for the rest of this program. (Triggered internally at /__w/pytorch/pytorch/torch/csrc/utils/tensor_numpy.cpp:213.)
  return (torch.from_numpy(np.ascontiguousarray(x)),
/data/omar/m2/core/data.py:97: UserWarning: The given NumPy array is not writable, and PyTorch does not support non-writable tensors. This means writing to this tensor will result in undefined behavior. You may want to copy the array to protect its data or make it writable before converting it to a tensor. This type of warning will be suppressed for the rest of this program. (Triggered internally at /__w/pytorch/pytorch/torch/csrc/utils/tensor_numpy.cpp:213.)
  return (torch.from_numpy(np.ascontiguousarray(x)),
/data/omar/m2/core/data.py:97: UserWarning: The given NumPy array is not writable, and PyTorch does not support non-writable tensors. This means writing to this tensor will result in undefined behavior. You may want to copy the array to protect its data or make it writable before converting it to a tensor. This type of warning will be suppressed for the rest of this program. (Triggered internally at /__w/pytorch/pytorch/torch/csrc/utils/tensor_numpy.cpp:213.)
  return (torch.from_numpy(np.ascontiguousarray(x)),
20:26:40 == epoch 10 deep: bacc10 0.2835 bacc1 0.0451 grid 0.2907@(1.0, 0.0) | broad: bacc10 0.3328 bacc1 0.0500 grid 0.3432@(1.0, 0.0)
/data/omar/m2/core/data.py:97: UserWarning: The given NumPy array is not writable, and PyTorch does not support non-writable tensors. This means writing to this tensor will result in undefined behavior. You may want to copy the array to protect its data or make it writable before converting it to a tensor. This type of warning will be suppressed for the rest of this program. (Triggered internally at /__w/pytorch/pytorch/torch/csrc/utils/tensor_numpy.cpp:213.)
  return (torch.from_numpy(np.ascontiguousarray(x)),
/data/omar/m2/core/data.py:97: UserWarning: The given NumPy array is not writable, and PyTorch does not support non-writable tensors. This means writing to this tensor will result in undefined behavior. You may want to copy the array to protect its data or make it writable before converting it to a tensor. This type of warning will be suppressed for the rest of this program. (Triggered internally at /__w/pytorch/pytorch/torch/csrc/utils/tensor_numpy.cpp:213.)
  return (torch.from_numpy(np.ascontiguousarray(x)),
/data/omar/m2/core/data.py:97: UserWarning: The given NumPy array is not writable, and PyTorch does not support non-writable tensors. This means writing to this tensor will result in undefined behavior. You may want to copy the array to protect its data or make it writable before converting it to a tensor. This type of warning will be suppressed for the rest of this program. (Triggered internally at /__w/pytorch/pytorch/torch/csrc/utils/tensor_numpy.cpp:213.)
  return (torch.from_numpy(np.ascontiguousarray(x)),
/data/omar/m2/core/data.py:97: UserWarning: The given NumPy array is not writable, and PyTorch does not support non-writable tensors. This means writing to this tensor will result in undefined behavior. You may want to copy the array to protect its data or make it writable before converting it to a tensor. This type of warning will be suppressed for the rest of this program. (Triggered internally at /__w/pytorch/pytorch/torch/csrc/utils/tensor_numpy.cpp:213.)
  return (torch.from_numpy(np.ascontiguousarray(x)),
/data/omar/m2/core/data.py:97: UserWarning: The given NumPy array is not writable, and PyTorch does not support non-writable tensors. This means writing to this tensor will result in undefined behavior. You may want to copy the array to protect its data or make it writable before converting it to a tensor. This type of warning will be suppressed for the rest of this program. (Triggered internally at /__w/pytorch/pytorch/torch/csrc/utils/tensor_numpy.cpp:213.)
  return (torch.from_numpy(np.ascontiguousarray(x)),
/data/omar/m2/core/data.py:97: UserWarning: The given NumPy array is not writable, and PyTorch does not support non-writable tensors. This means writing to this tensor will result in undefined behavior. You may want to copy the array to protect its data or make it writable before converting it to a tensor. This type of warning will be suppressed for the rest of this program. (Triggered internally at /__w/pytorch/pytorch/torch/csrc/utils/tensor_numpy.cpp:213.)
  return (torch.from_numpy(np.ascontiguousarray(x)),
/data/omar/m2/core/data.py:97: UserWarning: The given NumPy array is not writable, and PyTorch does not support non-writable tensors. This means writing to this tensor will result in undefined behavior. You may want to copy the array to protect its data or make it writable before converting it to a tensor. This type of warning will be suppressed for the rest of this program. (Triggered internally at /__w/pytorch/pytorch/torch/csrc/utils/tensor_numpy.cpp:213.)
  return (torch.from_numpy(np.ascontiguousarray(x)),
/data/omar/m2/core/data.py:97: UserWarning: The given NumPy array is not writable, and PyTorch does not support non-writable tensors. This means writing to this tensor will result in undefined behavior. You may want to copy the array to protect its data or make it writable before converting it to a tensor. This type of warning will be suppressed for the rest of this program. (Triggered internally at /__w/pytorch/pytorch/torch/csrc/utils/tensor_numpy.cpp:213.)
  return (torch.from_numpy(np.ascontiguousarray(x)),
/data/omar/m2/core/data.py:97: UserWarning: The given NumPy array is not writable, and PyTorch does not support non-writable tensors. This means writing to this tensor will result in undefined behavior. You may want to copy the array to protect its data or make it writable before converting it to a tensor. This type of warning will be suppressed for the rest of this program. (Triggered internally at /__w/pytorch/pytorch/torch/csrc/utils/tensor_numpy.cpp:213.)
  return (torch.from_numpy(np.ascontiguousarray(x)),
/data/omar/m2/core/data.py:97: UserWarning: The given NumPy array is not writable, and PyTorch does not support non-writable tensors. This means writing to this tensor will result in undefined behavior. You may want to copy the array to protect its data or make it writable before converting it to a tensor. This type of warning will be suppressed for the rest of this program. (Triggered internally at /__w/pytorch/pytorch/torch/csrc/utils/tensor_numpy.cpp:213.)
  return (torch.from_numpy(np.ascontiguousarray(x)),
/data/omar/m2/core/data.py:97: UserWarning: The given NumPy array is not writable, and PyTorch does not support non-writable tensors. This means writing to this tensor will result in undefined behavior. You may want to copy the array to protect its data or make it writable before converting it to a tensor. This type of warning will be suppressed for the rest of this program. (Triggered internally at /__w/pytorch/pytorch/torch/csrc/utils/tensor_numpy.cpp:213.)
  return (torch.from_numpy(np.ascontiguousarray(x)),
/data/omar/m2/core/data.py:97: UserWarning: The given NumPy array is not writable, and PyTorch does not support non-writable tensors. This means writing to this tensor will result in undefined behavior. You may want to copy the array to protect its data or make it writable before converting it to a tensor. This type of warning will be suppressed for the rest of this program. (Triggered internally at /__w/pytorch/pytorch/torch/csrc/utils/tensor_numpy.cpp:213.)
  return (torch.from_numpy(np.ascontiguousarray(x)),
20:26:54 ep 11 step 22100 loss 20.498 word 3.186 mean 31.653 sound 3.684 nb 1.899 lr x0.045 0.14s/step
20:27:06 ep 11 step 22200 loss 20.554 word 3.156 mean 31.835 sound 3.686 nb 1.874 lr x0.043 0.12s/step
20:27:18 ep 11 step 22300 loss 20.525 word 3.179 mean 31.730 sound 3.688 nb 1.870 lr x0.042 0.12s/step
20:27:30 ep 11 step 22400 loss 20.283 word 3.179 mean 31.243 sound 3.689 nb 1.883 lr x0.041 0.12s/step
20:27:41 ep 11 step 22500 loss 20.260 word 3.176 mean 31.192 sound 3.684 nb 1.911 lr x0.039 0.12s/step
20:27:54 ep 11 step 22600 loss 20.402 word 3.172 mean 31.495 sound 3.690 nb 1.875 lr x0.038 0.12s/step
20:28:05 ep 11 step 22700 loss 20.458 word 3.169 mean 31.612 sound 3.684 nb 1.888 lr x0.037 0.12s/step
20:28:17 ep 11 step 22800 loss 20.403 word 3.176 mean 31.489 sound 3.683 nb 1.888 lr x0.036 0.12s/step
20:28:29 ep 11 step 22900 loss 20.408 word 3.164 mean 31.523 sound 3.688 nb 1.883 lr x0.035 0.12s/step
20:28:40 ep 11 step 23000 loss 20.673 word 3.159 mean 32.064 sound 3.689 nb 1.880 lr x0.034 0.11s/step
20:28:52 ep 11 step 23100 loss 20.564 word 3.169 mean 31.822 sound 3.690 nb 1.885 lr x0.033 0.12s/step
20:29:04 ep 11 step 23200 loss 20.226 word 3.172 mean 31.138 sound 3.687 nb 1.890 lr x0.033 0.12s/step
20:29:16 ep 11 step 23300 loss 20.491 word 3.170 mean 31.670 sound 3.691 nb 1.895 lr x0.032 0.12s/step
20:29:27 ep 11 step 23400 loss 20.401 word 3.172 mean 31.492 sound 3.683 nb 1.887 lr x0.032 0.12s/step
20:29:39 ep 11 step 23500 loss 20.591 word 3.169 mean 31.888 sound 3.687 nb 1.859 lr x0.031 0.12s/step
20:29:51 ep 11 step 23600 loss 20.197 word 3.175 mean 31.075 sound 3.684 nb 1.894 lr x0.031 0.12s/step
20:30:03 ep 11 step 23700 loss 20.445 word 3.166 mean 31.593 sound 3.686 nb 1.882 lr x0.030 0.12s/step
20:30:15 ep 11 step 23800 loss 20.404 word 3.175 mean 31.496 sound 3.684 nb 1.878 lr x0.030 0.12s/step
20:30:26 ep 11 step 23900 loss 20.435 word 3.177 mean 31.552 sound 3.693 nb 1.872 lr x0.030 0.12s/step
20:30:38 ep 11 step 24000 loss 20.368 word 3.187 mean 31.392 sound 3.687 nb 1.894 lr x0.030 0.11s/step
/data/omar/m2/core/data.py:97: UserWarning: The given NumPy array is not writable, and PyTorch does not support non-writable tensors. This means writing to this tensor will result in undefined behavior. You may want to copy the array to protect its data or make it writable before converting it to a tensor. This type of warning will be suppressed for the rest of this program. (Triggered internally at /__w/pytorch/pytorch/torch/csrc/utils/tensor_numpy.cpp:213.)
  return (torch.from_numpy(np.ascontiguousarray(x)),
/data/omar/m2/core/data.py:97: UserWarning: The given NumPy array is not writable, and PyTorch does not support non-writable tensors. This means writing to this tensor will result in undefined behavior. You may want to copy the array to protect its data or make it writable before converting it to a tensor. This type of warning will be suppressed for the rest of this program. (Triggered internally at /__w/pytorch/pytorch/torch/csrc/utils/tensor_numpy.cpp:213.)
  return (torch.from_numpy(np.ascontiguousarray(x)),
/data/omar/m2/core/data.py:97: UserWarning: The given NumPy array is not writable, and PyTorch does not support non-writable tensors. This means writing to this tensor will result in undefined behavior. You may want to copy the array to protect its data or make it writable before converting it to a tensor. This type of warning will be suppressed for the rest of this program. (Triggered internally at /__w/pytorch/pytorch/torch/csrc/utils/tensor_numpy.cpp:213.)
  return (torch.from_numpy(np.ascontiguousarray(x)),
/data/omar/m2/core/data.py:97: UserWarning: The given NumPy array is not writable, and PyTorch does not support non-writable tensors. This means writing to this tensor will result in undefined behavior. You may want to copy the array to protect its data or make it writable before converting it to a tensor. This type of warning will be suppressed for the rest of this program. (Triggered internally at /__w/pytorch/pytorch/torch/csrc/utils/tensor_numpy.cpp:213.)
  return (torch.from_numpy(np.ascontiguousarray(x)),
/data/omar/m2/core/data.py:97: UserWarning: The given NumPy array is not writable, and PyTorch does not support non-writable tensors. This means writing to this tensor will result in undefined behavior. You may want to copy the array to protect its data or make it writable before converting it to a tensor. This type of warning will be suppressed for the rest of this program. (Triggered internally at /__w/pytorch/pytorch/torch/csrc/utils/tensor_numpy.cpp:213.)
  return (torch.from_numpy(np.ascontiguousarray(x)),
/data/omar/m2/core/data.py:97: UserWarning: The given NumPy array is not writable, and PyTorch does not support non-writable tensors. This means writing to this tensor will result in undefined behavior. You may want to copy the array to protect its data or make it writable before converting it to a tensor. This type of warning will be suppressed for the rest of this program. (Triggered internally at /__w/pytorch/pytorch/torch/csrc/utils/tensor_numpy.cpp:213.)
  return (torch.from_numpy(np.ascontiguousarray(x)),
/data/omar/m2/core/data.py:97: UserWarning: The given NumPy array is not writable, and PyTorch does not support non-writable tensors. This means writing to this tensor will result in undefined behavior. You may want to copy the array to protect its data or make it writable before converting it to a tensor. This type of warning will be suppressed for the rest of this program. (Triggered internally at /__w/pytorch/pytorch/torch/csrc/utils/tensor_numpy.cpp:213.)
  return (torch.from_numpy(np.ascontiguousarray(x)),
/data/omar/m2/core/data.py:97: UserWarning: The given NumPy array is not writable, and PyTorch does not support non-writable tensors. This means writing to this tensor will result in undefined behavior. You may want to copy the array to protect its data or make it writable before converting it to a tensor. This type of warning will be suppressed for the rest of this program. (Triggered internally at /__w/pytorch/pytorch/torch/csrc/utils/tensor_numpy.cpp:213.)
  return (torch.from_numpy(np.ascontiguousarray(x)),
20:30:41 == epoch 11 deep: bacc10 0.2838 bacc1 0.0440 grid 0.3041@(1.0, 0.0) | broad: bacc10 0.3327 bacc1 0.0505 grid 0.3449@(1.0, 0.0)
20:30:41 done. best mean bacc10 0.3087
20:30:46 init from d/r/r1/best_deep.pt (missing 0, unexpected 0)
20:30:46 params 16.6M, trainable 16.6M, device cuda
20:30:46 train rows 770716, val deep 5952, val broad 17940
/data/omar/m2/core/data.py:97: UserWarning: The given NumPy array is not writable, and PyTorch does not support non-writable tensors. This means writing to this tensor will result in undefined behavior. You may want to copy the array to protect its data or make it writable before converting it to a tensor. This type of warning will be suppressed for the rest of this program. (Triggered internally at /__w/pytorch/pytorch/torch/csrc/utils/tensor_numpy.cpp:213.)
  return (torch.from_numpy(np.ascontiguousarray(x)),
/data/omar/m2/core/data.py:97: UserWarning: The given NumPy array is not writable, and PyTorch does not support non-writable tensors. This means writing to this tensor will result in undefined behavior. You may want to copy the array to protect its data or make it writable before converting it to a tensor. This type of warning will be suppressed for the rest of this program. (Triggered internally at /__w/pytorch/pytorch/torch/csrc/utils/tensor_numpy.cpp:213.)
  return (torch.from_numpy(np.ascontiguousarray(x)),
/data/omar/m2/core/data.py:97: UserWarning: The given NumPy array is not writable, and PyTorch does not support non-writable tensors. This means writing to this tensor will result in undefined behavior. You may want to copy the array to protect its data or make it writable before converting it to a tensor. This type of warning will be suppressed for the rest of this program. (Triggered internally at /__w/pytorch/pytorch/torch/csrc/utils/tensor_numpy.cpp:213.)
  return (torch.from_numpy(np.ascontiguousarray(x)),
/data/omar/m2/core/data.py:97: UserWarning: The given NumPy array is not writable, and PyTorch does not support non-writable tensors. This means writing to this tensor will result in undefined behavior. You may want to copy the array to protect its data or make it writable before converting it to a tensor. This type of warning will be suppressed for the rest of this program. (Triggered internally at /__w/pytorch/pytorch/torch/csrc/utils/tensor_numpy.cpp:213.)
  return (torch.from_numpy(np.ascontiguousarray(x)),
/data/omar/m2/core/data.py:97: UserWarning: The given NumPy array is not writable, and PyTorch does not support non-writable tensors. This means writing to this tensor will result in undefined behavior. You may want to copy the array to protect its data or make it writable before converting it to a tensor. This type of warning will be suppressed for the rest of this program. (Triggered internally at /__w/pytorch/pytorch/torch/csrc/utils/tensor_numpy.cpp:213.)
  return (torch.from_numpy(np.ascontiguousarray(x)),
/data/omar/m2/core/data.py:97: UserWarning: The given NumPy array is not writable, and PyTorch does not support non-writable tensors. This means writing to this tensor will result in undefined behavior. You may want to copy the array to protect its data or make it writable before converting it to a tensor. This type of warning will be suppressed for the rest of this program. (Triggered internally at /__w/pytorch/pytorch/torch/csrc/utils/tensor_numpy.cpp:213.)
  return (torch.from_numpy(np.ascontiguousarray(x)),
/data/omar/m2/core/data.py:97: UserWarning: The given NumPy array is not writable, and PyTorch does not support non-writable tensors. This means writing to this tensor will result in undefined behavior. You may want to copy the array to protect its data or make it writable before converting it to a tensor. This type of warning will be suppressed for the rest of this program. (Triggered internally at /__w/pytorch/pytorch/torch/csrc/utils/tensor_numpy.cpp:213.)
  return (torch.from_numpy(np.ascontiguousarray(x)),
/data/omar/m2/core/data.py:97: UserWarning: The given NumPy array is not writable, and PyTorch does not support non-writable tensors. This means writing to this tensor will result in undefined behavior. You may want to copy the array to protect its data or make it writable before converting it to a tensor. This type of warning will be suppressed for the rest of this program. (Triggered internally at /__w/pytorch/pytorch/torch/csrc/utils/tensor_numpy.cpp:213.)
  return (torch.from_numpy(np.ascontiguousarray(x)),
/data/omar/m2/core/data.py:97: UserWarning: The given NumPy array is not writable, and PyTorch does not support non-writable tensors. This means writing to this tensor will result in undefined behavior. You may want to copy the array to protect its data or make it writable before converting it to a tensor. This type of warning will be suppressed for the rest of this program. (Triggered internally at /__w/pytorch/pytorch/torch/csrc/utils/tensor_numpy.cpp:213.)
  return (torch.from_numpy(np.ascontiguousarray(x)),
/data/omar/m2/core/data.py:97: UserWarning: The given NumPy array is not writable, and PyTorch does not support non-writable tensors. This means writing to this tensor will result in undefined behavior. You may want to copy the array to protect its data or make it writable before converting it to a tensor. This type of warning will be suppressed for the rest of this program. (Triggered internally at /__w/pytorch/pytorch/torch/csrc/utils/tensor_numpy.cpp:213.)
  return (torch.from_numpy(np.ascontiguousarray(x)),
/data/omar/m2/core/data.py:97: UserWarning: The given NumPy array is not writable, and PyTorch does not support non-writable tensors. This means writing to this tensor will result in undefined behavior. You may want to copy the array to protect its data or make it writable before converting it to a tensor. This type of warning will be suppressed for the rest of this program. (Triggered internally at /__w/pytorch/pytorch/torch/csrc/utils/tensor_numpy.cpp:213.)
  return (torch.from_numpy(np.ascontiguousarray(x)),
/data/omar/m2/core/data.py:97: UserWarning: The given NumPy array is not writable, and PyTorch does not support non-writable tensors. This means writing to this tensor will result in undefined behavior. You may want to copy the array to protect its data or make it writable before converting it to a tensor. This type of warning will be suppressed for the rest of this program. (Triggered internally at /__w/pytorch/pytorch/torch/csrc/utils/tensor_numpy.cpp:213.)
  return (torch.from_numpy(np.ascontiguousarray(x)),
20:31:05 ep 0 step 100 loss 21.627 word 3.367 mean 33.510 sound 3.698 nb 1.981 lr x0.500 0.18s/step
20:31:16 ep 0 step 200 loss 21.411 word 3.385 mean 33.048 sound 3.695 nb 1.966 lr x0.997 0.12s/step
20:31:28 ep 0 step 300 loss 21.725 word 3.370 mean 33.699 sound 3.696 nb 1.985 lr x0.994 0.12s/step
20:31:40 ep 0 step 400 loss 21.515 word 3.374 mean 33.278 sound 3.698 nb 1.965 lr x0.989 0.12s/step
20:31:52 ep 0 step 500 loss 21.523 word 3.376 mean 33.284 sound 3.695 nb 1.981 lr x0.984 0.12s/step
20:32:04 ep 0 step 600 loss 21.435 word 3.372 mean 33.114 sound 3.702 nb 1.977 lr x0.976 0.12s/step
20:32:16 ep 0 step 700 loss 21.621 word 3.367 mean 33.504 sound 3.693 nb 1.974 lr x0.968 0.12s/step
20:32:27 ep 0 step 800 loss 21.600 word 3.365 mean 33.460 sound 3.699 nb 1.978 lr x0.958 0.12s/step
20:32:39 ep 0 step 900 loss 21.514 word 3.375 mean 33.260 sound 3.701 nb 1.991 lr x0.947 0.12s/step
20:32:51 ep 0 step 1000 loss 21.623 word 3.361 mean 33.519 sound 3.690 nb 1.979 lr x0.935 0.12s/step
20:33:03 ep 0 step 1100 loss 21.637 word 3.368 mean 33.534 sound 3.696 nb 1.965 lr x0.922 0.12s/step
20:33:15 ep 0 step 1200 loss 21.614 word 3.366 mean 33.480 sound 3.695 nb 1.997 lr x0.908 0.12s/step
20:33:26 ep 0 step 1300 loss 21.345 word 3.370 mean 32.939 sound 3.698 nb 1.981 lr x0.892 0.12s/step
20:33:38 ep 0 step 1400 loss 21.438 word 3.360 mean 33.151 sound 3.696 nb 1.968 lr x0.876 0.12s/step
20:33:50 ep 0 step 1500 loss 21.390 word 3.369 mean 33.032 sound 3.695 nb 1.982 lr x0.858 0.12s/step
20:34:01 ep 0 step 1600 loss 21.278 word 3.374 mean 32.802 sound 3.694 nb 1.975 lr x0.840 0.12s/step
20:34:13 ep 0 step 1700 loss 21.575 word 3.359 mean 33.421 sound 3.692 nb 1.990 lr x0.820 0.12s/step
20:34:25 ep 0 step 1800 loss 21.535 word 3.365 mean 33.328 sound 3.695 nb 1.986 lr x0.800 0.12s/step
20:34:36 ep 0 step 1900 loss 21.396 word 3.367 mean 33.055 sound 3.694 nb 1.964 lr x0.779 0.12s/step
20:34:48 ep 0 step 2000 loss 21.458 word 3.370 mean 33.161 sound 3.695 nb 1.992 lr x0.758 0.11s/step
/data/omar/m2/core/data.py:97: UserWarning: The given NumPy array is not writable, and PyTorch does not support non-writable tensors. This means writing to this tensor will result in undefined behavior. You may want to copy the array to protect its data or make it writable before converting it to a tensor. This type of warning will be suppressed for the rest of this program. (Triggered internally at /__w/pytorch/pytorch/torch/csrc/utils/tensor_numpy.cpp:213.)
  return (torch.from_numpy(np.ascontiguousarray(x)),
/data/omar/m2/core/data.py:97: UserWarning: The given NumPy array is not writable, and PyTorch does not support non-writable tensors. This means writing to this tensor will result in undefined behavior. You may want to copy the array to protect its data or make it writable before converting it to a tensor. This type of warning will be suppressed for the rest of this program. (Triggered internally at /__w/pytorch/pytorch/torch/csrc/utils/tensor_numpy.cpp:213.)
  return (torch.from_numpy(np.ascontiguousarray(x)),
/data/omar/m2/core/data.py:97: UserWarning: The given NumPy array is not writable, and PyTorch does not support non-writable tensors. This means writing to this tensor will result in undefined behavior. You may want to copy the array to protect its data or make it writable before converting it to a tensor. This type of warning will be suppressed for the rest of this program. (Triggered internally at /__w/pytorch/pytorch/torch/csrc/utils/tensor_numpy.cpp:213.)
  return (torch.from_numpy(np.ascontiguousarray(x)),
/data/omar/m2/core/data.py:97: UserWarning: The given NumPy array is not writable, and PyTorch does not support non-writable tensors. This means writing to this tensor will result in undefined behavior. You may want to copy the array to protect its data or make it writable before converting it to a tensor. This type of warning will be suppressed for the rest of this program. (Triggered internally at /__w/pytorch/pytorch/torch/csrc/utils/tensor_numpy.cpp:213.)
  return (torch.from_numpy(np.ascontiguousarray(x)),
/data/omar/m2/core/data.py:97: UserWarning: The given NumPy array is not writable, and PyTorch does not support non-writable tensors. This means writing to this tensor will result in undefined behavior. You may want to copy the array to protect its data or make it writable before converting it to a tensor. This type of warning will be suppressed for the rest of this program. (Triggered internally at /__w/pytorch/pytorch/torch/csrc/utils/tensor_numpy.cpp:213.)
  return (torch.from_numpy(np.ascontiguousarray(x)),
/data/omar/m2/core/data.py:97: UserWarning: The given NumPy array is not writable, and PyTorch does not support non-writable tensors. This means writing to this tensor will result in undefined behavior. You may want to copy the array to protect its data or make it writable before converting it to a tensor. This type of warning will be suppressed for the rest of this program. (Triggered internally at /__w/pytorch/pytorch/torch/csrc/utils/tensor_numpy.cpp:213.)
  return (torch.from_numpy(np.ascontiguousarray(x)),
/data/omar/m2/core/data.py:97: UserWarning: The given NumPy array is not writable, and PyTorch does not support non-writable tensors. This means writing to this tensor will result in undefined behavior. You may want to copy the array to protect its data or make it writable before converting it to a tensor. This type of warning will be suppressed for the rest of this program. (Triggered internally at /__w/pytorch/pytorch/torch/csrc/utils/tensor_numpy.cpp:213.)
  return (torch.from_numpy(np.ascontiguousarray(x)),
/data/omar/m2/core/data.py:97: UserWarning: The given NumPy array is not writable, and PyTorch does not support non-writable tensors. This means writing to this tensor will result in undefined behavior. You may want to copy the array to protect its data or make it writable before converting it to a tensor. This type of warning will be suppressed for the rest of this program. (Triggered internally at /__w/pytorch/pytorch/torch/csrc/utils/tensor_numpy.cpp:213.)
  return (torch.from_numpy(np.ascontiguousarray(x)),
20:34:51 == epoch 0 deep: bacc10 0.2822 bacc1 0.0426 grid 0.2949@(1.0, 0.5) | broad: bacc10 0.3204 bacc1 0.0499 grid 0.3447@(1.0, 0.0)
20:34:52 new best 0.2822 -> /data/omar/m2/d/r/r1d/best.pt
/data/omar/m2/core/data.py:97: UserWarning: The given NumPy array is not writable, and PyTorch does not support non-writable tensors. This means writing to this tensor will result in undefined behavior. You may want to copy the array to protect its data or make it writable before converting it to a tensor. This type of warning will be suppressed for the rest of this program. (Triggered internally at /__w/pytorch/pytorch/torch/csrc/utils/tensor_numpy.cpp:213.)
  return (torch.from_numpy(np.ascontiguousarray(x)),
/data/omar/m2/core/data.py:97: UserWarning: The given NumPy array is not writable, and PyTorch does not support non-writable tensors. This means writing to this tensor will result in undefined behavior. You may want to copy the array to protect its data or make it writable before converting it to a tensor. This type of warning will be suppressed for the rest of this program. (Triggered internally at /__w/pytorch/pytorch/torch/csrc/utils/tensor_numpy.cpp:213.)
  return (torch.from_numpy(np.ascontiguousarray(x)),
/data/omar/m2/core/data.py:97: UserWarning: The given NumPy array is not writable, and PyTorch does not support non-writable tensors. This means writing to this tensor will result in undefined behavior. You may want to copy the array to protect its data or make it writable before converting it to a tensor. This type of warning will be suppressed for the rest of this program. (Triggered internally at /__w/pytorch/pytorch/torch/csrc/utils/tensor_numpy.cpp:213.)
  return (torch.from_numpy(np.ascontiguousarray(x)),
/data/omar/m2/core/data.py:97: UserWarning: The given NumPy array is not writable, and PyTorch does not support non-writable tensors. This means writing to this tensor will result in undefined behavior. You may want to copy the array to protect its data or make it writable before converting it to a tensor. This type of warning will be suppressed for the rest of this program. (Triggered internally at /__w/pytorch/pytorch/torch/csrc/utils/tensor_numpy.cpp:213.)
  return (torch.from_numpy(np.ascontiguousarray(x)),
/data/omar/m2/core/data.py:97: UserWarning: The given NumPy array is not writable, and PyTorch does not support non-writable tensors. This means writing to this tensor will result in undefined behavior. You may want to copy the array to protect its data or make it writable before converting it to a tensor. This type of warning will be suppressed for the rest of this program. (Triggered internally at /__w/pytorch/pytorch/torch/csrc/utils/tensor_numpy.cpp:213.)
  return (torch.from_numpy(np.ascontiguousarray(x)),
/data/omar/m2/core/data.py:97: UserWarning: The given NumPy array is not writable, and PyTorch does not support non-writable tensors. This means writing to this tensor will result in undefined behavior. You may want to copy the array to protect its data or make it writable before converting it to a tensor. This type of warning will be suppressed for the rest of this program. (Triggered internally at /__w/pytorch/pytorch/torch/csrc/utils/tensor_numpy.cpp:213.)
  return (torch.from_numpy(np.ascontiguousarray(x)),
/data/omar/m2/core/data.py:97: UserWarning: The given NumPy array is not writable, and PyTorch does not support non-writable tensors. This means writing to this tensor will result in undefined behavior. You may want to copy the array to protect its data or make it writable before converting it to a tensor. This type of warning will be suppressed for the rest of this program. (Triggered internally at /__w/pytorch/pytorch/torch/csrc/utils/tensor_numpy.cpp:213.)
  return (torch.from_numpy(np.ascontiguousarray(x)),
/data/omar/m2/core/data.py:97: UserWarning: The given NumPy array is not writable, and PyTorch does not support non-writable tensors. This means writing to this tensor will result in undefined behavior. You may want to copy the array to protect its data or make it writable before converting it to a tensor. This type of warning will be suppressed for the rest of this program. (Triggered internally at /__w/pytorch/pytorch/torch/csrc/utils/tensor_numpy.cpp:213.)
  return (torch.from_numpy(np.ascontiguousarray(x)),
/data/omar/m2/core/data.py:97: UserWarning: The given NumPy array is not writable, and PyTorch does not support non-writable tensors. This means writing to this tensor will result in undefined behavior. You may want to copy the array to protect its data or make it writable before converting it to a tensor. This type of warning will be suppressed for the rest of this program. (Triggered internally at /__w/pytorch/pytorch/torch/csrc/utils/tensor_numpy.cpp:213.)
  return (torch.from_numpy(np.ascontiguousarray(x)),
/data/omar/m2/core/data.py:97: UserWarning: The given NumPy array is not writable, and PyTorch does not support non-writable tensors. This means writing to this tensor will result in undefined behavior. You may want to copy the array to protect its data or make it writable before converting it to a tensor. This type of warning will be suppressed for the rest of this program. (Triggered internally at /__w/pytorch/pytorch/torch/csrc/utils/tensor_numpy.cpp:213.)
  return (torch.from_numpy(np.ascontiguousarray(x)),
/data/omar/m2/core/data.py:97: UserWarning: The given NumPy array is not writable, and PyTorch does not support non-writable tensors. This means writing to this tensor will result in undefined behavior. You may want to copy the array to protect its data or make it writable before converting it to a tensor. This type of warning will be suppressed for the rest of this program. (Triggered internally at /__w/pytorch/pytorch/torch/csrc/utils/tensor_numpy.cpp:213.)
  return (torch.from_numpy(np.ascontiguousarray(x)),
/data/omar/m2/core/data.py:97: UserWarning: The given NumPy array is not writable, and PyTorch does not support non-writable tensors. This means writing to this tensor will result in undefined behavior. You may want to copy the array to protect its data or make it writable before converting it to a tensor. This type of warning will be suppressed for the rest of this program. (Triggered internally at /__w/pytorch/pytorch/torch/csrc/utils/tensor_numpy.cpp:213.)
  return (torch.from_numpy(np.ascontiguousarray(x)),
20:35:07 ep 1 step 2100 loss 21.588 word 3.356 mean 33.452 sound 3.699 nb 1.976 lr x0.735 0.13s/step
20:35:19 ep 1 step 2200 loss 21.752 word 3.349 mean 33.793 sound 3.696 nb 1.989 lr x0.712 0.12s/step
20:35:30 ep 1 step 2300 loss 21.637 word 3.356 mean 33.557 sound 3.691 nb 1.976 lr x0.689 0.12s/step
20:35:42 ep 1 step 2400 loss 21.819 word 3.354 mean 33.926 sound 3.696 nb 1.965 lr x0.665 0.12s/step
20:35:54 ep 1 step 2500 loss 21.488 word 3.358 mean 33.255 sound 3.691 nb 1.975 lr x0.641 0.12s/step
20:36:07 ep 1 step 2600 loss 21.509 word 3.365 mean 33.285 sound 3.692 nb 1.973 lr x0.616 0.13s/step
20:36:19 ep 1 step 2700 loss 21.520 word 3.352 mean 33.335 sound 3.695 nb 1.962 lr x0.591 0.12s/step
20:36:31 ep 1 step 2800 loss 21.629 word 3.349 mean 33.556 sound 3.694 nb 1.968 lr x0.566 0.12s/step
20:36:42 ep 1 step 2900 loss 21.637 word 3.355 mean 33.552 sound 3.693 nb 1.991 lr x0.541 0.12s/step
20:36:54 ep 1 step 3000 loss 21.543 word 3.353 mean 33.379 sound 3.696 nb 1.961 lr x0.515 0.12s/step
20:37:06 ep 1 step 3100 loss 21.444 word 3.368 mean 33.148 sound 3.692 nb 1.970 lr x0.490 0.12s/step
20:37:18 ep 1 step 3200 loss 21.502 word 3.358 mean 33.280 sound 3.695 nb 1.981 lr x0.465 0.12s/step
20:37:29 ep 1 step 3300 loss 21.599 word 3.356 mean 33.480 sound 3.697 nb 1.972 lr x0.439 0.12s/step
20:37:41 ep 1 step 3400 loss 21.539 word 3.361 mean 33.350 sound 3.694 nb 1.977 lr x0.414 0.12s/step
20:37:53 ep 1 step 3500 loss 21.445 word 3.354 mean 33.181 sound 3.689 nb 1.967 lr x0.390 0.12s/step
20:38:05 ep 1 step 3600 loss 21.582 word 3.359 mean 33.441 sound 3.694 nb 1.972 lr x0.365 0.12s/step
20:38:17 ep 1 step 3700 loss 21.427 word 3.349 mean 33.150 sound 3.694 nb 1.975 lr x0.341 0.12s/step
20:38:28 ep 1 step 3800 loss 21.665 word 3.356 mean 33.615 sound 3.692 nb 1.968 lr x0.318 0.12s/step
20:38:40 ep 1 step 3900 loss 21.612 word 3.353 mean 33.517 sound 3.690 nb 1.970 lr x0.295 0.12s/step
20:38:52 ep 1 step 4000 loss 21.596 word 3.354 mean 33.480 sound 3.689 nb 1.974 lr x0.273 0.11s/step
/data/omar/m2/core/data.py:97: UserWarning: The given NumPy array is not writable, and PyTorch does not support non-writable tensors. This means writing to this tensor will result in undefined behavior. You may want to copy the array to protect its data or make it writable before converting it to a tensor. This type of warning will be suppressed for the rest of this program. (Triggered internally at /__w/pytorch/pytorch/torch/csrc/utils/tensor_numpy.cpp:213.)
  return (torch.from_numpy(np.ascontiguousarray(x)),
/data/omar/m2/core/data.py:97: UserWarning: The given NumPy array is not writable, and PyTorch does not support non-writable tensors. This means writing to this tensor will result in undefined behavior. You may want to copy the array to protect its data or make it writable before converting it to a tensor. This type of warning will be suppressed for the rest of this program. (Triggered internally at /__w/pytorch/pytorch/torch/csrc/utils/tensor_numpy.cpp:213.)
  return (torch.from_numpy(np.ascontiguousarray(x)),
/data/omar/m2/core/data.py:97: UserWarning: The given NumPy array is not writable, and PyTorch does not support non-writable tensors. This means writing to this tensor will result in undefined behavior. You may want to copy the array to protect its data or make it writable before converting it to a tensor. This type of warning will be suppressed for the rest of this program. (Triggered internally at /__w/pytorch/pytorch/torch/csrc/utils/tensor_numpy.cpp:213.)
  return (torch.from_numpy(np.ascontiguousarray(x)),
/data/omar/m2/core/data.py:97: UserWarning: The given NumPy array is not writable, and PyTorch does not support non-writable tensors. This means writing to this tensor will result in undefined behavior. You may want to copy the array to protect its data or make it writable before converting it to a tensor. This type of warning will be suppressed for the rest of this program. (Triggered internally at /__w/pytorch/pytorch/torch/csrc/utils/tensor_numpy.cpp:213.)
  return (torch.from_numpy(np.ascontiguousarray(x)),
/data/omar/m2/core/data.py:97: UserWarning: The given NumPy array is not writable, and PyTorch does not support non-writable tensors. This means writing to this tensor will result in undefined behavior. You may want to copy the array to protect its data or make it writable before converting it to a tensor. This type of warning will be suppressed for the rest of this program. (Triggered internally at /__w/pytorch/pytorch/torch/csrc/utils/tensor_numpy.cpp:213.)
  return (torch.from_numpy(np.ascontiguousarray(x)),
/data/omar/m2/core/data.py:97: UserWarning: The given NumPy array is not writable, and PyTorch does not support non-writable tensors. This means writing to this tensor will result in undefined behavior. You may want to copy the array to protect its data or make it writable before converting it to a tensor. This type of warning will be suppressed for the rest of this program. (Triggered internally at /__w/pytorch/pytorch/torch/csrc/utils/tensor_numpy.cpp:213.)
  return (torch.from_numpy(np.ascontiguousarray(x)),
/data/omar/m2/core/data.py:97: UserWarning: The given NumPy array is not writable, and PyTorch does not support non-writable tensors. This means writing to this tensor will result in undefined behavior. You may want to copy the array to protect its data or make it writable before converting it to a tensor. This type of warning will be suppressed for the rest of this program. (Triggered internally at /__w/pytorch/pytorch/torch/csrc/utils/tensor_numpy.cpp:213.)
  return (torch.from_numpy(np.ascontiguousarray(x)),
/data/omar/m2/core/data.py:97: UserWarning: The given NumPy array is not writable, and PyTorch does not support non-writable tensors. This means writing to this tensor will result in undefined behavior. You may want to copy the array to protect its data or make it writable before converting it to a tensor. This type of warning will be suppressed for the rest of this program. (Triggered internally at /__w/pytorch/pytorch/torch/csrc/utils/tensor_numpy.cpp:213.)
  return (torch.from_numpy(np.ascontiguousarray(x)),
20:38:55 == epoch 1 deep: bacc10 0.2940 bacc1 0.0485 grid 0.3156@(1.0, 0.0) | broad: bacc10 0.3004 bacc1 0.0465 grid 0.3379@(1.0, 0.0)
20:38:56 new best 0.2940 -> /data/omar/m2/d/r/r1d/best.pt
/data/omar/m2/core/data.py:97: UserWarning: The given NumPy array is not writable, and PyTorch does not support non-writable tensors. This means writing to this tensor will result in undefined behavior. You may want to copy the array to protect its data or make it writable before converting it to a tensor. This type of warning will be suppressed for the rest of this program. (Triggered internally at /__w/pytorch/pytorch/torch/csrc/utils/tensor_numpy.cpp:213.)
  return (torch.from_numpy(np.ascontiguousarray(x)),
/data/omar/m2/core/data.py:97: UserWarning: The given NumPy array is not writable, and PyTorch does not support non-writable tensors. This means writing to this tensor will result in undefined behavior. You may want to copy the array to protect its data or make it writable before converting it to a tensor. This type of warning will be suppressed for the rest of this program. (Triggered internally at /__w/pytorch/pytorch/torch/csrc/utils/tensor_numpy.cpp:213.)
  return (torch.from_numpy(np.ascontiguousarray(x)),
/data/omar/m2/core/data.py:97: UserWarning: The given NumPy array is not writable, and PyTorch does not support non-writable tensors. This means writing to this tensor will result in undefined behavior. You may want to copy the array to protect its data or make it writable before converting it to a tensor. This type of warning will be suppressed for the rest of this program. (Triggered internally at /__w/pytorch/pytorch/torch/csrc/utils/tensor_numpy.cpp:213.)
  return (torch.from_numpy(np.ascontiguousarray(x)),
/data/omar/m2/core/data.py:97: UserWarning: The given NumPy array is not writable, and PyTorch does not support non-writable tensors. This means writing to this tensor will result in undefined behavior. You may want to copy the array to protect its data or make it writable before converting it to a tensor. This type of warning will be suppressed for the rest of this program. (Triggered internally at /__w/pytorch/pytorch/torch/csrc/utils/tensor_numpy.cpp:213.)
  return (torch.from_numpy(np.ascontiguousarray(x)),
/data/omar/m2/core/data.py:97: UserWarning: The given NumPy array is not writable, and PyTorch does not support non-writable tensors. This means writing to this tensor will result in undefined behavior. You may want to copy the array to protect its data or make it writable before converting it to a tensor. This type of warning will be suppressed for the rest of this program. (Triggered internally at /__w/pytorch/pytorch/torch/csrc/utils/tensor_numpy.cpp:213.)
  return (torch.from_numpy(np.ascontiguousarray(x)),
/data/omar/m2/core/data.py:97: UserWarning: The given NumPy array is not writable, and PyTorch does not support non-writable tensors. This means writing to this tensor will result in undefined behavior. You may want to copy the array to protect its data or make it writable before converting it to a tensor. This type of warning will be suppressed for the rest of this program. (Triggered internally at /__w/pytorch/pytorch/torch/csrc/utils/tensor_numpy.cpp:213.)
  return (torch.from_numpy(np.ascontiguousarray(x)),
/data/omar/m2/core/data.py:97: UserWarning: The given NumPy array is not writable, and PyTorch does not support non-writable tensors. This means writing to this tensor will result in undefined behavior. You may want to copy the array to protect its data or make it writable before converting it to a tensor. This type of warning will be suppressed for the rest of this program. (Triggered internally at /__w/pytorch/pytorch/torch/csrc/utils/tensor_numpy.cpp:213.)
  return (torch.from_numpy(np.ascontiguousarray(x)),
/data/omar/m2/core/data.py:97: UserWarning: The given NumPy array is not writable, and PyTorch does not support non-writable tensors. This means writing to this tensor will result in undefined behavior. You may want to copy the array to protect its data or make it writable before converting it to a tensor. This type of warning will be suppressed for the rest of this program. (Triggered internally at /__w/pytorch/pytorch/torch/csrc/utils/tensor_numpy.cpp:213.)
  return (torch.from_numpy(np.ascontiguousarray(x)),
/data/omar/m2/core/data.py:97: UserWarning: The given NumPy array is not writable, and PyTorch does not support non-writable tensors. This means writing to this tensor will result in undefined behavior. You may want to copy the array to protect its data or make it writable before converting it to a tensor. This type of warning will be suppressed for the rest of this program. (Triggered internally at /__w/pytorch/pytorch/torch/csrc/utils/tensor_numpy.cpp:213.)
  return (torch.from_numpy(np.ascontiguousarray(x)),
/data/omar/m2/core/data.py:97: UserWarning: The given NumPy array is not writable, and PyTorch does not support non-writable tensors. This means writing to this tensor will result in undefined behavior. You may want to copy the array to protect its data or make it writable before converting it to a tensor. This type of warning will be suppressed for the rest of this program. (Triggered internally at /__w/pytorch/pytorch/torch/csrc/utils/tensor_numpy.cpp:213.)
  return (torch.from_numpy(np.ascontiguousarray(x)),
/data/omar/m2/core/data.py:97: UserWarning: The given NumPy array is not writable, and PyTorch does not support non-writable tensors. This means writing to this tensor will result in undefined behavior. You may want to copy the array to protect its data or make it writable before converting it to a tensor. This type of warning will be suppressed for the rest of this program. (Triggered internally at /__w/pytorch/pytorch/torch/csrc/utils/tensor_numpy.cpp:213.)
  return (torch.from_numpy(np.ascontiguousarray(x)),
/data/omar/m2/core/data.py:97: UserWarning: The given NumPy array is not writable, and PyTorch does not support non-writable tensors. This means writing to this tensor will result in undefined behavior. You may want to copy the array to protect its data or make it writable before converting it to a tensor. This type of warning will be suppressed for the rest of this program. (Triggered internally at /__w/pytorch/pytorch/torch/csrc/utils/tensor_numpy.cpp:213.)
  return (torch.from_numpy(np.ascontiguousarray(x)),
20:39:10 ep 2 step 4100 loss 21.445 word 3.357 mean 33.172 sound 3.686 nb 1.981 lr x0.251 0.14s/step
20:39:22 ep 2 step 4200 loss 21.712 word 3.345 mean 33.731 sound 3.696 nb 1.962 lr x0.230 0.12s/step
20:39:34 ep 2 step 4300 loss 21.492 word 3.345 mean 33.295 sound 3.689 nb 1.960 lr x0.210 0.12s/step
20:39:45 ep 2 step 4400 loss 21.211 word 3.354 mean 32.703 sound 3.692 nb 1.992 lr x0.191 0.12s/step
20:39:57 ep 2 step 4500 loss 21.505 word 3.344 mean 33.315 sound 3.693 nb 1.974 lr x0.172 0.12s/step
20:40:09 ep 2 step 4600 loss 21.671 word 3.351 mean 33.643 sound 3.686 nb 1.961 lr x0.155 0.12s/step
20:40:21 ep 2 step 4700 loss 21.606 word 3.356 mean 33.496 sound 3.688 nb 1.979 lr x0.138 0.12s/step
20:40:33 ep 2 step 4800 loss 21.467 word 3.356 mean 33.218 sound 3.694 nb 1.972 lr x0.123 0.12s/step
20:40:44 ep 2 step 4900 loss 21.584 word 3.346 mean 33.473 sound 3.689 nb 1.976 lr x0.108 0.12s/step
20:40:56 ep 2 step 5000 loss 21.482 word 3.357 mean 33.249 sound 3.687 nb 1.970 lr x0.095 0.12s/step
20:41:08 ep 2 step 5100 loss 21.432 word 3.352 mean 33.157 sound 3.688 nb 1.972 lr x0.083 0.12s/step
20:41:20 ep 2 step 5200 loss 21.404 word 3.343 mean 33.121 sound 3.692 nb 1.965 lr x0.072 0.12s/step
20:41:32 ep 2 step 5300 loss 21.511 word 3.352 mean 33.316 sound 3.690 nb 1.971 lr x0.062 0.12s/step
20:41:44 ep 2 step 5400 loss 21.775 word 3.350 mean 33.844 sound 3.691 nb 1.974 lr x0.054 0.12s/step
20:41:56 ep 2 step 5500 loss 21.332 word 3.352 mean 32.953 sound 3.693 nb 1.977 lr x0.047 0.12s/step
20:42:08 ep 2 step 5600 loss 21.398 word 3.351 mean 33.085 sound 3.689 nb 1.988 lr x0.041 0.12s/step
20:42:20 ep 2 step 5700 loss 21.384 word 3.354 mean 33.044 sound 3.693 nb 1.996 lr x0.036 0.12s/step
20:42:32 ep 2 step 5800 loss 21.545 word 3.348 mean 33.386 sound 3.696 nb 1.975 lr x0.033 0.12s/step
20:42:44 ep 2 step 5900 loss 21.624 word 3.350 mean 33.541 sound 3.693 nb 1.981 lr x0.031 0.12s/step
20:42:55 ep 2 step 6000 loss 21.422 word 3.352 mean 33.137 sound 3.691 nb 1.969 lr x0.030 0.11s/step
/data/omar/m2/core/data.py:97: UserWarning: The given NumPy array is not writable, and PyTorch does not support non-writable tensors. This means writing to this tensor will result in undefined behavior. You may want to copy the array to protect its data or make it writable before converting it to a tensor. This type of warning will be suppressed for the rest of this program. (Triggered internally at /__w/pytorch/pytorch/torch/csrc/utils/tensor_numpy.cpp:213.)
  return (torch.from_numpy(np.ascontiguousarray(x)),
/data/omar/m2/core/data.py:97: UserWarning: The given NumPy array is not writable, and PyTorch does not support non-writable tensors. This means writing to this tensor will result in undefined behavior. You may want to copy the array to protect its data or make it writable before converting it to a tensor. This type of warning will be suppressed for the rest of this program. (Triggered internally at /__w/pytorch/pytorch/torch/csrc/utils/tensor_numpy.cpp:213.)
  return (torch.from_numpy(np.ascontiguousarray(x)),
/data/omar/m2/core/data.py:97: UserWarning: The given NumPy array is not writable, and PyTorch does not support non-writable tensors. This means writing to this tensor will result in undefined behavior. You may want to copy the array to protect its data or make it writable before converting it to a tensor. This type of warning will be suppressed for the rest of this program. (Triggered internally at /__w/pytorch/pytorch/torch/csrc/utils/tensor_numpy.cpp:213.)
  return (torch.from_numpy(np.ascontiguousarray(x)),
/data/omar/m2/core/data.py:97: UserWarning: The given NumPy array is not writable, and PyTorch does not support non-writable tensors. This means writing to this tensor will result in undefined behavior. You may want to copy the array to protect its data or make it writable before converting it to a tensor. This type of warning will be suppressed for the rest of this program. (Triggered internally at /__w/pytorch/pytorch/torch/csrc/utils/tensor_numpy.cpp:213.)
  return (torch.from_numpy(np.ascontiguousarray(x)),
/data/omar/m2/core/data.py:97: UserWarning: The given NumPy array is not writable, and PyTorch does not support non-writable tensors. This means writing to this tensor will result in undefined behavior. You may want to copy the array to protect its data or make it writable before converting it to a tensor. This type of warning will be suppressed for the rest of this program. (Triggered internally at /__w/pytorch/pytorch/torch/csrc/utils/tensor_numpy.cpp:213.)
  return (torch.from_numpy(np.ascontiguousarray(x)),
/data/omar/m2/core/data.py:97: UserWarning: The given NumPy array is not writable, and PyTorch does not support non-writable tensors. This means writing to this tensor will result in undefined behavior. You may want to copy the array to protect its data or make it writable before converting it to a tensor. This type of warning will be suppressed for the rest of this program. (Triggered internally at /__w/pytorch/pytorch/torch/csrc/utils/tensor_numpy.cpp:213.)
  return (torch.from_numpy(np.ascontiguousarray(x)),
/data/omar/m2/core/data.py:97: UserWarning: The given NumPy array is not writable, and PyTorch does not support non-writable tensors. This means writing to this tensor will result in undefined behavior. You may want to copy the array to protect its data or make it writable before converting it to a tensor. This type of warning will be suppressed for the rest of this program. (Triggered internally at /__w/pytorch/pytorch/torch/csrc/utils/tensor_numpy.cpp:213.)
  return (torch.from_numpy(np.ascontiguousarray(x)),
/data/omar/m2/core/data.py:97: UserWarning: The given NumPy array is not writable, and PyTorch does not support non-writable tensors. This means writing to this tensor will result in undefined behavior. You may want to copy the array to protect its data or make it writable before converting it to a tensor. This type of warning will be suppressed for the rest of this program. (Triggered internally at /__w/pytorch/pytorch/torch/csrc/utils/tensor_numpy.cpp:213.)
  return (torch.from_numpy(np.ascontiguousarray(x)),
20:42:58 == epoch 2 deep: bacc10 0.2951 bacc1 0.0522 grid 0.3146@(1.0, 0.0) | broad: bacc10 0.2988 bacc1 0.0425 grid 0.3339@(1.0, 0.0)
20:42:59 new best 0.2951 -> /data/omar/m2/d/r/r1d/best.pt
20:43:00 done. best deep bacc10 0.2951
20:43:05 init from d/r/r1/best_broad.pt (missing 0, unexpected 0)
20:43:05 params 16.6M, trainable 5.7M, device cuda
20:43:05 train rows 118943, val deep 5952, val broad 17940
/data/omar/m2/core/data.py:97: UserWarning: The given NumPy array is not writable, and PyTorch does not support non-writable tensors. This means writing to this tensor will result in undefined behavior. You may want to copy the array to protect its data or make it writable before converting it to a tensor. This type of warning will be suppressed for the rest of this program. (Triggered internally at /__w/pytorch/pytorch/torch/csrc/utils/tensor_numpy.cpp:213.)
  return (torch.from_numpy(np.ascontiguousarray(x)),
/data/omar/m2/core/data.py:97: UserWarning: The given NumPy array is not writable, and PyTorch does not support non-writable tensors. This means writing to this tensor will result in undefined behavior. You may want to copy the array to protect its data or make it writable before converting it to a tensor. This type of warning will be suppressed for the rest of this program. (Triggered internally at /__w/pytorch/pytorch/torch/csrc/utils/tensor_numpy.cpp:213.)
  return (torch.from_numpy(np.ascontiguousarray(x)),
/data/omar/m2/core/data.py:97: UserWarning: The given NumPy array is not writable, and PyTorch does not support non-writable tensors. This means writing to this tensor will result in undefined behavior. You may want to copy the array to protect its data or make it writable before converting it to a tensor. This type of warning will be suppressed for the rest of this program. (Triggered internally at /__w/pytorch/pytorch/torch/csrc/utils/tensor_numpy.cpp:213.)
  return (torch.from_numpy(np.ascontiguousarray(x)),
/data/omar/m2/core/data.py:97: UserWarning: The given NumPy array is not writable, and PyTorch does not support non-writable tensors. This means writing to this tensor will result in undefined behavior. You may want to copy the array to protect its data or make it writable before converting it to a tensor. This type of warning will be suppressed for the rest of this program. (Triggered internally at /__w/pytorch/pytorch/torch/csrc/utils/tensor_numpy.cpp:213.)
  return (torch.from_numpy(np.ascontiguousarray(x)),
/data/omar/m2/core/data.py:97: UserWarning: The given NumPy array is not writable, and PyTorch does not support non-writable tensors. This means writing to this tensor will result in undefined behavior. You may want to copy the array to protect its data or make it writable before converting it to a tensor. This type of warning will be suppressed for the rest of this program. (Triggered internally at /__w/pytorch/pytorch/torch/csrc/utils/tensor_numpy.cpp:213.)
  return (torch.from_numpy(np.ascontiguousarray(x)),
/data/omar/m2/core/data.py:97: UserWarning: The given NumPy array is not writable, and PyTorch does not support non-writable tensors. This means writing to this tensor will result in undefined behavior. You may want to copy the array to protect its data or make it writable before converting it to a tensor. This type of warning will be suppressed for the rest of this program. (Triggered internally at /__w/pytorch/pytorch/torch/csrc/utils/tensor_numpy.cpp:213.)
  return (torch.from_numpy(np.ascontiguousarray(x)),
/data/omar/m2/core/data.py:97: UserWarning: The given NumPy array is not writable, and PyTorch does not support non-writable tensors. This means writing to this tensor will result in undefined behavior. You may want to copy the array to protect its data or make it writable before converting it to a tensor. This type of warning will be suppressed for the rest of this program. (Triggered internally at /__w/pytorch/pytorch/torch/csrc/utils/tensor_numpy.cpp:213.)
  return (torch.from_numpy(np.ascontiguousarray(x)),
/data/omar/m2/core/data.py:97: UserWarning: The given NumPy array is not writable, and PyTorch does not support non-writable tensors. This means writing to this tensor will result in undefined behavior. You may want to copy the array to protect its data or make it writable before converting it to a tensor. This type of warning will be suppressed for the rest of this program. (Triggered internally at /__w/pytorch/pytorch/torch/csrc/utils/tensor_numpy.cpp:213.)
  return (torch.from_numpy(np.ascontiguousarray(x)),
/data/omar/m2/core/data.py:97: UserWarning: The given NumPy array is not writable, and PyTorch does not support non-writable tensors. This means writing to this tensor will result in undefined behavior. You may want to copy the array to protect its data or make it writable before converting it to a tensor. This type of warning will be suppressed for the rest of this program. (Triggered internally at /__w/pytorch/pytorch/torch/csrc/utils/tensor_numpy.cpp:213.)
  return (torch.from_numpy(np.ascontiguousarray(x)),
/data/omar/m2/core/data.py:97: UserWarning: The given NumPy array is not writable, and PyTorch does not support non-writable tensors. This means writing to this tensor will result in undefined behavior. You may want to copy the array to protect its data or make it writable before converting it to a tensor. This type of warning will be suppressed for the rest of this program. (Triggered internally at /__w/pytorch/pytorch/torch/csrc/utils/tensor_numpy.cpp:213.)
  return (torch.from_numpy(np.ascontiguousarray(x)),
/data/omar/m2/core/data.py:97: UserWarning: The given NumPy array is not writable, and PyTorch does not support non-writable tensors. This means writing to this tensor will result in undefined behavior. You may want to copy the array to protect its data or make it writable before converting it to a tensor. This type of warning will be suppressed for the rest of this program. (Triggered internally at /__w/pytorch/pytorch/torch/csrc/utils/tensor_numpy.cpp:213.)
  return (torch.from_numpy(np.ascontiguousarray(x)),
/data/omar/m2/core/data.py:97: UserWarning: The given NumPy array is not writable, and PyTorch does not support non-writable tensors. This means writing to this tensor will result in undefined behavior. You may want to copy the array to protect its data or make it writable before converting it to a tensor. This type of warning will be suppressed for the rest of this program. (Triggered internally at /__w/pytorch/pytorch/torch/csrc/utils/tensor_numpy.cpp:213.)
  return (torch.from_numpy(np.ascontiguousarray(x)),
20:43:20 ep 0 step 100 loss 23.266 word 3.057 mean 37.501 sound 3.685 nb 1.763 lr x0.997 0.15s/step
20:43:30 ep 0 step 200 loss 23.211 word 3.075 mean 37.348 sound 3.692 nb 1.772 lr x0.990 0.10s/step
20:43:40 ep 0 step 300 loss 23.156 word 3.069 mean 37.256 sound 3.688 nb 1.761 lr x0.976 0.10s/step
20:43:50 ep 0 step 400 loss 22.856 word 3.062 mean 36.671 sound 3.689 nb 1.759 lr x0.958 0.10s/step
20:43:59 ep 0 step 500 loss 22.857 word 3.055 mean 36.685 sound 3.687 nb 1.765 lr x0.935 0.09s/step
/data/omar/m2/core/data.py:97: UserWarning: The given NumPy array is not writable, and PyTorch does not support non-writable tensors. This means writing to this tensor will result in undefined behavior. You may want to copy the array to protect its data or make it writable before converting it to a tensor. This type of warning will be suppressed for the rest of this program. (Triggered internally at /__w/pytorch/pytorch/torch/csrc/utils/tensor_numpy.cpp:213.)
  return (torch.from_numpy(np.ascontiguousarray(x)),
/data/omar/m2/core/data.py:97: UserWarning: The given NumPy array is not writable, and PyTorch does not support non-writable tensors. This means writing to this tensor will result in undefined behavior. You may want to copy the array to protect its data or make it writable before converting it to a tensor. This type of warning will be suppressed for the rest of this program. (Triggered internally at /__w/pytorch/pytorch/torch/csrc/utils/tensor_numpy.cpp:213.)
  return (torch.from_numpy(np.ascontiguousarray(x)),
/data/omar/m2/core/data.py:97: UserWarning: The given NumPy array is not writable, and PyTorch does not support non-writable tensors. This means writing to this tensor will result in undefined behavior. You may want to copy the array to protect its data or make it writable before converting it to a tensor. This type of warning will be suppressed for the rest of this program. (Triggered internally at /__w/pytorch/pytorch/torch/csrc/utils/tensor_numpy.cpp:213.)
  return (torch.from_numpy(np.ascontiguousarray(x)),
/data/omar/m2/core/data.py:97: UserWarning: The given NumPy array is not writable, and PyTorch does not support non-writable tensors. This means writing to this tensor will result in undefined behavior. You may want to copy the array to protect its data or make it writable before converting it to a tensor. This type of warning will be suppressed for the rest of this program. (Triggered internally at /__w/pytorch/pytorch/torch/csrc/utils/tensor_numpy.cpp:213.)
  return (torch.from_numpy(np.ascontiguousarray(x)),
/data/omar/m2/core/data.py:97: UserWarning: The given NumPy array is not writable, and PyTorch does not support non-writable tensors. This means writing to this tensor will result in undefined behavior. You may want to copy the array to protect its data or make it writable before converting it to a tensor. This type of warning will be suppressed for the rest of this program. (Triggered internally at /__w/pytorch/pytorch/torch/csrc/utils/tensor_numpy.cpp:213.)
  return (torch.from_numpy(np.ascontiguousarray(x)),
/data/omar/m2/core/data.py:97: UserWarning: The given NumPy array is not writable, and PyTorch does not support non-writable tensors. This means writing to this tensor will result in undefined behavior. You may want to copy the array to protect its data or make it writable before converting it to a tensor. This type of warning will be suppressed for the rest of this program. (Triggered internally at /__w/pytorch/pytorch/torch/csrc/utils/tensor_numpy.cpp:213.)
  return (torch.from_numpy(np.ascontiguousarray(x)),
/data/omar/m2/core/data.py:97: UserWarning: The given NumPy array is not writable, and PyTorch does not support non-writable tensors. This means writing to this tensor will result in undefined behavior. You may want to copy the array to protect its data or make it writable before converting it to a tensor. This type of warning will be suppressed for the rest of this program. (Triggered internally at /__w/pytorch/pytorch/torch/csrc/utils/tensor_numpy.cpp:213.)
  return (torch.from_numpy(np.ascontiguousarray(x)),
/data/omar/m2/core/data.py:97: UserWarning: The given NumPy array is not writable, and PyTorch does not support non-writable tensors. This means writing to this tensor will result in undefined behavior. You may want to copy the array to protect its data or make it writable before converting it to a tensor. This type of warning will be suppressed for the rest of this program. (Triggered internally at /__w/pytorch/pytorch/torch/csrc/utils/tensor_numpy.cpp:213.)
  return (torch.from_numpy(np.ascontiguousarray(x)),
20:44:02 == epoch 0 deep: bacc10 0.2807 bacc1 0.0366 grid 0.2807@(0.5, 0.0) | broad: bacc10 0.3422 bacc1 0.0499 grid 0.3538@(1.0, 0.0)
20:44:03 new best 0.3422 -> /data/omar/m2/d/r/r1b/best.pt
/data/omar/m2/core/data.py:97: UserWarning: The given NumPy array is not writable, and PyTorch does not support non-writable tensors. This means writing to this tensor will result in undefined behavior. You may want to copy the array to protect its data or make it writable before converting it to a tensor. This type of warning will be suppressed for the rest of this program. (Triggered internally at /__w/pytorch/pytorch/torch/csrc/utils/tensor_numpy.cpp:213.)
  return (torch.from_numpy(np.ascontiguousarray(x)),
/data/omar/m2/core/data.py:97: UserWarning: The given NumPy array is not writable, and PyTorch does not support non-writable tensors. This means writing to this tensor will result in undefined behavior. You may want to copy the array to protect its data or make it writable before converting it to a tensor. This type of warning will be suppressed for the rest of this program. (Triggered internally at /__w/pytorch/pytorch/torch/csrc/utils/tensor_numpy.cpp:213.)
  return (torch.from_numpy(np.ascontiguousarray(x)),
/data/omar/m2/core/data.py:97: UserWarning: The given NumPy array is not writable, and PyTorch does not support non-writable tensors. This means writing to this tensor will result in undefined behavior. You may want to copy the array to protect its data or make it writable before converting it to a tensor. This type of warning will be suppressed for the rest of this program. (Triggered internally at /__w/pytorch/pytorch/torch/csrc/utils/tensor_numpy.cpp:213.)
  return (torch.from_numpy(np.ascontiguousarray(x)),
/data/omar/m2/core/data.py:97: UserWarning: The given NumPy array is not writable, and PyTorch does not support non-writable tensors. This means writing to this tensor will result in undefined behavior. You may want to copy the array to protect its data or make it writable before converting it to a tensor. This type of warning will be suppressed for the rest of this program. (Triggered internally at /__w/pytorch/pytorch/torch/csrc/utils/tensor_numpy.cpp:213.)
  return (torch.from_numpy(np.ascontiguousarray(x)),
/data/omar/m2/core/data.py:97: UserWarning: The given NumPy array is not writable, and PyTorch does not support non-writable tensors. This means writing to this tensor will result in undefined behavior. You may want to copy the array to protect its data or make it writable before converting it to a tensor. This type of warning will be suppressed for the rest of this program. (Triggered internally at /__w/pytorch/pytorch/torch/csrc/utils/tensor_numpy.cpp:213.)
  return (torch.from_numpy(np.ascontiguousarray(x)),
/data/omar/m2/core/data.py:97: UserWarning: The given NumPy array is not writable, and PyTorch does not support non-writable tensors. This means writing to this tensor will result in undefined behavior. You may want to copy the array to protect its data or make it writable before converting it to a tensor. This type of warning will be suppressed for the rest of this program. (Triggered internally at /__w/pytorch/pytorch/torch/csrc/utils/tensor_numpy.cpp:213.)
  return (torch.from_numpy(np.ascontiguousarray(x)),
/data/omar/m2/core/data.py:97: UserWarning: The given NumPy array is not writable, and PyTorch does not support non-writable tensors. This means writing to this tensor will result in undefined behavior. You may want to copy the array to protect its data or make it writable before converting it to a tensor. This type of warning will be suppressed for the rest of this program. (Triggered internally at /__w/pytorch/pytorch/torch/csrc/utils/tensor_numpy.cpp:213.)
  return (torch.from_numpy(np.ascontiguousarray(x)),
/data/omar/m2/core/data.py:97: UserWarning: The given NumPy array is not writable, and PyTorch does not support non-writable tensors. This means writing to this tensor will result in undefined behavior. You may want to copy the array to protect its data or make it writable before converting it to a tensor. This type of warning will be suppressed for the rest of this program. (Triggered internally at /__w/pytorch/pytorch/torch/csrc/utils/tensor_numpy.cpp:213.)
  return (torch.from_numpy(np.ascontiguousarray(x)),
/data/omar/m2/core/data.py:97: UserWarning: The given NumPy array is not writable, and PyTorch does not support non-writable tensors. This means writing to this tensor will result in undefined behavior. You may want to copy the array to protect its data or make it writable before converting it to a tensor. This type of warning will be suppressed for the rest of this program. (Triggered internally at /__w/pytorch/pytorch/torch/csrc/utils/tensor_numpy.cpp:213.)
  return (torch.from_numpy(np.ascontiguousarray(x)),
/data/omar/m2/core/data.py:97: UserWarning: The given NumPy array is not writable, and PyTorch does not support non-writable tensors. This means writing to this tensor will result in undefined behavior. You may want to copy the array to protect its data or make it writable before converting it to a tensor. This type of warning will be suppressed for the rest of this program. (Triggered internally at /__w/pytorch/pytorch/torch/csrc/utils/tensor_numpy.cpp:213.)
  return (torch.from_numpy(np.ascontiguousarray(x)),
/data/omar/m2/core/data.py:97: UserWarning: The given NumPy array is not writable, and PyTorch does not support non-writable tensors. This means writing to this tensor will result in undefined behavior. You may want to copy the array to protect its data or make it writable before converting it to a tensor. This type of warning will be suppressed for the rest of this program. (Triggered internally at /__w/pytorch/pytorch/torch/csrc/utils/tensor_numpy.cpp:213.)
  return (torch.from_numpy(np.ascontiguousarray(x)),
/data/omar/m2/core/data.py:97: UserWarning: The given NumPy array is not writable, and PyTorch does not support non-writable tensors. This means writing to this tensor will result in undefined behavior. You may want to copy the array to protect its data or make it writable before converting it to a tensor. This type of warning will be suppressed for the rest of this program. (Triggered internally at /__w/pytorch/pytorch/torch/csrc/utils/tensor_numpy.cpp:213.)
  return (torch.from_numpy(np.ascontiguousarray(x)),
20:44:17 ep 1 step 600 loss 22.794 word 3.041 mean 36.585 sound 3.691 nb 1.765 lr x0.908 0.12s/step
20:44:27 ep 1 step 700 loss 22.718 word 3.054 mean 36.405 sound 3.689 nb 1.773 lr x0.876 0.10s/step
20:44:36 ep 1 step 800 loss 22.595 word 3.032 mean 36.203 sound 3.692 nb 1.771 lr x0.840 0.10s/step
20:44:46 ep 1 step 900 loss 22.400 word 3.040 mean 35.797 sound 3.692 nb 1.772 lr x0.800 0.09s/step
20:44:55 ep 1 step 1000 loss 22.491 word 3.020 mean 36.014 sound 3.692 nb 1.783 lr x0.758 0.09s/step
/data/omar/m2/core/data.py:97: UserWarning: The given NumPy array is not writable, and PyTorch does not support non-writable tensors. This means writing to this tensor will result in undefined behavior. You may want to copy the array to protect its data or make it writable before converting it to a tensor. This type of warning will be suppressed for the rest of this program. (Triggered internally at /__w/pytorch/pytorch/torch/csrc/utils/tensor_numpy.cpp:213.)
  return (torch.from_numpy(np.ascontiguousarray(x)),
/data/omar/m2/core/data.py:97: UserWarning: The given NumPy array is not writable, and PyTorch does not support non-writable tensors. This means writing to this tensor will result in undefined behavior. You may want to copy the array to protect its data or make it writable before converting it to a tensor. This type of warning will be suppressed for the rest of this program. (Triggered internally at /__w/pytorch/pytorch/torch/csrc/utils/tensor_numpy.cpp:213.)
  return (torch.from_numpy(np.ascontiguousarray(x)),
/data/omar/m2/core/data.py:97: UserWarning: The given NumPy array is not writable, and PyTorch does not support non-writable tensors. This means writing to this tensor will result in undefined behavior. You may want to copy the array to protect its data or make it writable before converting it to a tensor. This type of warning will be suppressed for the rest of this program. (Triggered internally at /__w/pytorch/pytorch/torch/csrc/utils/tensor_numpy.cpp:213.)
  return (torch.from_numpy(np.ascontiguousarray(x)),
/data/omar/m2/core/data.py:97: UserWarning: The given NumPy array is not writable, and PyTorch does not support non-writable tensors. This means writing to this tensor will result in undefined behavior. You may want to copy the array to protect its data or make it writable before converting it to a tensor. This type of warning will be suppressed for the rest of this program. (Triggered internally at /__w/pytorch/pytorch/torch/csrc/utils/tensor_numpy.cpp:213.)
  return (torch.from_numpy(np.ascontiguousarray(x)),
/data/omar/m2/core/data.py:97: UserWarning: The given NumPy array is not writable, and PyTorch does not support non-writable tensors. This means writing to this tensor will result in undefined behavior. You may want to copy the array to protect its data or make it writable before converting it to a tensor. This type of warning will be suppressed for the rest of this program. (Triggered internally at /__w/pytorch/pytorch/torch/csrc/utils/tensor_numpy.cpp:213.)
  return (torch.from_numpy(np.ascontiguousarray(x)),
/data/omar/m2/core/data.py:97: UserWarning: The given NumPy array is not writable, and PyTorch does not support non-writable tensors. This means writing to this tensor will result in undefined behavior. You may want to copy the array to protect its data or make it writable before converting it to a tensor. This type of warning will be suppressed for the rest of this program. (Triggered internally at /__w/pytorch/pytorch/torch/csrc/utils/tensor_numpy.cpp:213.)
  return (torch.from_numpy(np.ascontiguousarray(x)),
/data/omar/m2/core/data.py:97: UserWarning: The given NumPy array is not writable, and PyTorch does not support non-writable tensors. This means writing to this tensor will result in undefined behavior. You may want to copy the array to protect its data or make it writable before converting it to a tensor. This type of warning will be suppressed for the rest of this program. (Triggered internally at /__w/pytorch/pytorch/torch/csrc/utils/tensor_numpy.cpp:213.)
  return (torch.from_numpy(np.ascontiguousarray(x)),
/data/omar/m2/core/data.py:97: UserWarning: The given NumPy array is not writable, and PyTorch does not support non-writable tensors. This means writing to this tensor will result in undefined behavior. You may want to copy the array to protect its data or make it writable before converting it to a tensor. This type of warning will be suppressed for the rest of this program. (Triggered internally at /__w/pytorch/pytorch/torch/csrc/utils/tensor_numpy.cpp:213.)
  return (torch.from_numpy(np.ascontiguousarray(x)),
20:44:58 == epoch 1 deep: bacc10 0.2689 bacc1 0.0391 grid 0.2741@(1.0, 0.5) | broad: bacc10 0.3350 bacc1 0.0516 grid 0.3389@(1.0, 0.0)
/data/omar/m2/core/data.py:97: UserWarning: The given NumPy array is not writable, and PyTorch does not support non-writable tensors. This means writing to this tensor will result in undefined behavior. You may want to copy the array to protect its data or make it writable before converting it to a tensor. This type of warning will be suppressed for the rest of this program. (Triggered internally at /__w/pytorch/pytorch/torch/csrc/utils/tensor_numpy.cpp:213.)
  return (torch.from_numpy(np.ascontiguousarray(x)),
/data/omar/m2/core/data.py:97: UserWarning: The given NumPy array is not writable, and PyTorch does not support non-writable tensors. This means writing to this tensor will result in undefined behavior. You may want to copy the array to protect its data or make it writable before converting it to a tensor. This type of warning will be suppressed for the rest of this program. (Triggered internally at /__w/pytorch/pytorch/torch/csrc/utils/tensor_numpy.cpp:213.)
  return (torch.from_numpy(np.ascontiguousarray(x)),
/data/omar/m2/core/data.py:97: UserWarning: The given NumPy array is not writable, and PyTorch does not support non-writable tensors. This means writing to this tensor will result in undefined behavior. You may want to copy the array to protect its data or make it writable before converting it to a tensor. This type of warning will be suppressed for the rest of this program. (Triggered internally at /__w/pytorch/pytorch/torch/csrc/utils/tensor_numpy.cpp:213.)
  return (torch.from_numpy(np.ascontiguousarray(x)),
/data/omar/m2/core/data.py:97: UserWarning: The given NumPy array is not writable, and PyTorch does not support non-writable tensors. This means writing to this tensor will result in undefined behavior. You may want to copy the array to protect its data or make it writable before converting it to a tensor. This type of warning will be suppressed for the rest of this program. (Triggered internally at /__w/pytorch/pytorch/torch/csrc/utils/tensor_numpy.cpp:213.)
  return (torch.from_numpy(np.ascontiguousarray(x)),
/data/omar/m2/core/data.py:97: UserWarning: The given NumPy array is not writable, and PyTorch does not support non-writable tensors. This means writing to this tensor will result in undefined behavior. You may want to copy the array to protect its data or make it writable before converting it to a tensor. This type of warning will be suppressed for the rest of this program. (Triggered internally at /__w/pytorch/pytorch/torch/csrc/utils/tensor_numpy.cpp:213.)
  return (torch.from_numpy(np.ascontiguousarray(x)),
/data/omar/m2/core/data.py:97: UserWarning: The given NumPy array is not writable, and PyTorch does not support non-writable tensors. This means writing to this tensor will result in undefined behavior. You may want to copy the array to protect its data or make it writable before converting it to a tensor. This type of warning will be suppressed for the rest of this program. (Triggered internally at /__w/pytorch/pytorch/torch/csrc/utils/tensor_numpy.cpp:213.)
  return (torch.from_numpy(np.ascontiguousarray(x)),
/data/omar/m2/core/data.py:97: UserWarning: The given NumPy array is not writable, and PyTorch does not support non-writable tensors. This means writing to this tensor will result in undefined behavior. You may want to copy the array to protect its data or make it writable before converting it to a tensor. This type of warning will be suppressed for the rest of this program. (Triggered internally at /__w/pytorch/pytorch/torch/csrc/utils/tensor_numpy.cpp:213.)
  return (torch.from_numpy(np.ascontiguousarray(x)),
/data/omar/m2/core/data.py:97: UserWarning: The given NumPy array is not writable, and PyTorch does not support non-writable tensors. This means writing to this tensor will result in undefined behavior. You may want to copy the array to protect its data or make it writable before converting it to a tensor. This type of warning will be suppressed for the rest of this program. (Triggered internally at /__w/pytorch/pytorch/torch/csrc/utils/tensor_numpy.cpp:213.)
  return (torch.from_numpy(np.ascontiguousarray(x)),
/data/omar/m2/core/data.py:97: UserWarning: The given NumPy array is not writable, and PyTorch does not support non-writable tensors. This means writing to this tensor will result in undefined behavior. You may want to copy the array to protect its data or make it writable before converting it to a tensor. This type of warning will be suppressed for the rest of this program. (Triggered internally at /__w/pytorch/pytorch/torch/csrc/utils/tensor_numpy.cpp:213.)
  return (torch.from_numpy(np.ascontiguousarray(x)),
/data/omar/m2/core/data.py:97: UserWarning: The given NumPy array is not writable, and PyTorch does not support non-writable tensors. This means writing to this tensor will result in undefined behavior. You may want to copy the array to protect its data or make it writable before converting it to a tensor. This type of warning will be suppressed for the rest of this program. (Triggered internally at /__w/pytorch/pytorch/torch/csrc/utils/tensor_numpy.cpp:213.)
  return (torch.from_numpy(np.ascontiguousarray(x)),
/data/omar/m2/core/data.py:97: UserWarning: The given NumPy array is not writable, and PyTorch does not support non-writable tensors. This means writing to this tensor will result in undefined behavior. You may want to copy the array to protect its data or make it writable before converting it to a tensor. This type of warning will be suppressed for the rest of this program. (Triggered internally at /__w/pytorch/pytorch/torch/csrc/utils/tensor_numpy.cpp:213.)
  return (torch.from_numpy(np.ascontiguousarray(x)),
/data/omar/m2/core/data.py:97: UserWarning: The given NumPy array is not writable, and PyTorch does not support non-writable tensors. This means writing to this tensor will result in undefined behavior. You may want to copy the array to protect its data or make it writable before converting it to a tensor. This type of warning will be suppressed for the rest of this program. (Triggered internally at /__w/pytorch/pytorch/torch/csrc/utils/tensor_numpy.cpp:213.)
  return (torch.from_numpy(np.ascontiguousarray(x)),
20:45:10 ep 2 step 1100 loss 22.396 word 3.028 mean 35.815 sound 3.690 nb 1.766 lr x0.713 0.11s/step
20:45:20 ep 2 step 1200 loss 22.206 word 3.023 mean 35.447 sound 3.692 nb 1.762 lr x0.665 0.10s/step
20:45:29 ep 2 step 1300 loss 22.253 word 3.023 mean 35.543 sound 3.685 nb 1.766 lr x0.616 0.10s/step
20:45:39 ep 2 step 1400 loss 22.000 word 3.018 mean 35.046 sound 3.689 nb 1.762 lr x0.566 0.10s/step
20:45:48 ep 2 step 1500 loss 22.018 word 3.011 mean 35.095 sound 3.688 nb 1.767 lr x0.516 0.09s/step
/data/omar/m2/core/data.py:97: UserWarning: The given NumPy array is not writable, and PyTorch does not support non-writable tensors. This means writing to this tensor will result in undefined behavior. You may want to copy the array to protect its data or make it writable before converting it to a tensor. This type of warning will be suppressed for the rest of this program. (Triggered internally at /__w/pytorch/pytorch/torch/csrc/utils/tensor_numpy.cpp:213.)
  return (torch.from_numpy(np.ascontiguousarray(x)),
/data/omar/m2/core/data.py:97: UserWarning: The given NumPy array is not writable, and PyTorch does not support non-writable tensors. This means writing to this tensor will result in undefined behavior. You may want to copy the array to protect its data or make it writable before converting it to a tensor. This type of warning will be suppressed for the rest of this program. (Triggered internally at /__w/pytorch/pytorch/torch/csrc/utils/tensor_numpy.cpp:213.)
  return (torch.from_numpy(np.ascontiguousarray(x)),
/data/omar/m2/core/data.py:97: UserWarning: The given NumPy array is not writable, and PyTorch does not support non-writable tensors. This means writing to this tensor will result in undefined behavior. You may want to copy the array to protect its data or make it writable before converting it to a tensor. This type of warning will be suppressed for the rest of this program. (Triggered internally at /__w/pytorch/pytorch/torch/csrc/utils/tensor_numpy.cpp:213.)
  return (torch.from_numpy(np.ascontiguousarray(x)),
/data/omar/m2/core/data.py:97: UserWarning: The given NumPy array is not writable, and PyTorch does not support non-writable tensors. This means writing to this tensor will result in undefined behavior. You may want to copy the array to protect its data or make it writable before converting it to a tensor. This type of warning will be suppressed for the rest of this program. (Triggered internally at /__w/pytorch/pytorch/torch/csrc/utils/tensor_numpy.cpp:213.)
  return (torch.from_numpy(np.ascontiguousarray(x)),
/data/omar/m2/core/data.py:97: UserWarning: The given NumPy array is not writable, and PyTorch does not support non-writable tensors. This means writing to this tensor will result in undefined behavior. You may want to copy the array to protect its data or make it writable before converting it to a tensor. This type of warning will be suppressed for the rest of this program. (Triggered internally at /__w/pytorch/pytorch/torch/csrc/utils/tensor_numpy.cpp:213.)
  return (torch.from_numpy(np.ascontiguousarray(x)),
/data/omar/m2/core/data.py:97: UserWarning: The given NumPy array is not writable, and PyTorch does not support non-writable tensors. This means writing to this tensor will result in undefined behavior. You may want to copy the array to protect its data or make it writable before converting it to a tensor. This type of warning will be suppressed for the rest of this program. (Triggered internally at /__w/pytorch/pytorch/torch/csrc/utils/tensor_numpy.cpp:213.)
  return (torch.from_numpy(np.ascontiguousarray(x)),
/data/omar/m2/core/data.py:97: UserWarning: The given NumPy array is not writable, and PyTorch does not support non-writable tensors. This means writing to this tensor will result in undefined behavior. You may want to copy the array to protect its data or make it writable before converting it to a tensor. This type of warning will be suppressed for the rest of this program. (Triggered internally at /__w/pytorch/pytorch/torch/csrc/utils/tensor_numpy.cpp:213.)
  return (torch.from_numpy(np.ascontiguousarray(x)),
/data/omar/m2/core/data.py:97: UserWarning: The given NumPy array is not writable, and PyTorch does not support non-writable tensors. This means writing to this tensor will result in undefined behavior. You may want to copy the array to protect its data or make it writable before converting it to a tensor. This type of warning will be suppressed for the rest of this program. (Triggered internally at /__w/pytorch/pytorch/torch/csrc/utils/tensor_numpy.cpp:213.)
  return (torch.from_numpy(np.ascontiguousarray(x)),
20:45:51 == epoch 2 deep: bacc10 0.2713 bacc1 0.0393 grid 0.2732@(1.0, 0.0) | broad: bacc10 0.3294 bacc1 0.0513 grid 0.3388@(1.0, 0.0)
/data/omar/m2/core/data.py:97: UserWarning: The given NumPy array is not writable, and PyTorch does not support non-writable tensors. This means writing to this tensor will result in undefined behavior. You may want to copy the array to protect its data or make it writable before converting it to a tensor. This type of warning will be suppressed for the rest of this program. (Triggered internally at /__w/pytorch/pytorch/torch/csrc/utils/tensor_numpy.cpp:213.)
  return (torch.from_numpy(np.ascontiguousarray(x)),
/data/omar/m2/core/data.py:97: UserWarning: The given NumPy array is not writable, and PyTorch does not support non-writable tensors. This means writing to this tensor will result in undefined behavior. You may want to copy the array to protect its data or make it writable before converting it to a tensor. This type of warning will be suppressed for the rest of this program. (Triggered internally at /__w/pytorch/pytorch/torch/csrc/utils/tensor_numpy.cpp:213.)
  return (torch.from_numpy(np.ascontiguousarray(x)),
/data/omar/m2/core/data.py:97: UserWarning: The given NumPy array is not writable, and PyTorch does not support non-writable tensors. This means writing to this tensor will result in undefined behavior. You may want to copy the array to protect its data or make it writable before converting it to a tensor. This type of warning will be suppressed for the rest of this program. (Triggered internally at /__w/pytorch/pytorch/torch/csrc/utils/tensor_numpy.cpp:213.)
  return (torch.from_numpy(np.ascontiguousarray(x)),
/data/omar/m2/core/data.py:97: UserWarning: The given NumPy array is not writable, and PyTorch does not support non-writable tensors. This means writing to this tensor will result in undefined behavior. You may want to copy the array to protect its data or make it writable before converting it to a tensor. This type of warning will be suppressed for the rest of this program. (Triggered internally at /__w/pytorch/pytorch/torch/csrc/utils/tensor_numpy.cpp:213.)
  return (torch.from_numpy(np.ascontiguousarray(x)),
/data/omar/m2/core/data.py:97: UserWarning: The given NumPy array is not writable, and PyTorch does not support non-writable tensors. This means writing to this tensor will result in undefined behavior. You may want to copy the array to protect its data or make it writable before converting it to a tensor. This type of warning will be suppressed for the rest of this program. (Triggered internally at /__w/pytorch/pytorch/torch/csrc/utils/tensor_numpy.cpp:213.)
  return (torch.from_numpy(np.ascontiguousarray(x)),
/data/omar/m2/core/data.py:97: UserWarning: The given NumPy array is not writable, and PyTorch does not support non-writable tensors. This means writing to this tensor will result in undefined behavior. You may want to copy the array to protect its data or make it writable before converting it to a tensor. This type of warning will be suppressed for the rest of this program. (Triggered internally at /__w/pytorch/pytorch/torch/csrc/utils/tensor_numpy.cpp:213.)
  return (torch.from_numpy(np.ascontiguousarray(x)),
/data/omar/m2/core/data.py:97: UserWarning: The given NumPy array is not writable, and PyTorch does not support non-writable tensors. This means writing to this tensor will result in undefined behavior. You may want to copy the array to protect its data or make it writable before converting it to a tensor. This type of warning will be suppressed for the rest of this program. (Triggered internally at /__w/pytorch/pytorch/torch/csrc/utils/tensor_numpy.cpp:213.)
  return (torch.from_numpy(np.ascontiguousarray(x)),
/data/omar/m2/core/data.py:97: UserWarning: The given NumPy array is not writable, and PyTorch does not support non-writable tensors. This means writing to this tensor will result in undefined behavior. You may want to copy the array to protect its data or make it writable before converting it to a tensor. This type of warning will be suppressed for the rest of this program. (Triggered internally at /__w/pytorch/pytorch/torch/csrc/utils/tensor_numpy.cpp:213.)
  return (torch.from_numpy(np.ascontiguousarray(x)),
/data/omar/m2/core/data.py:97: UserWarning: The given NumPy array is not writable, and PyTorch does not support non-writable tensors. This means writing to this tensor will result in undefined behavior. You may want to copy the array to protect its data or make it writable before converting it to a tensor. This type of warning will be suppressed for the rest of this program. (Triggered internally at /__w/pytorch/pytorch/torch/csrc/utils/tensor_numpy.cpp:213.)
  return (torch.from_numpy(np.ascontiguousarray(x)),
/data/omar/m2/core/data.py:97: UserWarning: The given NumPy array is not writable, and PyTorch does not support non-writable tensors. This means writing to this tensor will result in undefined behavior. You may want to copy the array to protect its data or make it writable before converting it to a tensor. This type of warning will be suppressed for the rest of this program. (Triggered internally at /__w/pytorch/pytorch/torch/csrc/utils/tensor_numpy.cpp:213.)
  return (torch.from_numpy(np.ascontiguousarray(x)),
/data/omar/m2/core/data.py:97: UserWarning: The given NumPy array is not writable, and PyTorch does not support non-writable tensors. This means writing to this tensor will result in undefined behavior. You may want to copy the array to protect its data or make it writable before converting it to a tensor. This type of warning will be suppressed for the rest of this program. (Triggered internally at /__w/pytorch/pytorch/torch/csrc/utils/tensor_numpy.cpp:213.)
  return (torch.from_numpy(np.ascontiguousarray(x)),
/data/omar/m2/core/data.py:97: UserWarning: The given NumPy array is not writable, and PyTorch does not support non-writable tensors. This means writing to this tensor will result in undefined behavior. You may want to copy the array to protect its data or make it writable before converting it to a tensor. This type of warning will be suppressed for the rest of this program. (Triggered internally at /__w/pytorch/pytorch/torch/csrc/utils/tensor_numpy.cpp:213.)
  return (torch.from_numpy(np.ascontiguousarray(x)),
20:46:03 ep 3 step 1600 loss 22.236 word 2.987 mean 35.580 sound 3.687 nb 1.763 lr x0.465 0.11s/step
20:46:12 ep 3 step 1700 loss 21.735 word 2.983 mean 34.583 sound 3.690 nb 1.767 lr x0.415 0.10s/step
20:46:22 ep 3 step 1800 loss 21.805 word 2.992 mean 34.708 sound 3.690 nb 1.758 lr x0.366 0.10s/step
20:46:32 ep 3 step 1900 loss 21.876 word 2.990 mean 34.851 sound 3.687 nb 1.773 lr x0.318 0.10s/step
20:46:41 ep 3 step 2000 loss 21.901 word 2.982 mean 34.920 sound 3.685 nb 1.764 lr x0.273 0.09s/step
/data/omar/m2/core/data.py:97: UserWarning: The given NumPy array is not writable, and PyTorch does not support non-writable tensors. This means writing to this tensor will result in undefined behavior. You may want to copy the array to protect its data or make it writable before converting it to a tensor. This type of warning will be suppressed for the rest of this program. (Triggered internally at /__w/pytorch/pytorch/torch/csrc/utils/tensor_numpy.cpp:213.)
  return (torch.from_numpy(np.ascontiguousarray(x)),
/data/omar/m2/core/data.py:97: UserWarning: The given NumPy array is not writable, and PyTorch does not support non-writable tensors. This means writing to this tensor will result in undefined behavior. You may want to copy the array to protect its data or make it writable before converting it to a tensor. This type of warning will be suppressed for the rest of this program. (Triggered internally at /__w/pytorch/pytorch/torch/csrc/utils/tensor_numpy.cpp:213.)
  return (torch.from_numpy(np.ascontiguousarray(x)),
/data/omar/m2/core/data.py:97: UserWarning: The given NumPy array is not writable, and PyTorch does not support non-writable tensors. This means writing to this tensor will result in undefined behavior. You may want to copy the array to protect its data or make it writable before converting it to a tensor. This type of warning will be suppressed for the rest of this program. (Triggered internally at /__w/pytorch/pytorch/torch/csrc/utils/tensor_numpy.cpp:213.)
  return (torch.from_numpy(np.ascontiguousarray(x)),
/data/omar/m2/core/data.py:97: UserWarning: The given NumPy array is not writable, and PyTorch does not support non-writable tensors. This means writing to this tensor will result in undefined behavior. You may want to copy the array to protect its data or make it writable before converting it to a tensor. This type of warning will be suppressed for the rest of this program. (Triggered internally at /__w/pytorch/pytorch/torch/csrc/utils/tensor_numpy.cpp:213.)
  return (torch.from_numpy(np.ascontiguousarray(x)),
/data/omar/m2/core/data.py:97: UserWarning: The given NumPy array is not writable, and PyTorch does not support non-writable tensors. This means writing to this tensor will result in undefined behavior. You may want to copy the array to protect its data or make it writable before converting it to a tensor. This type of warning will be suppressed for the rest of this program. (Triggered internally at /__w/pytorch/pytorch/torch/csrc/utils/tensor_numpy.cpp:213.)
  return (torch.from_numpy(np.ascontiguousarray(x)),
/data/omar/m2/core/data.py:97: UserWarning: The given NumPy array is not writable, and PyTorch does not support non-writable tensors. This means writing to this tensor will result in undefined behavior. You may want to copy the array to protect its data or make it writable before converting it to a tensor. This type of warning will be suppressed for the rest of this program. (Triggered internally at /__w/pytorch/pytorch/torch/csrc/utils/tensor_numpy.cpp:213.)
  return (torch.from_numpy(np.ascontiguousarray(x)),
/data/omar/m2/core/data.py:97: UserWarning: The given NumPy array is not writable, and PyTorch does not support non-writable tensors. This means writing to this tensor will result in undefined behavior. You may want to copy the array to protect its data or make it writable before converting it to a tensor. This type of warning will be suppressed for the rest of this program. (Triggered internally at /__w/pytorch/pytorch/torch/csrc/utils/tensor_numpy.cpp:213.)
  return (torch.from_numpy(np.ascontiguousarray(x)),
/data/omar/m2/core/data.py:97: UserWarning: The given NumPy array is not writable, and PyTorch does not support non-writable tensors. This means writing to this tensor will result in undefined behavior. You may want to copy the array to protect its data or make it writable before converting it to a tensor. This type of warning will be suppressed for the rest of this program. (Triggered internally at /__w/pytorch/pytorch/torch/csrc/utils/tensor_numpy.cpp:213.)
  return (torch.from_numpy(np.ascontiguousarray(x)),
20:46:44 == epoch 3 deep: bacc10 0.2651 bacc1 0.0363 grid 0.2686@(1.0, 0.5) | broad: bacc10 0.3269 bacc1 0.0510 grid 0.3364@(1.0, 0.0)
/data/omar/m2/core/data.py:97: UserWarning: The given NumPy array is not writable, and PyTorch does not support non-writable tensors. This means writing to this tensor will result in undefined behavior. You may want to copy the array to protect its data or make it writable before converting it to a tensor. This type of warning will be suppressed for the rest of this program. (Triggered internally at /__w/pytorch/pytorch/torch/csrc/utils/tensor_numpy.cpp:213.)
  return (torch.from_numpy(np.ascontiguousarray(x)),
/data/omar/m2/core/data.py:97: UserWarning: The given NumPy array is not writable, and PyTorch does not support non-writable tensors. This means writing to this tensor will result in undefined behavior. You may want to copy the array to protect its data or make it writable before converting it to a tensor. This type of warning will be suppressed for the rest of this program. (Triggered internally at /__w/pytorch/pytorch/torch/csrc/utils/tensor_numpy.cpp:213.)
  return (torch.from_numpy(np.ascontiguousarray(x)),
/data/omar/m2/core/data.py:97: UserWarning: The given NumPy array is not writable, and PyTorch does not support non-writable tensors. This means writing to this tensor will result in undefined behavior. You may want to copy the array to protect its data or make it writable before converting it to a tensor. This type of warning will be suppressed for the rest of this program. (Triggered internally at /__w/pytorch/pytorch/torch/csrc/utils/tensor_numpy.cpp:213.)
  return (torch.from_numpy(np.ascontiguousarray(x)),
/data/omar/m2/core/data.py:97: UserWarning: The given NumPy array is not writable, and PyTorch does not support non-writable tensors. This means writing to this tensor will result in undefined behavior. You may want to copy the array to protect its data or make it writable before converting it to a tensor. This type of warning will be suppressed for the rest of this program. (Triggered internally at /__w/pytorch/pytorch/torch/csrc/utils/tensor_numpy.cpp:213.)
  return (torch.from_numpy(np.ascontiguousarray(x)),
/data/omar/m2/core/data.py:97: UserWarning: The given NumPy array is not writable, and PyTorch does not support non-writable tensors. This means writing to this tensor will result in undefined behavior. You may want to copy the array to protect its data or make it writable before converting it to a tensor. This type of warning will be suppressed for the rest of this program. (Triggered internally at /__w/pytorch/pytorch/torch/csrc/utils/tensor_numpy.cpp:213.)
  return (torch.from_numpy(np.ascontiguousarray(x)),
/data/omar/m2/core/data.py:97: UserWarning: The given NumPy array is not writable, and PyTorch does not support non-writable tensors. This means writing to this tensor will result in undefined behavior. You may want to copy the array to protect its data or make it writable before converting it to a tensor. This type of warning will be suppressed for the rest of this program. (Triggered internally at /__w/pytorch/pytorch/torch/csrc/utils/tensor_numpy.cpp:213.)
  return (torch.from_numpy(np.ascontiguousarray(x)),
/data/omar/m2/core/data.py:97: UserWarning: The given NumPy array is not writable, and PyTorch does not support non-writable tensors. This means writing to this tensor will result in undefined behavior. You may want to copy the array to protect its data or make it writable before converting it to a tensor. This type of warning will be suppressed for the rest of this program. (Triggered internally at /__w/pytorch/pytorch/torch/csrc/utils/tensor_numpy.cpp:213.)
  return (torch.from_numpy(np.ascontiguousarray(x)),
/data/omar/m2/core/data.py:97: UserWarning: The given NumPy array is not writable, and PyTorch does not support non-writable tensors. This means writing to this tensor will result in undefined behavior. You may want to copy the array to protect its data or make it writable before converting it to a tensor. This type of warning will be suppressed for the rest of this program. (Triggered internally at /__w/pytorch/pytorch/torch/csrc/utils/tensor_numpy.cpp:213.)
  return (torch.from_numpy(np.ascontiguousarray(x)),
/data/omar/m2/core/data.py:97: UserWarning: The given NumPy array is not writable, and PyTorch does not support non-writable tensors. This means writing to this tensor will result in undefined behavior. You may want to copy the array to protect its data or make it writable before converting it to a tensor. This type of warning will be suppressed for the rest of this program. (Triggered internally at /__w/pytorch/pytorch/torch/csrc/utils/tensor_numpy.cpp:213.)
  return (torch.from_numpy(np.ascontiguousarray(x)),
/data/omar/m2/core/data.py:97: UserWarning: The given NumPy array is not writable, and PyTorch does not support non-writable tensors. This means writing to this tensor will result in undefined behavior. You may want to copy the array to protect its data or make it writable before converting it to a tensor. This type of warning will be suppressed for the rest of this program. (Triggered internally at /__w/pytorch/pytorch/torch/csrc/utils/tensor_numpy.cpp:213.)
  return (torch.from_numpy(np.ascontiguousarray(x)),
/data/omar/m2/core/data.py:97: UserWarning: The given NumPy array is not writable, and PyTorch does not support non-writable tensors. This means writing to this tensor will result in undefined behavior. You may want to copy the array to protect its data or make it writable before converting it to a tensor. This type of warning will be suppressed for the rest of this program. (Triggered internally at /__w/pytorch/pytorch/torch/csrc/utils/tensor_numpy.cpp:213.)
  return (torch.from_numpy(np.ascontiguousarray(x)),
/data/omar/m2/core/data.py:97: UserWarning: The given NumPy array is not writable, and PyTorch does not support non-writable tensors. This means writing to this tensor will result in undefined behavior. You may want to copy the array to protect its data or make it writable before converting it to a tensor. This type of warning will be suppressed for the rest of this program. (Triggered internally at /__w/pytorch/pytorch/torch/csrc/utils/tensor_numpy.cpp:213.)
  return (torch.from_numpy(np.ascontiguousarray(x)),
20:46:56 ep 4 step 2100 loss 21.627 word 2.977 mean 34.380 sound 3.690 nb 1.762 lr x0.230 0.12s/step
20:47:06 ep 4 step 2200 loss 21.456 word 2.980 mean 34.034 sound 3.688 nb 1.764 lr x0.191 0.10s/step
20:47:16 ep 4 step 2300 loss 21.424 word 2.996 mean 33.938 sound 3.687 nb 1.766 lr x0.155 0.10s/step
20:47:26 ep 4 step 2400 loss 21.497 word 2.980 mean 34.119 sound 3.688 nb 1.751 lr x0.123 0.10s/step
20:47:35 ep 4 step 2500 loss 21.714 word 2.978 mean 34.558 sound 3.686 nb 1.758 lr x0.095 0.09s/step
/data/omar/m2/core/data.py:97: UserWarning: The given NumPy array is not writable, and PyTorch does not support non-writable tensors. This means writing to this tensor will result in undefined behavior. You may want to copy the array to protect its data or make it writable before converting it to a tensor. This type of warning will be suppressed for the rest of this program. (Triggered internally at /__w/pytorch/pytorch/torch/csrc/utils/tensor_numpy.cpp:213.)
  return (torch.from_numpy(np.ascontiguousarray(x)),
/data/omar/m2/core/data.py:97: UserWarning: The given NumPy array is not writable, and PyTorch does not support non-writable tensors. This means writing to this tensor will result in undefined behavior. You may want to copy the array to protect its data or make it writable before converting it to a tensor. This type of warning will be suppressed for the rest of this program. (Triggered internally at /__w/pytorch/pytorch/torch/csrc/utils/tensor_numpy.cpp:213.)
  return (torch.from_numpy(np.ascontiguousarray(x)),
/data/omar/m2/core/data.py:97: UserWarning: The given NumPy array is not writable, and PyTorch does not support non-writable tensors. This means writing to this tensor will result in undefined behavior. You may want to copy the array to protect its data or make it writable before converting it to a tensor. This type of warning will be suppressed for the rest of this program. (Triggered internally at /__w/pytorch/pytorch/torch/csrc/utils/tensor_numpy.cpp:213.)
  return (torch.from_numpy(np.ascontiguousarray(x)),
/data/omar/m2/core/data.py:97: UserWarning: The given NumPy array is not writable, and PyTorch does not support non-writable tensors. This means writing to this tensor will result in undefined behavior. You may want to copy the array to protect its data or make it writable before converting it to a tensor. This type of warning will be suppressed for the rest of this program. (Triggered internally at /__w/pytorch/pytorch/torch/csrc/utils/tensor_numpy.cpp:213.)
  return (torch.from_numpy(np.ascontiguousarray(x)),
/data/omar/m2/core/data.py:97: UserWarning: The given NumPy array is not writable, and PyTorch does not support non-writable tensors. This means writing to this tensor will result in undefined behavior. You may want to copy the array to protect its data or make it writable before converting it to a tensor. This type of warning will be suppressed for the rest of this program. (Triggered internally at /__w/pytorch/pytorch/torch/csrc/utils/tensor_numpy.cpp:213.)
  return (torch.from_numpy(np.ascontiguousarray(x)),
/data/omar/m2/core/data.py:97: UserWarning: The given NumPy array is not writable, and PyTorch does not support non-writable tensors. This means writing to this tensor will result in undefined behavior. You may want to copy the array to protect its data or make it writable before converting it to a tensor. This type of warning will be suppressed for the rest of this program. (Triggered internally at /__w/pytorch/pytorch/torch/csrc/utils/tensor_numpy.cpp:213.)
  return (torch.from_numpy(np.ascontiguousarray(x)),
/data/omar/m2/core/data.py:97: UserWarning: The given NumPy array is not writable, and PyTorch does not support non-writable tensors. This means writing to this tensor will result in undefined behavior. You may want to copy the array to protect its data or make it writable before converting it to a tensor. This type of warning will be suppressed for the rest of this program. (Triggered internally at /__w/pytorch/pytorch/torch/csrc/utils/tensor_numpy.cpp:213.)
  return (torch.from_numpy(np.ascontiguousarray(x)),
/data/omar/m2/core/data.py:97: UserWarning: The given NumPy array is not writable, and PyTorch does not support non-writable tensors. This means writing to this tensor will result in undefined behavior. You may want to copy the array to protect its data or make it writable before converting it to a tensor. This type of warning will be suppressed for the rest of this program. (Triggered internally at /__w/pytorch/pytorch/torch/csrc/utils/tensor_numpy.cpp:213.)
  return (torch.from_numpy(np.ascontiguousarray(x)),
20:47:38 == epoch 4 deep: bacc10 0.2604 bacc1 0.0366 grid 0.2735@(1.0, 0.5) | broad: bacc10 0.3204 bacc1 0.0508 grid 0.3319@(1.0, 0.0)
/data/omar/m2/core/data.py:97: UserWarning: The given NumPy array is not writable, and PyTorch does not support non-writable tensors. This means writing to this tensor will result in undefined behavior. You may want to copy the array to protect its data or make it writable before converting it to a tensor. This type of warning will be suppressed for the rest of this program. (Triggered internally at /__w/pytorch/pytorch/torch/csrc/utils/tensor_numpy.cpp:213.)
  return (torch.from_numpy(np.ascontiguousarray(x)),
/data/omar/m2/core/data.py:97: UserWarning: The given NumPy array is not writable, and PyTorch does not support non-writable tensors. This means writing to this tensor will result in undefined behavior. You may want to copy the array to protect its data or make it writable before converting it to a tensor. This type of warning will be suppressed for the rest of this program. (Triggered internally at /__w/pytorch/pytorch/torch/csrc/utils/tensor_numpy.cpp:213.)
  return (torch.from_numpy(np.ascontiguousarray(x)),
/data/omar/m2/core/data.py:97: UserWarning: The given NumPy array is not writable, and PyTorch does not support non-writable tensors. This means writing to this tensor will result in undefined behavior. You may want to copy the array to protect its data or make it writable before converting it to a tensor. This type of warning will be suppressed for the rest of this program. (Triggered internally at /__w/pytorch/pytorch/torch/csrc/utils/tensor_numpy.cpp:213.)
  return (torch.from_numpy(np.ascontiguousarray(x)),
/data/omar/m2/core/data.py:97: UserWarning: The given NumPy array is not writable, and PyTorch does not support non-writable tensors. This means writing to this tensor will result in undefined behavior. You may want to copy the array to protect its data or make it writable before converting it to a tensor. This type of warning will be suppressed for the rest of this program. (Triggered internally at /__w/pytorch/pytorch/torch/csrc/utils/tensor_numpy.cpp:213.)
  return (torch.from_numpy(np.ascontiguousarray(x)),
/data/omar/m2/core/data.py:97: UserWarning: The given NumPy array is not writable, and PyTorch does not support non-writable tensors. This means writing to this tensor will result in undefined behavior. You may want to copy the array to protect its data or make it writable before converting it to a tensor. This type of warning will be suppressed for the rest of this program. (Triggered internally at /__w/pytorch/pytorch/torch/csrc/utils/tensor_numpy.cpp:213.)
  return (torch.from_numpy(np.ascontiguousarray(x)),
/data/omar/m2/core/data.py:97: UserWarning: The given NumPy array is not writable, and PyTorch does not support non-writable tensors. This means writing to this tensor will result in undefined behavior. You may want to copy the array to protect its data or make it writable before converting it to a tensor. This type of warning will be suppressed for the rest of this program. (Triggered internally at /__w/pytorch/pytorch/torch/csrc/utils/tensor_numpy.cpp:213.)
  return (torch.from_numpy(np.ascontiguousarray(x)),
/data/omar/m2/core/data.py:97: UserWarning: The given NumPy array is not writable, and PyTorch does not support non-writable tensors. This means writing to this tensor will result in undefined behavior. You may want to copy the array to protect its data or make it writable before converting it to a tensor. This type of warning will be suppressed for the rest of this program. (Triggered internally at /__w/pytorch/pytorch/torch/csrc/utils/tensor_numpy.cpp:213.)
  return (torch.from_numpy(np.ascontiguousarray(x)),
/data/omar/m2/core/data.py:97: UserWarning: The given NumPy array is not writable, and PyTorch does not support non-writable tensors. This means writing to this tensor will result in undefined behavior. You may want to copy the array to protect its data or make it writable before converting it to a tensor. This type of warning will be suppressed for the rest of this program. (Triggered internally at /__w/pytorch/pytorch/torch/csrc/utils/tensor_numpy.cpp:213.)
  return (torch.from_numpy(np.ascontiguousarray(x)),
/data/omar/m2/core/data.py:97: UserWarning: The given NumPy array is not writable, and PyTorch does not support non-writable tensors. This means writing to this tensor will result in undefined behavior. You may want to copy the array to protect its data or make it writable before converting it to a tensor. This type of warning will be suppressed for the rest of this program. (Triggered internally at /__w/pytorch/pytorch/torch/csrc/utils/tensor_numpy.cpp:213.)
  return (torch.from_numpy(np.ascontiguousarray(x)),
/data/omar/m2/core/data.py:97: UserWarning: The given NumPy array is not writable, and PyTorch does not support non-writable tensors. This means writing to this tensor will result in undefined behavior. You may want to copy the array to protect its data or make it writable before converting it to a tensor. This type of warning will be suppressed for the rest of this program. (Triggered internally at /__w/pytorch/pytorch/torch/csrc/utils/tensor_numpy.cpp:213.)
  return (torch.from_numpy(np.ascontiguousarray(x)),
/data/omar/m2/core/data.py:97: UserWarning: The given NumPy array is not writable, and PyTorch does not support non-writable tensors. This means writing to this tensor will result in undefined behavior. You may want to copy the array to protect its data or make it writable before converting it to a tensor. This type of warning will be suppressed for the rest of this program. (Triggered internally at /__w/pytorch/pytorch/torch/csrc/utils/tensor_numpy.cpp:213.)
  return (torch.from_numpy(np.ascontiguousarray(x)),
/data/omar/m2/core/data.py:97: UserWarning: The given NumPy array is not writable, and PyTorch does not support non-writable tensors. This means writing to this tensor will result in undefined behavior. You may want to copy the array to protect its data or make it writable before converting it to a tensor. This type of warning will be suppressed for the rest of this program. (Triggered internally at /__w/pytorch/pytorch/torch/csrc/utils/tensor_numpy.cpp:213.)
  return (torch.from_numpy(np.ascontiguousarray(x)),
20:47:50 ep 5 step 2600 loss 21.418 word 2.975 mean 33.971 sound 3.686 nb 1.759 lr x0.072 0.11s/step
20:48:00 ep 5 step 2700 loss 21.523 word 2.971 mean 34.188 sound 3.688 nb 1.756 lr x0.054 0.10s/step
20:48:10 ep 5 step 2800 loss 21.410 word 2.973 mean 33.952 sound 3.688 nb 1.773 lr x0.041 0.10s/step
20:48:20 ep 5 step 2900 loss 21.583 word 2.985 mean 34.281 sound 3.684 nb 1.759 lr x0.033 0.10s/step
20:48:31 ep 5 step 3000 loss 21.495 word 2.981 mean 34.115 sound 3.688 nb 1.747 lr x0.030 0.11s/step
/data/omar/m2/core/data.py:97: UserWarning: The given NumPy array is not writable, and PyTorch does not support non-writable tensors. This means writing to this tensor will result in undefined behavior. You may want to copy the array to protect its data or make it writable before converting it to a tensor. This type of warning will be suppressed for the rest of this program. (Triggered internally at /__w/pytorch/pytorch/torch/csrc/utils/tensor_numpy.cpp:213.)
  return (torch.from_numpy(np.ascontiguousarray(x)),
/data/omar/m2/core/data.py:97: UserWarning: The given NumPy array is not writable, and PyTorch does not support non-writable tensors. This means writing to this tensor will result in undefined behavior. You may want to copy the array to protect its data or make it writable before converting it to a tensor. This type of warning will be suppressed for the rest of this program. (Triggered internally at /__w/pytorch/pytorch/torch/csrc/utils/tensor_numpy.cpp:213.)
  return (torch.from_numpy(np.ascontiguousarray(x)),
/data/omar/m2/core/data.py:97: UserWarning: The given NumPy array is not writable, and PyTorch does not support non-writable tensors. This means writing to this tensor will result in undefined behavior. You may want to copy the array to protect its data or make it writable before converting it to a tensor. This type of warning will be suppressed for the rest of this program. (Triggered internally at /__w/pytorch/pytorch/torch/csrc/utils/tensor_numpy.cpp:213.)
  return (torch.from_numpy(np.ascontiguousarray(x)),
/data/omar/m2/core/data.py:97: UserWarning: The given NumPy array is not writable, and PyTorch does not support non-writable tensors. This means writing to this tensor will result in undefined behavior. You may want to copy the array to protect its data or make it writable before converting it to a tensor. This type of warning will be suppressed for the rest of this program. (Triggered internally at /__w/pytorch/pytorch/torch/csrc/utils/tensor_numpy.cpp:213.)
  return (torch.from_numpy(np.ascontiguousarray(x)),
/data/omar/m2/core/data.py:97: UserWarning: The given NumPy array is not writable, and PyTorch does not support non-writable tensors. This means writing to this tensor will result in undefined behavior. You may want to copy the array to protect its data or make it writable before converting it to a tensor. This type of warning will be suppressed for the rest of this program. (Triggered internally at /__w/pytorch/pytorch/torch/csrc/utils/tensor_numpy.cpp:213.)
  return (torch.from_numpy(np.ascontiguousarray(x)),
/data/omar/m2/core/data.py:97: UserWarning: The given NumPy array is not writable, and PyTorch does not support non-writable tensors. This means writing to this tensor will result in undefined behavior. You may want to copy the array to protect its data or make it writable before converting it to a tensor. This type of warning will be suppressed for the rest of this program. (Triggered internally at /__w/pytorch/pytorch/torch/csrc/utils/tensor_numpy.cpp:213.)
  return (torch.from_numpy(np.ascontiguousarray(x)),
/data/omar/m2/core/data.py:97: UserWarning: The given NumPy array is not writable, and PyTorch does not support non-writable tensors. This means writing to this tensor will result in undefined behavior. You may want to copy the array to protect its data or make it writable before converting it to a tensor. This type of warning will be suppressed for the rest of this program. (Triggered internally at /__w/pytorch/pytorch/torch/csrc/utils/tensor_numpy.cpp:213.)
  return (torch.from_numpy(np.ascontiguousarray(x)),
/data/omar/m2/core/data.py:97: UserWarning: The given NumPy array is not writable, and PyTorch does not support non-writable tensors. This means writing to this tensor will result in undefined behavior. You may want to copy the array to protect its data or make it writable before converting it to a tensor. This type of warning will be suppressed for the rest of this program. (Triggered internally at /__w/pytorch/pytorch/torch/csrc/utils/tensor_numpy.cpp:213.)
  return (torch.from_numpy(np.ascontiguousarray(x)),
20:48:33 == epoch 5 deep: bacc10 0.2612 bacc1 0.0369 grid 0.2676@(1.0, 0.5) | broad: bacc10 0.3217 bacc1 0.0511 grid 0.3356@(1.0, 0.0)
20:48:34 done. best broad bacc10 0.3422
