nohup: ignoring input
19:07:48 params 16.6M, trainable 16.6M, device cuda
19:07:48 train rows 889659, val deep 5952, val broad 17940
/data/omar/m2/core/data.py:97: UserWarning: The given NumPy array is not writable, and PyTorch does not support non-writable tensors. This means writing to this tensor will result in undefined behavior. You may want to copy the array to protect its data or make it writable before converting it to a tensor. This type of warning will be suppressed for the rest of this program. (Triggered internally at /__w/pytorch/pytorch/torch/csrc/utils/tensor_numpy.cpp:213.)
  return (torch.from_numpy(np.ascontiguousarray(x)),
/data/omar/m2/core/data.py:97: UserWarning: The given NumPy array is not writable, and PyTorch does not support non-writable tensors. This means writing to this tensor will result in undefined behavior. You may want to copy the array to protect its data or make it writable before converting it to a tensor. This type of warning will be suppressed for the rest of this program. (Triggered internally at /__w/pytorch/pytorch/torch/csrc/utils/tensor_numpy.cpp:213.)
  return (torch.from_numpy(np.ascontiguousarray(x)),
/data/omar/m2/core/data.py:97: UserWarning: The given NumPy array is not writable, and PyTorch does not support non-writable tensors. This means writing to this tensor will result in undefined behavior. You may want to copy the array to protect its data or make it writable before converting it to a tensor. This type of warning will be suppressed for the rest of this program. (Triggered internally at /__w/pytorch/pytorch/torch/csrc/utils/tensor_numpy.cpp:213.)
  return (torch.from_numpy(np.ascontiguousarray(x)),
/data/omar/m2/core/data.py:97: UserWarning: The given NumPy array is not writable, and PyTorch does not support non-writable tensors. This means writing to this tensor will result in undefined behavior. You may want to copy the array to protect its data or make it writable before converting it to a tensor. This type of warning will be suppressed for the rest of this program. (Triggered internally at /__w/pytorch/pytorch/torch/csrc/utils/tensor_numpy.cpp:213.)
  return (torch.from_numpy(np.ascontiguousarray(x)),
/data/omar/m2/core/data.py:97: UserWarning: The given NumPy array is not writable, and PyTorch does not support non-writable tensors. This means writing to this tensor will result in undefined behavior. You may want to copy the array to protect its data or make it writable before converting it to a tensor. This type of warning will be suppressed for the rest of this program. (Triggered internally at /__w/pytorch/pytorch/torch/csrc/utils/tensor_numpy.cpp:213.)
  return (torch.from_numpy(np.ascontiguousarray(x)),
/data/omar/m2/core/data.py:97: UserWarning: The given NumPy array is not writable, and PyTorch does not support non-writable tensors. This means writing to this tensor will result in undefined behavior. You may want to copy the array to protect its data or make it writable before converting it to a tensor. This type of warning will be suppressed for the rest of this program. (Triggered internally at /__w/pytorch/pytorch/torch/csrc/utils/tensor_numpy.cpp:213.)
  return (torch.from_numpy(np.ascontiguousarray(x)),
/data/omar/m2/core/data.py:97: UserWarning: The given NumPy array is not writable, and PyTorch does not support non-writable tensors. This means writing to this tensor will result in undefined behavior. You may want to copy the array to protect its data or make it writable before converting it to a tensor. This type of warning will be suppressed for the rest of this program. (Triggered internally at /__w/pytorch/pytorch/torch/csrc/utils/tensor_numpy.cpp:213.)
  return (torch.from_numpy(np.ascontiguousarray(x)),
/data/omar/m2/core/data.py:97: UserWarning: The given NumPy array is not writable, and PyTorch does not support non-writable tensors. This means writing to this tensor will result in undefined behavior. You may want to copy the array to protect its data or make it writable before converting it to a tensor. This type of warning will be suppressed for the rest of this program. (Triggered internally at /__w/pytorch/pytorch/torch/csrc/utils/tensor_numpy.cpp:213.)
  return (torch.from_numpy(np.ascontiguousarray(x)),
/data/omar/m2/core/data.py:97: UserWarning: The given NumPy array is not writable, and PyTorch does not support non-writable tensors. This means writing to this tensor will result in undefined behavior. You may want to copy the array to protect its data or make it writable before converting it to a tensor. This type of warning will be suppressed for the rest of this program. (Triggered internally at /__w/pytorch/pytorch/torch/csrc/utils/tensor_numpy.cpp:213.)
  return (torch.from_numpy(np.ascontiguousarray(x)),
/data/omar/m2/core/data.py:97: UserWarning: The given NumPy array is not writable, and PyTorch does not support non-writable tensors. This means writing to this tensor will result in undefined behavior. You may want to copy the array to protect its data or make it writable before converting it to a tensor. This type of warning will be suppressed for the rest of this program. (Triggered internally at /__w/pytorch/pytorch/torch/csrc/utils/tensor_numpy.cpp:213.)
  return (torch.from_numpy(np.ascontiguousarray(x)),
/data/omar/m2/core/data.py:97: UserWarning: The given NumPy array is not writable, and PyTorch does not support non-writable tensors. This means writing to this tensor will result in undefined behavior. You may want to copy the array to protect its data or make it writable before converting it to a tensor. This type of warning will be suppressed for the rest of this program. (Triggered internally at /__w/pytorch/pytorch/torch/csrc/utils/tensor_numpy.cpp:213.)
  return (torch.from_numpy(np.ascontiguousarray(x)),
/data/omar/m2/core/data.py:97: UserWarning: The given NumPy array is not writable, and PyTorch does not support non-writable tensors. This means writing to this tensor will result in undefined behavior. You may want to copy the array to protect its data or make it writable before converting it to a tensor. This type of warning will be suppressed for the rest of this program. (Triggered internally at /__w/pytorch/pytorch/torch/csrc/utils/tensor_numpy.cpp:213.)
  return (torch.from_numpy(np.ascontiguousarray(x)),
19:08:08 ep 0 step 100 loss 30.674 word 3.526 mean 50.199 sound 4.314 nb 3.774 lr x0.100 0.18s/step
19:08:20 ep 0 step 200 loss 23.551 word 3.453 mean 37.025 sound 3.857 nb 2.143 lr x0.200 0.13s/step
19:08:33 ep 0 step 300 loss 23.491 word 3.452 mean 36.995 sound 3.804 nb 2.001 lr x0.300 0.13s/step
19:08:46 ep 0 step 400 loss 23.259 word 3.447 mean 36.574 sound 3.785 nb 1.945 lr x0.400 0.12s/step
19:08:58 ep 0 step 500 loss 23.296 word 3.442 mean 36.675 sound 3.758 nb 1.948 lr x0.500 0.12s/step
19:09:10 ep 0 step 600 loss 23.214 word 3.454 mean 36.489 sound 3.753 nb 1.949 lr x0.600 0.13s/step
19:09:23 ep 0 step 700 loss 23.658 word 3.433 mean 37.419 sound 3.749 nb 1.957 lr x0.700 0.13s/step
19:09:36 ep 0 step 800 loss 23.181 word 3.438 mean 36.444 sound 3.753 nb 1.975 lr x0.800 0.12s/step
19:09:49 ep 0 step 900 loss 23.464 word 3.436 mean 37.021 sound 3.745 nb 1.972 lr x0.899 0.13s/step
19:10:02 ep 0 step 1000 loss 23.205 word 3.432 mean 36.520 sound 3.743 nb 1.950 lr x0.999 0.13s/step
19:10:14 ep 0 step 1100 loss 22.862 word 3.430 mean 35.832 sound 3.747 nb 1.959 lr x0.999 0.13s/step
19:10:27 ep 0 step 1200 loss 23.197 word 3.421 mean 36.532 sound 3.740 nb 1.942 lr x0.999 0.13s/step
19:10:39 ep 0 step 1300 loss 23.102 word 3.423 mean 36.329 sound 3.742 nb 1.963 lr x0.998 0.13s/step
19:10:52 ep 0 step 1400 loss 23.245 word 3.414 mean 36.641 sound 3.741 nb 1.943 lr x0.998 0.13s/step
19:11:04 ep 0 step 1500 loss 23.010 word 3.409 mean 36.178 sound 3.737 nb 1.950 lr x0.998 0.12s/step
19:11:17 ep 0 step 1600 loss 23.058 word 3.414 mean 36.261 sound 3.738 nb 1.958 lr x0.998 0.13s/step
19:11:29 ep 0 step 1700 loss 22.811 word 3.412 mean 35.769 sound 3.741 nb 1.957 lr x0.997 0.12s/step
19:11:42 ep 0 step 1800 loss 22.925 word 3.411 mean 36.006 sound 3.740 nb 1.948 lr x0.997 0.12s/step
19:11:55 ep 0 step 1900 loss 22.926 word 3.400 mean 36.030 sound 3.736 nb 1.954 lr x0.997 0.13s/step
19:12:07 ep 0 step 2000 loss 22.902 word 3.398 mean 35.987 sound 3.739 nb 1.947 lr x0.996 0.12s/step
/data/omar/m2/core/data.py:97: UserWarning: The given NumPy array is not writable, and PyTorch does not support non-writable tensors. This means writing to this tensor will result in undefined behavior. You may want to copy the array to protect its data or make it writable before converting it to a tensor. This type of warning will be suppressed for the rest of this program. (Triggered internally at /__w/pytorch/pytorch/torch/csrc/utils/tensor_numpy.cpp:213.)
  return (torch.from_numpy(np.ascontiguousarray(x)),
/data/omar/m2/core/data.py:97: UserWarning: The given NumPy array is not writable, and PyTorch does not support non-writable tensors. This means writing to this tensor will result in undefined behavior. You may want to copy the array to protect its data or make it writable before converting it to a tensor. This type of warning will be suppressed for the rest of this program. (Triggered internally at /__w/pytorch/pytorch/torch/csrc/utils/tensor_numpy.cpp:213.)
  return (torch.from_numpy(np.ascontiguousarray(x)),
/data/omar/m2/core/data.py:97: UserWarning: The given NumPy array is not writable, and PyTorch does not support non-writable tensors. This means writing to this tensor will result in undefined behavior. You may want to copy the array to protect its data or make it writable before converting it to a tensor. This type of warning will be suppressed for the rest of this program. (Triggered internally at /__w/pytorch/pytorch/torch/csrc/utils/tensor_numpy.cpp:213.)
  return (torch.from_numpy(np.ascontiguousarray(x)),
/data/omar/m2/core/data.py:97: UserWarning: The given NumPy array is not writable, and PyTorch does not support non-writable tensors. This means writing to this tensor will result in undefined behavior. You may want to copy the array to protect its data or make it writable before converting it to a tensor. This type of warning will be suppressed for the rest of this program. (Triggered internally at /__w/pytorch/pytorch/torch/csrc/utils/tensor_numpy.cpp:213.)
  return (torch.from_numpy(np.ascontiguousarray(x)),
/data/omar/m2/core/data.py:97: UserWarning: The given NumPy array is not writable, and PyTorch does not support non-writable tensors. This means writing to this tensor will result in undefined behavior. You may want to copy the array to protect its data or make it writable before converting it to a tensor. This type of warning will be suppressed for the rest of this program. (Triggered internally at /__w/pytorch/pytorch/torch/csrc/utils/tensor_numpy.cpp:213.)
  return (torch.from_numpy(np.ascontiguousarray(x)),
/data/omar/m2/core/data.py:97: UserWarning: The given NumPy array is not writable, and PyTorch does not support non-writable tensors. This means writing to this tensor will result in undefined behavior. You may want to copy the array to protect its data or make it writable before converting it to a tensor. This type of warning will be suppressed for the rest of this program. (Triggered internally at /__w/pytorch/pytorch/torch/csrc/utils/tensor_numpy.cpp:213.)
  return (torch.from_numpy(np.ascontiguousarray(x)),
/data/omar/m2/core/data.py:97: UserWarning: The given NumPy array is not writable, and PyTorch does not support non-writable tensors. This means writing to this tensor will result in undefined behavior. You may want to copy the array to protect its data or make it writable before converting it to a tensor. This type of warning will be suppressed for the rest of this program. (Triggered internally at /__w/pytorch/pytorch/torch/csrc/utils/tensor_numpy.cpp:213.)
  return (torch.from_numpy(np.ascontiguousarray(x)),
/data/omar/m2/core/data.py:97: UserWarning: The given NumPy array is not writable, and PyTorch does not support non-writable tensors. This means writing to this tensor will result in undefined behavior. You may want to copy the array to protect its data or make it writable before converting it to a tensor. This type of warning will be suppressed for the rest of this program. (Triggered internally at /__w/pytorch/pytorch/torch/csrc/utils/tensor_numpy.cpp:213.)
  return (torch.from_numpy(np.ascontiguousarray(x)),
19:12:11 == epoch 0 deep: bacc10 0.2318 bacc1 0.0269 grid 0.2366@(1.0, 0.0) | broad: bacc10 0.2829 bacc1 0.0365 grid 0.3016@(1.0, 0.0)
19:12:12 new best 0.2574 -> /data/omar/m2/d/r/v1/best.pt
/data/omar/m2/core/data.py:97: UserWarning: The given NumPy array is not writable, and PyTorch does not support non-writable tensors. This means writing to this tensor will result in undefined behavior. You may want to copy the array to protect its data or make it writable before converting it to a tensor. This type of warning will be suppressed for the rest of this program. (Triggered internally at /__w/pytorch/pytorch/torch/csrc/utils/tensor_numpy.cpp:213.)
  return (torch.from_numpy(np.ascontiguousarray(x)),
/data/omar/m2/core/data.py:97: UserWarning: The given NumPy array is not writable, and PyTorch does not support non-writable tensors. This means writing to this tensor will result in undefined behavior. You may want to copy the array to protect its data or make it writable before converting it to a tensor. This type of warning will be suppressed for the rest of this program. (Triggered internally at /__w/pytorch/pytorch/torch/csrc/utils/tensor_numpy.cpp:213.)
  return (torch.from_numpy(np.ascontiguousarray(x)),
/data/omar/m2/core/data.py:97: UserWarning: The given NumPy array is not writable, and PyTorch does not support non-writable tensors. This means writing to this tensor will result in undefined behavior. You may want to copy the array to protect its data or make it writable before converting it to a tensor. This type of warning will be suppressed for the rest of this program. (Triggered internally at /__w/pytorch/pytorch/torch/csrc/utils/tensor_numpy.cpp:213.)
  return (torch.from_numpy(np.ascontiguousarray(x)),
/data/omar/m2/core/data.py:97: UserWarning: The given NumPy array is not writable, and PyTorch does not support non-writable tensors. This means writing to this tensor will result in undefined behavior. You may want to copy the array to protect its data or make it writable before converting it to a tensor. This type of warning will be suppressed for the rest of this program. (Triggered internally at /__w/pytorch/pytorch/torch/csrc/utils/tensor_numpy.cpp:213.)
  return (torch.from_numpy(np.ascontiguousarray(x)),
/data/omar/m2/core/data.py:97: UserWarning: The given NumPy array is not writable, and PyTorch does not support non-writable tensors. This means writing to this tensor will result in undefined behavior. You may want to copy the array to protect its data or make it writable before converting it to a tensor. This type of warning will be suppressed for the rest of this program. (Triggered internally at /__w/pytorch/pytorch/torch/csrc/utils/tensor_numpy.cpp:213.)
  return (torch.from_numpy(np.ascontiguousarray(x)),
/data/omar/m2/core/data.py:97: UserWarning: The given NumPy array is not writable, and PyTorch does not support non-writable tensors. This means writing to this tensor will result in undefined behavior. You may want to copy the array to protect its data or make it writable before converting it to a tensor. This type of warning will be suppressed for the rest of this program. (Triggered internally at /__w/pytorch/pytorch/torch/csrc/utils/tensor_numpy.cpp:213.)
  return (torch.from_numpy(np.ascontiguousarray(x)),
/data/omar/m2/core/data.py:97: UserWarning: The given NumPy array is not writable, and PyTorch does not support non-writable tensors. This means writing to this tensor will result in undefined behavior. You may want to copy the array to protect its data or make it writable before converting it to a tensor. This type of warning will be suppressed for the rest of this program. (Triggered internally at /__w/pytorch/pytorch/torch/csrc/utils/tensor_numpy.cpp:213.)
  return (torch.from_numpy(np.ascontiguousarray(x)),
/data/omar/m2/core/data.py:97: UserWarning: The given NumPy array is not writable, and PyTorch does not support non-writable tensors. This means writing to this tensor will result in undefined behavior. You may want to copy the array to protect its data or make it writable before converting it to a tensor. This type of warning will be suppressed for the rest of this program. (Triggered internally at /__w/pytorch/pytorch/torch/csrc/utils/tensor_numpy.cpp:213.)
  return (torch.from_numpy(np.ascontiguousarray(x)),
/data/omar/m2/core/data.py:97: UserWarning: The given NumPy array is not writable, and PyTorch does not support non-writable tensors. This means writing to this tensor will result in undefined behavior. You may want to copy the array to protect its data or make it writable before converting it to a tensor. This type of warning will be suppressed for the rest of this program. (Triggered internally at /__w/pytorch/pytorch/torch/csrc/utils/tensor_numpy.cpp:213.)
  return (torch.from_numpy(np.ascontiguousarray(x)),
/data/omar/m2/core/data.py:97: UserWarning: The given NumPy array is not writable, and PyTorch does not support non-writable tensors. This means writing to this tensor will result in undefined behavior. You may want to copy the array to protect its data or make it writable before converting it to a tensor. This type of warning will be suppressed for the rest of this program. (Triggered internally at /__w/pytorch/pytorch/torch/csrc/utils/tensor_numpy.cpp:213.)
  return (torch.from_numpy(np.ascontiguousarray(x)),
/data/omar/m2/core/data.py:97: UserWarning: The given NumPy array is not writable, and PyTorch does not support non-writable tensors. This means writing to this tensor will result in undefined behavior. You may want to copy the array to protect its data or make it writable before converting it to a tensor. This type of warning will be suppressed for the rest of this program. (Triggered internally at /__w/pytorch/pytorch/torch/csrc/utils/tensor_numpy.cpp:213.)
  return (torch.from_numpy(np.ascontiguousarray(x)),
/data/omar/m2/core/data.py:97: UserWarning: The given NumPy array is not writable, and PyTorch does not support non-writable tensors. This means writing to this tensor will result in undefined behavior. You may want to copy the array to protect its data or make it writable before converting it to a tensor. This type of warning will be suppressed for the rest of this program. (Triggered internally at /__w/pytorch/pytorch/torch/csrc/utils/tensor_numpy.cpp:213.)
  return (torch.from_numpy(np.ascontiguousarray(x)),
19:12:28 ep 1 step 2100 loss 22.814 word 3.404 mean 35.804 sound 3.736 nb 1.938 lr x0.996 0.14s/step
19:12:40 ep 1 step 2200 loss 22.815 word 3.389 mean 35.835 sound 3.734 nb 1.941 lr x0.995 0.13s/step
19:12:53 ep 1 step 2300 loss 22.949 word 3.389 mean 36.108 sound 3.733 nb 1.935 lr x0.995 0.12s/step
19:13:05 ep 1 step 2400 loss 22.766 word 3.393 mean 35.732 sound 3.731 nb 1.939 lr x0.995 0.12s/step
19:13:18 ep 1 step 2500 loss 23.007 word 3.394 mean 36.210 sound 3.733 nb 1.940 lr x0.994 0.12s/step
19:13:30 ep 1 step 2600 loss 22.843 word 3.381 mean 35.911 sound 3.730 nb 1.938 lr x0.994 0.13s/step
19:13:43 ep 1 step 2700 loss 23.022 word 3.375 mean 36.278 sound 3.735 nb 1.938 lr x0.993 0.13s/step
19:13:56 ep 1 step 2800 loss 22.855 word 3.395 mean 35.906 sound 3.731 nb 1.938 lr x0.993 0.13s/step
19:14:09 ep 1 step 2900 loss 22.729 word 3.390 mean 35.664 sound 3.734 nb 1.935 lr x0.992 0.13s/step
19:14:21 ep 1 step 3000 loss 22.931 word 3.384 mean 36.080 sound 3.730 nb 1.940 lr x0.991 0.12s/step
19:14:33 ep 1 step 3100 loss 22.878 word 3.383 mean 35.971 sound 3.731 nb 1.948 lr x0.991 0.12s/step
19:14:46 ep 1 step 3200 loss 22.705 word 3.382 mean 35.631 sound 3.732 nb 1.938 lr x0.990 0.12s/step
19:14:58 ep 1 step 3300 loss 22.889 word 3.380 mean 36.004 sound 3.729 nb 1.944 lr x0.990 0.12s/step
19:15:10 ep 1 step 3400 loss 22.443 word 3.393 mean 35.080 sound 3.736 nb 1.947 lr x0.989 0.12s/step
19:15:23 ep 1 step 3500 loss 22.611 word 3.382 mean 35.445 sound 3.732 nb 1.933 lr x0.988 0.13s/step
19:15:36 ep 1 step 3600 loss 22.785 word 3.373 mean 35.813 sound 3.727 nb 1.938 lr x0.988 0.13s/step
19:15:48 ep 1 step 3700 loss 22.654 word 3.385 mean 35.517 sound 3.731 nb 1.956 lr x0.987 0.13s/step
19:16:01 ep 1 step 3800 loss 22.691 word 3.375 mean 35.620 sound 3.731 nb 1.937 lr x0.986 0.13s/step
19:16:14 ep 1 step 3900 loss 22.746 word 3.367 mean 35.755 sound 3.730 nb 1.916 lr x0.986 0.13s/step
19:16:26 ep 1 step 4000 loss 22.840 word 3.369 mean 35.932 sound 3.729 nb 1.931 lr x0.985 0.12s/step
/data/omar/m2/core/data.py:97: UserWarning: The given NumPy array is not writable, and PyTorch does not support non-writable tensors. This means writing to this tensor will result in undefined behavior. You may want to copy the array to protect its data or make it writable before converting it to a tensor. This type of warning will be suppressed for the rest of this program. (Triggered internally at /__w/pytorch/pytorch/torch/csrc/utils/tensor_numpy.cpp:213.)
  return (torch.from_numpy(np.ascontiguousarray(x)),
/data/omar/m2/core/data.py:97: UserWarning: The given NumPy array is not writable, and PyTorch does not support non-writable tensors. This means writing to this tensor will result in undefined behavior. You may want to copy the array to protect its data or make it writable before converting it to a tensor. This type of warning will be suppressed for the rest of this program. (Triggered internally at /__w/pytorch/pytorch/torch/csrc/utils/tensor_numpy.cpp:213.)
  return (torch.from_numpy(np.ascontiguousarray(x)),
/data/omar/m2/core/data.py:97: UserWarning: The given NumPy array is not writable, and PyTorch does not support non-writable tensors. This means writing to this tensor will result in undefined behavior. You may want to copy the array to protect its data or make it writable before converting it to a tensor. This type of warning will be suppressed for the rest of this program. (Triggered internally at /__w/pytorch/pytorch/torch/csrc/utils/tensor_numpy.cpp:213.)
  return (torch.from_numpy(np.ascontiguousarray(x)),
/data/omar/m2/core/data.py:97: UserWarning: The given NumPy array is not writable, and PyTorch does not support non-writable tensors. This means writing to this tensor will result in undefined behavior. You may want to copy the array to protect its data or make it writable before converting it to a tensor. This type of warning will be suppressed for the rest of this program. (Triggered internally at /__w/pytorch/pytorch/torch/csrc/utils/tensor_numpy.cpp:213.)
  return (torch.from_numpy(np.ascontiguousarray(x)),
/data/omar/m2/core/data.py:97: UserWarning: The given NumPy array is not writable, and PyTorch does not support non-writable tensors. This means writing to this tensor will result in undefined behavior. You may want to copy the array to protect its data or make it writable before converting it to a tensor. This type of warning will be suppressed for the rest of this program. (Triggered internally at /__w/pytorch/pytorch/torch/csrc/utils/tensor_numpy.cpp:213.)
  return (torch.from_numpy(np.ascontiguousarray(x)),
/data/omar/m2/core/data.py:97: UserWarning: The given NumPy array is not writable, and PyTorch does not support non-writable tensors. This means writing to this tensor will result in undefined behavior. You may want to copy the array to protect its data or make it writable before converting it to a tensor. This type of warning will be suppressed for the rest of this program. (Triggered internally at /__w/pytorch/pytorch/torch/csrc/utils/tensor_numpy.cpp:213.)
  return (torch.from_numpy(np.ascontiguousarray(x)),
/data/omar/m2/core/data.py:97: UserWarning: The given NumPy array is not writable, and PyTorch does not support non-writable tensors. This means writing to this tensor will result in undefined behavior. You may want to copy the array to protect its data or make it writable before converting it to a tensor. This type of warning will be suppressed for the rest of this program. (Triggered internally at /__w/pytorch/pytorch/torch/csrc/utils/tensor_numpy.cpp:213.)
  return (torch.from_numpy(np.ascontiguousarray(x)),
/data/omar/m2/core/data.py:97: UserWarning: The given NumPy array is not writable, and PyTorch does not support non-writable tensors. This means writing to this tensor will result in undefined behavior. You may want to copy the array to protect its data or make it writable before converting it to a tensor. This type of warning will be suppressed for the rest of this program. (Triggered internally at /__w/pytorch/pytorch/torch/csrc/utils/tensor_numpy.cpp:213.)
  return (torch.from_numpy(np.ascontiguousarray(x)),
19:16:29 == epoch 1 deep: bacc10 0.2446 bacc1 0.0279 grid 0.2510@(1.0, 0.5) | broad: bacc10 0.3301 bacc1 0.0466 grid 0.3301@(0.5, 0.0)
19:16:31 new best 0.2873 -> /data/omar/m2/d/r/v1/best.pt
/data/omar/m2/core/data.py:97: UserWarning: The given NumPy array is not writable, and PyTorch does not support non-writable tensors. This means writing to this tensor will result in undefined behavior. You may want to copy the array to protect its data or make it writable before converting it to a tensor. This type of warning will be suppressed for the rest of this program. (Triggered internally at /__w/pytorch/pytorch/torch/csrc/utils/tensor_numpy.cpp:213.)
  return (torch.from_numpy(np.ascontiguousarray(x)),
/data/omar/m2/core/data.py:97: UserWarning: The given NumPy array is not writable, and PyTorch does not support non-writable tensors. This means writing to this tensor will result in undefined behavior. You may want to copy the array to protect its data or make it writable before converting it to a tensor. This type of warning will be suppressed for the rest of this program. (Triggered internally at /__w/pytorch/pytorch/torch/csrc/utils/tensor_numpy.cpp:213.)
  return (torch.from_numpy(np.ascontiguousarray(x)),
/data/omar/m2/core/data.py:97: UserWarning: The given NumPy array is not writable, and PyTorch does not support non-writable tensors. This means writing to this tensor will result in undefined behavior. You may want to copy the array to protect its data or make it writable before converting it to a tensor. This type of warning will be suppressed for the rest of this program. (Triggered internally at /__w/pytorch/pytorch/torch/csrc/utils/tensor_numpy.cpp:213.)
  return (torch.from_numpy(np.ascontiguousarray(x)),
/data/omar/m2/core/data.py:97: UserWarning: The given NumPy array is not writable, and PyTorch does not support non-writable tensors. This means writing to this tensor will result in undefined behavior. You may want to copy the array to protect its data or make it writable before converting it to a tensor. This type of warning will be suppressed for the rest of this program. (Triggered internally at /__w/pytorch/pytorch/torch/csrc/utils/tensor_numpy.cpp:213.)
  return (torch.from_numpy(np.ascontiguousarray(x)),
/data/omar/m2/core/data.py:97: UserWarning: The given NumPy array is not writable, and PyTorch does not support non-writable tensors. This means writing to this tensor will result in undefined behavior. You may want to copy the array to protect its data or make it writable before converting it to a tensor. This type of warning will be suppressed for the rest of this program. (Triggered internally at /__w/pytorch/pytorch/torch/csrc/utils/tensor_numpy.cpp:213.)
  return (torch.from_numpy(np.ascontiguousarray(x)),
/data/omar/m2/core/data.py:97: UserWarning: The given NumPy array is not writable, and PyTorch does not support non-writable tensors. This means writing to this tensor will result in undefined behavior. You may want to copy the array to protect its data or make it writable before converting it to a tensor. This type of warning will be suppressed for the rest of this program. (Triggered internally at /__w/pytorch/pytorch/torch/csrc/utils/tensor_numpy.cpp:213.)
  return (torch.from_numpy(np.ascontiguousarray(x)),
/data/omar/m2/core/data.py:97: UserWarning: The given NumPy array is not writable, and PyTorch does not support non-writable tensors. This means writing to this tensor will result in undefined behavior. You may want to copy the array to protect its data or make it writable before converting it to a tensor. This type of warning will be suppressed for the rest of this program. (Triggered internally at /__w/pytorch/pytorch/torch/csrc/utils/tensor_numpy.cpp:213.)
  return (torch.from_numpy(np.ascontiguousarray(x)),
/data/omar/m2/core/data.py:97: UserWarning: The given NumPy array is not writable, and PyTorch does not support non-writable tensors. This means writing to this tensor will result in undefined behavior. You may want to copy the array to protect its data or make it writable before converting it to a tensor. This type of warning will be suppressed for the rest of this program. (Triggered internally at /__w/pytorch/pytorch/torch/csrc/utils/tensor_numpy.cpp:213.)
  return (torch.from_numpy(np.ascontiguousarray(x)),
/data/omar/m2/core/data.py:97: UserWarning: The given NumPy array is not writable, and PyTorch does not support non-writable tensors. This means writing to this tensor will result in undefined behavior. You may want to copy the array to protect its data or make it writable before converting it to a tensor. This type of warning will be suppressed for the rest of this program. (Triggered internally at /__w/pytorch/pytorch/torch/csrc/utils/tensor_numpy.cpp:213.)
  return (torch.from_numpy(np.ascontiguousarray(x)),
/data/omar/m2/core/data.py:97: UserWarning: The given NumPy array is not writable, and PyTorch does not support non-writable tensors. This means writing to this tensor will result in undefined behavior. You may want to copy the array to protect its data or make it writable before converting it to a tensor. This type of warning will be suppressed for the rest of this program. (Triggered internally at /__w/pytorch/pytorch/torch/csrc/utils/tensor_numpy.cpp:213.)
  return (torch.from_numpy(np.ascontiguousarray(x)),
/data/omar/m2/core/data.py:97: UserWarning: The given NumPy array is not writable, and PyTorch does not support non-writable tensors. This means writing to this tensor will result in undefined behavior. You may want to copy the array to protect its data or make it writable before converting it to a tensor. This type of warning will be suppressed for the rest of this program. (Triggered internally at /__w/pytorch/pytorch/torch/csrc/utils/tensor_numpy.cpp:213.)
  return (torch.from_numpy(np.ascontiguousarray(x)),
/data/omar/m2/core/data.py:97: UserWarning: The given NumPy array is not writable, and PyTorch does not support non-writable tensors. This means writing to this tensor will result in undefined behavior. You may want to copy the array to protect its data or make it writable before converting it to a tensor. This type of warning will be suppressed for the rest of this program. (Triggered internally at /__w/pytorch/pytorch/torch/csrc/utils/tensor_numpy.cpp:213.)
  return (torch.from_numpy(np.ascontiguousarray(x)),
19:16:47 ep 2 step 4100 loss 22.874 word 3.375 mean 35.987 sound 3.729 nb 1.931 lr x0.984 0.14s/step
19:17:00 ep 2 step 4200 loss 22.653 word 3.370 mean 35.551 sound 3.728 nb 1.947 lr x0.983 0.13s/step
19:17:12 ep 2 step 4300 loss 22.823 word 3.374 mean 35.881 sound 3.726 nb 1.955 lr x0.982 0.12s/step
19:17:25 ep 2 step 4400 loss 22.640 word 3.369 mean 35.528 sound 3.729 nb 1.940 lr x0.982 0.13s/step
19:17:37 ep 2 step 4500 loss 22.671 word 3.372 mean 35.584 sound 3.730 nb 1.939 lr x0.981 0.13s/step
19:17:50 ep 2 step 4600 loss 22.724 word 3.359 mean 35.720 sound 3.728 nb 1.931 lr x0.980 0.13s/step
19:18:03 ep 2 step 4700 loss 22.802 word 3.364 mean 35.876 sound 3.722 nb 1.919 lr x0.979 0.12s/step
19:18:15 ep 2 step 4800 loss 22.397 word 3.370 mean 35.046 sound 3.724 nb 1.935 lr x0.978 0.13s/step
19:18:28 ep 2 step 4900 loss 22.727 word 3.365 mean 35.718 sound 3.720 nb 1.932 lr x0.977 0.13s/step
19:18:41 ep 2 step 5000 loss 22.460 word 3.372 mean 35.166 sound 3.727 nb 1.939 lr x0.976 0.13s/step
19:18:53 ep 2 step 5100 loss 22.616 word 3.366 mean 35.492 sound 3.724 nb 1.935 lr x0.975 0.13s/step
19:19:06 ep 2 step 5200 loss 22.962 word 3.355 mean 36.198 sound 3.730 nb 1.947 lr x0.974 0.13s/step
19:19:19 ep 2 step 5300 loss 22.857 word 3.350 mean 36.011 sound 3.723 nb 1.927 lr x0.973 0.13s/step
19:19:32 ep 2 step 5400 loss 22.629 word 3.364 mean 35.520 sound 3.724 nb 1.938 lr x0.972 0.13s/step
19:19:44 ep 2 step 5500 loss 22.619 word 3.362 mean 35.509 sound 3.722 nb 1.934 lr x0.971 0.13s/step
19:19:57 ep 2 step 5600 loss 22.731 word 3.352 mean 35.755 sound 3.723 nb 1.926 lr x0.970 0.13s/step
19:20:10 ep 2 step 5700 loss 22.533 word 3.358 mean 35.344 sound 3.720 nb 1.931 lr x0.969 0.13s/step
19:20:22 ep 2 step 5800 loss 22.710 word 3.349 mean 35.714 sound 3.723 nb 1.939 lr x0.968 0.13s/step
19:20:35 ep 2 step 5900 loss 22.560 word 3.357 mean 35.403 sound 3.725 nb 1.923 lr x0.967 0.13s/step
19:20:47 ep 2 step 6000 loss 22.508 word 3.360 mean 35.289 sound 3.722 nb 1.935 lr x0.966 0.12s/step
/data/omar/m2/core/data.py:97: UserWarning: The given NumPy array is not writable, and PyTorch does not support non-writable tensors. This means writing to this tensor will result in undefined behavior. You may want to copy the array to protect its data or make it writable before converting it to a tensor. This type of warning will be suppressed for the rest of this program. (Triggered internally at /__w/pytorch/pytorch/torch/csrc/utils/tensor_numpy.cpp:213.)
  return (torch.from_numpy(np.ascontiguousarray(x)),
/data/omar/m2/core/data.py:97: UserWarning: The given NumPy array is not writable, and PyTorch does not support non-writable tensors. This means writing to this tensor will result in undefined behavior. You may want to copy the array to protect its data or make it writable before converting it to a tensor. This type of warning will be suppressed for the rest of this program. (Triggered internally at /__w/pytorch/pytorch/torch/csrc/utils/tensor_numpy.cpp:213.)
  return (torch.from_numpy(np.ascontiguousarray(x)),
/data/omar/m2/core/data.py:97: UserWarning: The given NumPy array is not writable, and PyTorch does not support non-writable tensors. This means writing to this tensor will result in undefined behavior. You may want to copy the array to protect its data or make it writable before converting it to a tensor. This type of warning will be suppressed for the rest of this program. (Triggered internally at /__w/pytorch/pytorch/torch/csrc/utils/tensor_numpy.cpp:213.)
  return (torch.from_numpy(np.ascontiguousarray(x)),
/data/omar/m2/core/data.py:97: UserWarning: The given NumPy array is not writable, and PyTorch does not support non-writable tensors. This means writing to this tensor will result in undefined behavior. You may want to copy the array to protect its data or make it writable before converting it to a tensor. This type of warning will be suppressed for the rest of this program. (Triggered internally at /__w/pytorch/pytorch/torch/csrc/utils/tensor_numpy.cpp:213.)
  return (torch.from_numpy(np.ascontiguousarray(x)),
/data/omar/m2/core/data.py:97: UserWarning: The given NumPy array is not writable, and PyTorch does not support non-writable tensors. This means writing to this tensor will result in undefined behavior. You may want to copy the array to protect its data or make it writable before converting it to a tensor. This type of warning will be suppressed for the rest of this program. (Triggered internally at /__w/pytorch/pytorch/torch/csrc/utils/tensor_numpy.cpp:213.)
  return (torch.from_numpy(np.ascontiguousarray(x)),
/data/omar/m2/core/data.py:97: UserWarning: The given NumPy array is not writable, and PyTorch does not support non-writable tensors. This means writing to this tensor will result in undefined behavior. You may want to copy the array to protect its data or make it writable before converting it to a tensor. This type of warning will be suppressed for the rest of this program. (Triggered internally at /__w/pytorch/pytorch/torch/csrc/utils/tensor_numpy.cpp:213.)
  return (torch.from_numpy(np.ascontiguousarray(x)),
/data/omar/m2/core/data.py:97: UserWarning: The given NumPy array is not writable, and PyTorch does not support non-writable tensors. This means writing to this tensor will result in undefined behavior. You may want to copy the array to protect its data or make it writable before converting it to a tensor. This type of warning will be suppressed for the rest of this program. (Triggered internally at /__w/pytorch/pytorch/torch/csrc/utils/tensor_numpy.cpp:213.)
  return (torch.from_numpy(np.ascontiguousarray(x)),
/data/omar/m2/core/data.py:97: UserWarning: The given NumPy array is not writable, and PyTorch does not support non-writable tensors. This means writing to this tensor will result in undefined behavior. You may want to copy the array to protect its data or make it writable before converting it to a tensor. This type of warning will be suppressed for the rest of this program. (Triggered internally at /__w/pytorch/pytorch/torch/csrc/utils/tensor_numpy.cpp:213.)
  return (torch.from_numpy(np.ascontiguousarray(x)),
19:20:50 == epoch 2 deep: bacc10 0.2543 bacc1 0.0292 grid 0.2543@(0.5, 0.0) | broad: bacc10 0.3336 bacc1 0.0518 grid 0.3367@(1.0, 0.0)
19:20:51 new best 0.2939 -> /data/omar/m2/d/r/v1/best.pt
/data/omar/m2/core/data.py:97: UserWarning: The given NumPy array is not writable, and PyTorch does not support non-writable tensors. This means writing to this tensor will result in undefined behavior. You may want to copy the array to protect its data or make it writable before converting it to a tensor. This type of warning will be suppressed for the rest of this program. (Triggered internally at /__w/pytorch/pytorch/torch/csrc/utils/tensor_numpy.cpp:213.)
  return (torch.from_numpy(np.ascontiguousarray(x)),
/data/omar/m2/core/data.py:97: UserWarning: The given NumPy array is not writable, and PyTorch does not support non-writable tensors. This means writing to this tensor will result in undefined behavior. You may want to copy the array to protect its data or make it writable before converting it to a tensor. This type of warning will be suppressed for the rest of this program. (Triggered internally at /__w/pytorch/pytorch/torch/csrc/utils/tensor_numpy.cpp:213.)
  return (torch.from_numpy(np.ascontiguousarray(x)),
/data/omar/m2/core/data.py:97: UserWarning: The given NumPy array is not writable, and PyTorch does not support non-writable tensors. This means writing to this tensor will result in undefined behavior. You may want to copy the array to protect its data or make it writable before converting it to a tensor. This type of warning will be suppressed for the rest of this program. (Triggered internally at /__w/pytorch/pytorch/torch/csrc/utils/tensor_numpy.cpp:213.)
  return (torch.from_numpy(np.ascontiguousarray(x)),
/data/omar/m2/core/data.py:97: UserWarning: The given NumPy array is not writable, and PyTorch does not support non-writable tensors. This means writing to this tensor will result in undefined behavior. You may want to copy the array to protect its data or make it writable before converting it to a tensor. This type of warning will be suppressed for the rest of this program. (Triggered internally at /__w/pytorch/pytorch/torch/csrc/utils/tensor_numpy.cpp:213.)
  return (torch.from_numpy(np.ascontiguousarray(x)),
/data/omar/m2/core/data.py:97: UserWarning: The given NumPy array is not writable, and PyTorch does not support non-writable tensors. This means writing to this tensor will result in undefined behavior. You may want to copy the array to protect its data or make it writable before converting it to a tensor. This type of warning will be suppressed for the rest of this program. (Triggered internally at /__w/pytorch/pytorch/torch/csrc/utils/tensor_numpy.cpp:213.)
  return (torch.from_numpy(np.ascontiguousarray(x)),
/data/omar/m2/core/data.py:97: UserWarning: The given NumPy array is not writable, and PyTorch does not support non-writable tensors. This means writing to this tensor will result in undefined behavior. You may want to copy the array to protect its data or make it writable before converting it to a tensor. This type of warning will be suppressed for the rest of this program. (Triggered internally at /__w/pytorch/pytorch/torch/csrc/utils/tensor_numpy.cpp:213.)
  return (torch.from_numpy(np.ascontiguousarray(x)),
/data/omar/m2/core/data.py:97: UserWarning: The given NumPy array is not writable, and PyTorch does not support non-writable tensors. This means writing to this tensor will result in undefined behavior. You may want to copy the array to protect its data or make it writable before converting it to a tensor. This type of warning will be suppressed for the rest of this program. (Triggered internally at /__w/pytorch/pytorch/torch/csrc/utils/tensor_numpy.cpp:213.)
  return (torch.from_numpy(np.ascontiguousarray(x)),
/data/omar/m2/core/data.py:97: UserWarning: The given NumPy array is not writable, and PyTorch does not support non-writable tensors. This means writing to this tensor will result in undefined behavior. You may want to copy the array to protect its data or make it writable before converting it to a tensor. This type of warning will be suppressed for the rest of this program. (Triggered internally at /__w/pytorch/pytorch/torch/csrc/utils/tensor_numpy.cpp:213.)
  return (torch.from_numpy(np.ascontiguousarray(x)),
/data/omar/m2/core/data.py:97: UserWarning: The given NumPy array is not writable, and PyTorch does not support non-writable tensors. This means writing to this tensor will result in undefined behavior. You may want to copy the array to protect its data or make it writable before converting it to a tensor. This type of warning will be suppressed for the rest of this program. (Triggered internally at /__w/pytorch/pytorch/torch/csrc/utils/tensor_numpy.cpp:213.)
  return (torch.from_numpy(np.ascontiguousarray(x)),
/data/omar/m2/core/data.py:97: UserWarning: The given NumPy array is not writable, and PyTorch does not support non-writable tensors. This means writing to this tensor will result in undefined behavior. You may want to copy the array to protect its data or make it writable before converting it to a tensor. This type of warning will be suppressed for the rest of this program. (Triggered internally at /__w/pytorch/pytorch/torch/csrc/utils/tensor_numpy.cpp:213.)
  return (torch.from_numpy(np.ascontiguousarray(x)),
/data/omar/m2/core/data.py:97: UserWarning: The given NumPy array is not writable, and PyTorch does not support non-writable tensors. This means writing to this tensor will result in undefined behavior. You may want to copy the array to protect its data or make it writable before converting it to a tensor. This type of warning will be suppressed for the rest of this program. (Triggered internally at /__w/pytorch/pytorch/torch/csrc/utils/tensor_numpy.cpp:213.)
  return (torch.from_numpy(np.ascontiguousarray(x)),
/data/omar/m2/core/data.py:97: UserWarning: The given NumPy array is not writable, and PyTorch does not support non-writable tensors. This means writing to this tensor will result in undefined behavior. You may want to copy the array to protect its data or make it writable before converting it to a tensor. This type of warning will be suppressed for the rest of this program. (Triggered internally at /__w/pytorch/pytorch/torch/csrc/utils/tensor_numpy.cpp:213.)
  return (torch.from_numpy(np.ascontiguousarray(x)),
19:21:07 ep 3 step 6100 loss 22.627 word 3.354 mean 35.544 sound 3.724 nb 1.917 lr x0.965 0.14s/step
19:21:20 ep 3 step 6200 loss 22.563 word 3.353 mean 35.408 sound 3.722 nb 1.944 lr x0.964 0.13s/step
19:21:32 ep 3 step 6300 loss 22.497 word 3.355 mean 35.282 sound 3.717 nb 1.932 lr x0.963 0.13s/step
19:21:45 ep 3 step 6400 loss 22.216 word 3.364 mean 34.705 sound 3.717 nb 1.925 lr x0.961 0.13s/step
19:21:57 ep 3 step 6500 loss 22.280 word 3.355 mean 34.842 sound 3.724 nb 1.933 lr x0.960 0.12s/step
19:22:10 ep 3 step 6600 loss 22.333 word 3.355 mean 34.951 sound 3.723 nb 1.928 lr x0.959 0.13s/step
19:22:23 ep 3 step 6700 loss 22.292 word 3.353 mean 34.874 sound 3.721 nb 1.929 lr x0.958 0.13s/step
19:22:35 ep 3 step 6800 loss 22.706 word 3.335 mean 35.739 sound 3.720 nb 1.922 lr x0.956 0.13s/step
19:22:48 ep 3 step 6900 loss 22.616 word 3.338 mean 35.556 sound 3.721 nb 1.921 lr x0.955 0.13s/step
19:23:01 ep 3 step 7000 loss 22.274 word 3.354 mean 34.835 sound 3.718 nb 1.935 lr x0.954 0.12s/step
19:23:13 ep 3 step 7100 loss 22.285 word 3.354 mean 34.860 sound 3.717 nb 1.930 lr x0.953 0.13s/step
19:23:26 ep 3 step 7200 loss 22.396 word 3.348 mean 35.096 sound 3.714 nb 1.925 lr x0.951 0.13s/step
19:23:39 ep 3 step 7300 loss 22.792 word 3.343 mean 35.896 sound 3.718 nb 1.932 lr x0.950 0.13s/step
19:23:52 ep 3 step 7400 loss 22.140 word 3.338 mean 34.600 sound 3.716 nb 1.932 lr x0.949 0.13s/step
19:24:04 ep 3 step 7500 loss 22.396 word 3.350 mean 35.089 sound 3.715 nb 1.938 lr x0.947 0.13s/step
19:24:17 ep 3 step 7600 loss 22.313 word 3.347 mean 34.934 sound 3.716 nb 1.917 lr x0.946 0.13s/step
19:24:30 ep 3 step 7700 loss 22.081 word 3.355 mean 34.446 sound 3.716 nb 1.938 lr x0.944 0.13s/step
19:24:43 ep 3 step 7800 loss 22.501 word 3.338 mean 35.327 sound 3.717 nb 1.918 lr x0.943 0.12s/step
19:24:55 ep 3 step 7900 loss 22.069 word 3.344 mean 34.448 sound 3.720 nb 1.925 lr x0.941 0.13s/step
19:25:07 ep 3 step 8000 loss 22.350 word 3.344 mean 35.016 sound 3.715 nb 1.913 lr x0.940 0.12s/step
/data/omar/m2/core/data.py:97: UserWarning: The given NumPy array is not writable, and PyTorch does not support non-writable tensors. This means writing to this tensor will result in undefined behavior. You may want to copy the array to protect its data or make it writable before converting it to a tensor. This type of warning will be suppressed for the rest of this program. (Triggered internally at /__w/pytorch/pytorch/torch/csrc/utils/tensor_numpy.cpp:213.)
  return (torch.from_numpy(np.ascontiguousarray(x)),
/data/omar/m2/core/data.py:97: UserWarning: The given NumPy array is not writable, and PyTorch does not support non-writable tensors. This means writing to this tensor will result in undefined behavior. You may want to copy the array to protect its data or make it writable before converting it to a tensor. This type of warning will be suppressed for the rest of this program. (Triggered internally at /__w/pytorch/pytorch/torch/csrc/utils/tensor_numpy.cpp:213.)
  return (torch.from_numpy(np.ascontiguousarray(x)),
/data/omar/m2/core/data.py:97: UserWarning: The given NumPy array is not writable, and PyTorch does not support non-writable tensors. This means writing to this tensor will result in undefined behavior. You may want to copy the array to protect its data or make it writable before converting it to a tensor. This type of warning will be suppressed for the rest of this program. (Triggered internally at /__w/pytorch/pytorch/torch/csrc/utils/tensor_numpy.cpp:213.)
  return (torch.from_numpy(np.ascontiguousarray(x)),
/data/omar/m2/core/data.py:97: UserWarning: The given NumPy array is not writable, and PyTorch does not support non-writable tensors. This means writing to this tensor will result in undefined behavior. You may want to copy the array to protect its data or make it writable before converting it to a tensor. This type of warning will be suppressed for the rest of this program. (Triggered internally at /__w/pytorch/pytorch/torch/csrc/utils/tensor_numpy.cpp:213.)
  return (torch.from_numpy(np.ascontiguousarray(x)),
/data/omar/m2/core/data.py:97: UserWarning: The given NumPy array is not writable, and PyTorch does not support non-writable tensors. This means writing to this tensor will result in undefined behavior. You may want to copy the array to protect its data or make it writable before converting it to a tensor. This type of warning will be suppressed for the rest of this program. (Triggered internally at /__w/pytorch/pytorch/torch/csrc/utils/tensor_numpy.cpp:213.)
  return (torch.from_numpy(np.ascontiguousarray(x)),
/data/omar/m2/core/data.py:97: UserWarning: The given NumPy array is not writable, and PyTorch does not support non-writable tensors. This means writing to this tensor will result in undefined behavior. You may want to copy the array to protect its data or make it writable before converting it to a tensor. This type of warning will be suppressed for the rest of this program. (Triggered internally at /__w/pytorch/pytorch/torch/csrc/utils/tensor_numpy.cpp:213.)
  return (torch.from_numpy(np.ascontiguousarray(x)),
/data/omar/m2/core/data.py:97: UserWarning: The given NumPy array is not writable, and PyTorch does not support non-writable tensors. This means writing to this tensor will result in undefined behavior. You may want to copy the array to protect its data or make it writable before converting it to a tensor. This type of warning will be suppressed for the rest of this program. (Triggered internally at /__w/pytorch/pytorch/torch/csrc/utils/tensor_numpy.cpp:213.)
  return (torch.from_numpy(np.ascontiguousarray(x)),
/data/omar/m2/core/data.py:97: UserWarning: The given NumPy array is not writable, and PyTorch does not support non-writable tensors. This means writing to this tensor will result in undefined behavior. You may want to copy the array to protect its data or make it writable before converting it to a tensor. This type of warning will be suppressed for the rest of this program. (Triggered internally at /__w/pytorch/pytorch/torch/csrc/utils/tensor_numpy.cpp:213.)
  return (torch.from_numpy(np.ascontiguousarray(x)),
19:25:10 == epoch 3 deep: bacc10 0.2560 bacc1 0.0342 grid 0.2593@(1.0, 0.5) | broad: bacc10 0.3410 bacc1 0.0517 grid 0.3445@(1.0, 0.0)
19:25:12 new best 0.2985 -> /data/omar/m2/d/r/v1/best.pt
/data/omar/m2/core/data.py:97: UserWarning: The given NumPy array is not writable, and PyTorch does not support non-writable tensors. This means writing to this tensor will result in undefined behavior. You may want to copy the array to protect its data or make it writable before converting it to a tensor. This type of warning will be suppressed for the rest of this program. (Triggered internally at /__w/pytorch/pytorch/torch/csrc/utils/tensor_numpy.cpp:213.)
  return (torch.from_numpy(np.ascontiguousarray(x)),
/data/omar/m2/core/data.py:97: UserWarning: The given NumPy array is not writable, and PyTorch does not support non-writable tensors. This means writing to this tensor will result in undefined behavior. You may want to copy the array to protect its data or make it writable before converting it to a tensor. This type of warning will be suppressed for the rest of this program. (Triggered internally at /__w/pytorch/pytorch/torch/csrc/utils/tensor_numpy.cpp:213.)
  return (torch.from_numpy(np.ascontiguousarray(x)),
/data/omar/m2/core/data.py:97: UserWarning: The given NumPy array is not writable, and PyTorch does not support non-writable tensors. This means writing to this tensor will result in undefined behavior. You may want to copy the array to protect its data or make it writable before converting it to a tensor. This type of warning will be suppressed for the rest of this program. (Triggered internally at /__w/pytorch/pytorch/torch/csrc/utils/tensor_numpy.cpp:213.)
  return (torch.from_numpy(np.ascontiguousarray(x)),
/data/omar/m2/core/data.py:97: UserWarning: The given NumPy array is not writable, and PyTorch does not support non-writable tensors. This means writing to this tensor will result in undefined behavior. You may want to copy the array to protect its data or make it writable before converting it to a tensor. This type of warning will be suppressed for the rest of this program. (Triggered internally at /__w/pytorch/pytorch/torch/csrc/utils/tensor_numpy.cpp:213.)
  return (torch.from_numpy(np.ascontiguousarray(x)),
/data/omar/m2/core/data.py:97: UserWarning: The given NumPy array is not writable, and PyTorch does not support non-writable tensors. This means writing to this tensor will result in undefined behavior. You may want to copy the array to protect its data or make it writable before converting it to a tensor. This type of warning will be suppressed for the rest of this program. (Triggered internally at /__w/pytorch/pytorch/torch/csrc/utils/tensor_numpy.cpp:213.)
  return (torch.from_numpy(np.ascontiguousarray(x)),
/data/omar/m2/core/data.py:97: UserWarning: The given NumPy array is not writable, and PyTorch does not support non-writable tensors. This means writing to this tensor will result in undefined behavior. You may want to copy the array to protect its data or make it writable before converting it to a tensor. This type of warning will be suppressed for the rest of this program. (Triggered internally at /__w/pytorch/pytorch/torch/csrc/utils/tensor_numpy.cpp:213.)
  return (torch.from_numpy(np.ascontiguousarray(x)),
/data/omar/m2/core/data.py:97: UserWarning: The given NumPy array is not writable, and PyTorch does not support non-writable tensors. This means writing to this tensor will result in undefined behavior. You may want to copy the array to protect its data or make it writable before converting it to a tensor. This type of warning will be suppressed for the rest of this program. (Triggered internally at /__w/pytorch/pytorch/torch/csrc/utils/tensor_numpy.cpp:213.)
  return (torch.from_numpy(np.ascontiguousarray(x)),
/data/omar/m2/core/data.py:97: UserWarning: The given NumPy array is not writable, and PyTorch does not support non-writable tensors. This means writing to this tensor will result in undefined behavior. You may want to copy the array to protect its data or make it writable before converting it to a tensor. This type of warning will be suppressed for the rest of this program. (Triggered internally at /__w/pytorch/pytorch/torch/csrc/utils/tensor_numpy.cpp:213.)
  return (torch.from_numpy(np.ascontiguousarray(x)),
/data/omar/m2/core/data.py:97: UserWarning: The given NumPy array is not writable, and PyTorch does not support non-writable tensors. This means writing to this tensor will result in undefined behavior. You may want to copy the array to protect its data or make it writable before converting it to a tensor. This type of warning will be suppressed for the rest of this program. (Triggered internally at /__w/pytorch/pytorch/torch/csrc/utils/tensor_numpy.cpp:213.)
  return (torch.from_numpy(np.ascontiguousarray(x)),
/data/omar/m2/core/data.py:97: UserWarning: The given NumPy array is not writable, and PyTorch does not support non-writable tensors. This means writing to this tensor will result in undefined behavior. You may want to copy the array to protect its data or make it writable before converting it to a tensor. This type of warning will be suppressed for the rest of this program. (Triggered internally at /__w/pytorch/pytorch/torch/csrc/utils/tensor_numpy.cpp:213.)
  return (torch.from_numpy(np.ascontiguousarray(x)),
/data/omar/m2/core/data.py:97: UserWarning: The given NumPy array is not writable, and PyTorch does not support non-writable tensors. This means writing to this tensor will result in undefined behavior. You may want to copy the array to protect its data or make it writable before converting it to a tensor. This type of warning will be suppressed for the rest of this program. (Triggered internally at /__w/pytorch/pytorch/torch/csrc/utils/tensor_numpy.cpp:213.)
  return (torch.from_numpy(np.ascontiguousarray(x)),
/data/omar/m2/core/data.py:97: UserWarning: The given NumPy array is not writable, and PyTorch does not support non-writable tensors. This means writing to this tensor will result in undefined behavior. You may want to copy the array to protect its data or make it writable before converting it to a tensor. This type of warning will be suppressed for the rest of this program. (Triggered internally at /__w/pytorch/pytorch/torch/csrc/utils/tensor_numpy.cpp:213.)
  return (torch.from_numpy(np.ascontiguousarray(x)),
19:25:27 ep 4 step 8100 loss 22.061 word 3.336 mean 34.445 sound 3.719 nb 1.937 lr x0.939 0.14s/step
19:25:40 ep 4 step 8200 loss 22.202 word 3.338 mean 34.724 sound 3.717 nb 1.934 lr x0.937 0.13s/step
19:25:52 ep 4 step 8300 loss 22.074 word 3.340 mean 34.468 sound 3.711 nb 1.932 lr x0.936 0.12s/step
19:26:05 ep 4 step 8400 loss 22.472 word 3.338 mean 35.268 sound 3.719 nb 1.926 lr x0.934 0.13s/step
19:26:17 ep 4 step 8500 loss 22.279 word 3.333 mean 34.894 sound 3.718 nb 1.922 lr x0.932 0.12s/step
19:26:30 ep 4 step 8600 loss 22.349 word 3.340 mean 35.016 sound 3.718 nb 1.924 lr x0.931 0.13s/step
19:26:43 ep 4 step 8700 loss 22.154 word 3.335 mean 34.639 sound 3.720 nb 1.918 lr x0.929 0.13s/step
19:26:55 ep 4 step 8800 loss 22.171 word 3.340 mean 34.656 sound 3.720 nb 1.937 lr x0.928 0.12s/step
19:27:08 ep 4 step 8900 loss 22.346 word 3.325 mean 35.046 sound 3.714 nb 1.921 lr x0.926 0.13s/step
19:27:20 ep 4 step 9000 loss 22.014 word 3.335 mean 34.353 sound 3.717 nb 1.936 lr x0.925 0.13s/step
19:27:33 ep 4 step 9100 loss 22.136 word 3.334 mean 34.608 sound 3.713 nb 1.921 lr x0.923 0.12s/step
19:27:45 ep 4 step 9200 loss 22.327 word 3.333 mean 34.993 sound 3.712 nb 1.922 lr x0.921 0.12s/step
19:27:58 ep 4 step 9300 loss 22.200 word 3.334 mean 34.734 sound 3.718 nb 1.918 lr x0.920 0.13s/step
19:28:11 ep 4 step 9400 loss 22.068 word 3.334 mean 34.472 sound 3.714 nb 1.919 lr x0.918 0.13s/step
19:28:23 ep 4 step 9500 loss 22.067 word 3.327 mean 34.482 sound 3.714 nb 1.923 lr x0.916 0.13s/step
19:28:37 ep 4 step 9600 loss 22.282 word 3.321 mean 34.919 sound 3.712 nb 1.940 lr x0.914 0.13s/step
19:28:49 ep 4 step 9700 loss 22.012 word 3.330 mean 34.370 sound 3.709 nb 1.925 lr x0.913 0.13s/step
19:29:02 ep 4 step 9800 loss 22.109 word 3.320 mean 34.574 sound 3.716 nb 1.934 lr x0.911 0.12s/step
19:29:14 ep 4 step 9900 loss 22.395 word 3.311 mean 35.165 sound 3.718 nb 1.928 lr x0.909 0.12s/step
19:29:26 ep 4 step 10000 loss 22.049 word 3.320 mean 34.459 sound 3.711 nb 1.930 lr x0.907 0.12s/step
/data/omar/m2/core/data.py:97: UserWarning: The given NumPy array is not writable, and PyTorch does not support non-writable tensors. This means writing to this tensor will result in undefined behavior. You may want to copy the array to protect its data or make it writable before converting it to a tensor. This type of warning will be suppressed for the rest of this program. (Triggered internally at /__w/pytorch/pytorch/torch/csrc/utils/tensor_numpy.cpp:213.)
  return (torch.from_numpy(np.ascontiguousarray(x)),
/data/omar/m2/core/data.py:97: UserWarning: The given NumPy array is not writable, and PyTorch does not support non-writable tensors. This means writing to this tensor will result in undefined behavior. You may want to copy the array to protect its data or make it writable before converting it to a tensor. This type of warning will be suppressed for the rest of this program. (Triggered internally at /__w/pytorch/pytorch/torch/csrc/utils/tensor_numpy.cpp:213.)
  return (torch.from_numpy(np.ascontiguousarray(x)),
/data/omar/m2/core/data.py:97: UserWarning: The given NumPy array is not writable, and PyTorch does not support non-writable tensors. This means writing to this tensor will result in undefined behavior. You may want to copy the array to protect its data or make it writable before converting it to a tensor. This type of warning will be suppressed for the rest of this program. (Triggered internally at /__w/pytorch/pytorch/torch/csrc/utils/tensor_numpy.cpp:213.)
  return (torch.from_numpy(np.ascontiguousarray(x)),
/data/omar/m2/core/data.py:97: UserWarning: The given NumPy array is not writable, and PyTorch does not support non-writable tensors. This means writing to this tensor will result in undefined behavior. You may want to copy the array to protect its data or make it writable before converting it to a tensor. This type of warning will be suppressed for the rest of this program. (Triggered internally at /__w/pytorch/pytorch/torch/csrc/utils/tensor_numpy.cpp:213.)
  return (torch.from_numpy(np.ascontiguousarray(x)),
/data/omar/m2/core/data.py:97: UserWarning: The given NumPy array is not writable, and PyTorch does not support non-writable tensors. This means writing to this tensor will result in undefined behavior. You may want to copy the array to protect its data or make it writable before converting it to a tensor. This type of warning will be suppressed for the rest of this program. (Triggered internally at /__w/pytorch/pytorch/torch/csrc/utils/tensor_numpy.cpp:213.)
  return (torch.from_numpy(np.ascontiguousarray(x)),
/data/omar/m2/core/data.py:97: UserWarning: The given NumPy array is not writable, and PyTorch does not support non-writable tensors. This means writing to this tensor will result in undefined behavior. You may want to copy the array to protect its data or make it writable before converting it to a tensor. This type of warning will be suppressed for the rest of this program. (Triggered internally at /__w/pytorch/pytorch/torch/csrc/utils/tensor_numpy.cpp:213.)
  return (torch.from_numpy(np.ascontiguousarray(x)),
/data/omar/m2/core/data.py:97: UserWarning: The given NumPy array is not writable, and PyTorch does not support non-writable tensors. This means writing to this tensor will result in undefined behavior. You may want to copy the array to protect its data or make it writable before converting it to a tensor. This type of warning will be suppressed for the rest of this program. (Triggered internally at /__w/pytorch/pytorch/torch/csrc/utils/tensor_numpy.cpp:213.)
  return (torch.from_numpy(np.ascontiguousarray(x)),
/data/omar/m2/core/data.py:97: UserWarning: The given NumPy array is not writable, and PyTorch does not support non-writable tensors. This means writing to this tensor will result in undefined behavior. You may want to copy the array to protect its data or make it writable before converting it to a tensor. This type of warning will be suppressed for the rest of this program. (Triggered internally at /__w/pytorch/pytorch/torch/csrc/utils/tensor_numpy.cpp:213.)
  return (torch.from_numpy(np.ascontiguousarray(x)),
19:29:30 == epoch 4 deep: bacc10 0.2669 bacc1 0.0347 grid 0.2713@(1.0, 0.5) | broad: bacc10 0.3437 bacc1 0.0517 grid 0.3516@(1.0, 0.0)
19:29:31 new best 0.3053 -> /data/omar/m2/d/r/v1/best.pt
/data/omar/m2/core/data.py:97: UserWarning: The given NumPy array is not writable, and PyTorch does not support non-writable tensors. This means writing to this tensor will result in undefined behavior. You may want to copy the array to protect its data or make it writable before converting it to a tensor. This type of warning will be suppressed for the rest of this program. (Triggered internally at /__w/pytorch/pytorch/torch/csrc/utils/tensor_numpy.cpp:213.)
  return (torch.from_numpy(np.ascontiguousarray(x)),
/data/omar/m2/core/data.py:97: UserWarning: The given NumPy array is not writable, and PyTorch does not support non-writable tensors. This means writing to this tensor will result in undefined behavior. You may want to copy the array to protect its data or make it writable before converting it to a tensor. This type of warning will be suppressed for the rest of this program. (Triggered internally at /__w/pytorch/pytorch/torch/csrc/utils/tensor_numpy.cpp:213.)
  return (torch.from_numpy(np.ascontiguousarray(x)),
/data/omar/m2/core/data.py:97: UserWarning: The given NumPy array is not writable, and PyTorch does not support non-writable tensors. This means writing to this tensor will result in undefined behavior. You may want to copy the array to protect its data or make it writable before converting it to a tensor. This type of warning will be suppressed for the rest of this program. (Triggered internally at /__w/pytorch/pytorch/torch/csrc/utils/tensor_numpy.cpp:213.)
  return (torch.from_numpy(np.ascontiguousarray(x)),
/data/omar/m2/core/data.py:97: UserWarning: The given NumPy array is not writable, and PyTorch does not support non-writable tensors. This means writing to this tensor will result in undefined behavior. You may want to copy the array to protect its data or make it writable before converting it to a tensor. This type of warning will be suppressed for the rest of this program. (Triggered internally at /__w/pytorch/pytorch/torch/csrc/utils/tensor_numpy.cpp:213.)
  return (torch.from_numpy(np.ascontiguousarray(x)),
/data/omar/m2/core/data.py:97: UserWarning: The given NumPy array is not writable, and PyTorch does not support non-writable tensors. This means writing to this tensor will result in undefined behavior. You may want to copy the array to protect its data or make it writable before converting it to a tensor. This type of warning will be suppressed for the rest of this program. (Triggered internally at /__w/pytorch/pytorch/torch/csrc/utils/tensor_numpy.cpp:213.)
  return (torch.from_numpy(np.ascontiguousarray(x)),
/data/omar/m2/core/data.py:97: UserWarning: The given NumPy array is not writable, and PyTorch does not support non-writable tensors. This means writing to this tensor will result in undefined behavior. You may want to copy the array to protect its data or make it writable before converting it to a tensor. This type of warning will be suppressed for the rest of this program. (Triggered internally at /__w/pytorch/pytorch/torch/csrc/utils/tensor_numpy.cpp:213.)
  return (torch.from_numpy(np.ascontiguousarray(x)),
/data/omar/m2/core/data.py:97: UserWarning: The given NumPy array is not writable, and PyTorch does not support non-writable tensors. This means writing to this tensor will result in undefined behavior. You may want to copy the array to protect its data or make it writable before converting it to a tensor. This type of warning will be suppressed for the rest of this program. (Triggered internally at /__w/pytorch/pytorch/torch/csrc/utils/tensor_numpy.cpp:213.)
  return (torch.from_numpy(np.ascontiguousarray(x)),
/data/omar/m2/core/data.py:97: UserWarning: The given NumPy array is not writable, and PyTorch does not support non-writable tensors. This means writing to this tensor will result in undefined behavior. You may want to copy the array to protect its data or make it writable before converting it to a tensor. This type of warning will be suppressed for the rest of this program. (Triggered internally at /__w/pytorch/pytorch/torch/csrc/utils/tensor_numpy.cpp:213.)
  return (torch.from_numpy(np.ascontiguousarray(x)),
/data/omar/m2/core/data.py:97: UserWarning: The given NumPy array is not writable, and PyTorch does not support non-writable tensors. This means writing to this tensor will result in undefined behavior. You may want to copy the array to protect its data or make it writable before converting it to a tensor. This type of warning will be suppressed for the rest of this program. (Triggered internally at /__w/pytorch/pytorch/torch/csrc/utils/tensor_numpy.cpp:213.)
  return (torch.from_numpy(np.ascontiguousarray(x)),
/data/omar/m2/core/data.py:97: UserWarning: The given NumPy array is not writable, and PyTorch does not support non-writable tensors. This means writing to this tensor will result in undefined behavior. You may want to copy the array to protect its data or make it writable before converting it to a tensor. This type of warning will be suppressed for the rest of this program. (Triggered internally at /__w/pytorch/pytorch/torch/csrc/utils/tensor_numpy.cpp:213.)
  return (torch.from_numpy(np.ascontiguousarray(x)),
/data/omar/m2/core/data.py:97: UserWarning: The given NumPy array is not writable, and PyTorch does not support non-writable tensors. This means writing to this tensor will result in undefined behavior. You may want to copy the array to protect its data or make it writable before converting it to a tensor. This type of warning will be suppressed for the rest of this program. (Triggered internally at /__w/pytorch/pytorch/torch/csrc/utils/tensor_numpy.cpp:213.)
  return (torch.from_numpy(np.ascontiguousarray(x)),
/data/omar/m2/core/data.py:97: UserWarning: The given NumPy array is not writable, and PyTorch does not support non-writable tensors. This means writing to this tensor will result in undefined behavior. You may want to copy the array to protect its data or make it writable before converting it to a tensor. This type of warning will be suppressed for the rest of this program. (Triggered internally at /__w/pytorch/pytorch/torch/csrc/utils/tensor_numpy.cpp:213.)
  return (torch.from_numpy(np.ascontiguousarray(x)),
19:29:47 ep 5 step 10100 loss 22.249 word 3.317 mean 34.871 sound 3.713 nb 1.911 lr x0.906 0.15s/step
19:30:00 ep 5 step 10200 loss 21.967 word 3.321 mean 34.290 sound 3.717 nb 1.928 lr x0.904 0.13s/step
19:30:13 ep 5 step 10300 loss 22.262 word 3.313 mean 34.903 sound 3.712 nb 1.919 lr x0.902 0.13s/step
19:30:25 ep 5 step 10400 loss 22.070 word 3.321 mean 34.504 sound 3.710 nb 1.921 lr x0.900 0.13s/step
19:30:38 ep 5 step 10500 loss 22.241 word 3.328 mean 34.830 sound 3.710 nb 1.923 lr x0.898 0.13s/step
19:30:51 ep 5 step 10600 loss 21.794 word 3.325 mean 33.945 sound 3.713 nb 1.914 lr x0.896 0.13s/step
19:31:04 ep 5 step 10700 loss 22.107 word 3.320 mean 34.578 sound 3.712 nb 1.924 lr x0.894 0.13s/step
19:31:16 ep 5 step 10800 loss 22.194 word 3.308 mean 34.774 sound 3.710 nb 1.928 lr x0.893 0.12s/step
19:31:29 ep 5 step 10900 loss 22.191 word 3.317 mean 34.752 sound 3.711 nb 1.927 lr x0.891 0.13s/step
19:31:41 ep 5 step 11000 loss 21.923 word 3.313 mean 34.222 sound 3.709 nb 1.930 lr x0.889 0.13s/step
19:31:54 ep 5 step 11100 loss 21.845 word 3.309 mean 34.077 sound 3.712 nb 1.918 lr x0.887 0.13s/step
19:32:07 ep 5 step 11200 loss 21.893 word 3.322 mean 34.146 sound 3.714 nb 1.921 lr x0.885 0.13s/step
19:32:20 ep 5 step 11300 loss 22.068 word 3.303 mean 34.537 sound 3.706 nb 1.921 lr x0.883 0.13s/step
19:32:33 ep 5 step 11400 loss 21.761 word 3.313 mean 33.900 sound 3.710 nb 1.928 lr x0.881 0.13s/step
19:32:46 ep 5 step 11500 loss 22.097 word 3.296 mean 34.603 sound 3.710 nb 1.930 lr x0.879 0.13s/step
19:32:58 ep 5 step 11600 loss 21.851 word 3.311 mean 34.084 sound 3.707 nb 1.930 lr x0.877 0.13s/step
19:33:11 ep 5 step 11700 loss 21.956 word 3.307 mean 34.310 sound 3.710 nb 1.905 lr x0.875 0.13s/step
19:33:24 ep 5 step 11800 loss 21.990 word 3.298 mean 34.390 sound 3.707 nb 1.922 lr x0.873 0.13s/step
19:33:37 ep 5 step 11900 loss 21.877 word 3.304 mean 34.152 sound 3.708 nb 1.925 lr x0.871 0.13s/step
19:33:48 ep 5 step 12000 loss 21.676 word 3.303 mean 33.753 sound 3.710 nb 1.921 lr x0.869 0.12s/step
/data/omar/m2/core/data.py:97: UserWarning: The given NumPy array is not writable, and PyTorch does not support non-writable tensors. This means writing to this tensor will result in undefined behavior. You may want to copy the array to protect its data or make it writable before converting it to a tensor. This type of warning will be suppressed for the rest of this program. (Triggered internally at /__w/pytorch/pytorch/torch/csrc/utils/tensor_numpy.cpp:213.)
  return (torch.from_numpy(np.ascontiguousarray(x)),
/data/omar/m2/core/data.py:97: UserWarning: The given NumPy array is not writable, and PyTorch does not support non-writable tensors. This means writing to this tensor will result in undefined behavior. You may want to copy the array to protect its data or make it writable before converting it to a tensor. This type of warning will be suppressed for the rest of this program. (Triggered internally at /__w/pytorch/pytorch/torch/csrc/utils/tensor_numpy.cpp:213.)
  return (torch.from_numpy(np.ascontiguousarray(x)),
/data/omar/m2/core/data.py:97: UserWarning: The given NumPy array is not writable, and PyTorch does not support non-writable tensors. This means writing to this tensor will result in undefined behavior. You may want to copy the array to protect its data or make it writable before converting it to a tensor. This type of warning will be suppressed for the rest of this program. (Triggered internally at /__w/pytorch/pytorch/torch/csrc/utils/tensor_numpy.cpp:213.)
  return (torch.from_numpy(np.ascontiguousarray(x)),
/data/omar/m2/core/data.py:97: UserWarning: The given NumPy array is not writable, and PyTorch does not support non-writable tensors. This means writing to this tensor will result in undefined behavior. You may want to copy the array to protect its data or make it writable before converting it to a tensor. This type of warning will be suppressed for the rest of this program. (Triggered internally at /__w/pytorch/pytorch/torch/csrc/utils/tensor_numpy.cpp:213.)
  return (torch.from_numpy(np.ascontiguousarray(x)),
/data/omar/m2/core/data.py:97: UserWarning: The given NumPy array is not writable, and PyTorch does not support non-writable tensors. This means writing to this tensor will result in undefined behavior. You may want to copy the array to protect its data or make it writable before converting it to a tensor. This type of warning will be suppressed for the rest of this program. (Triggered internally at /__w/pytorch/pytorch/torch/csrc/utils/tensor_numpy.cpp:213.)
  return (torch.from_numpy(np.ascontiguousarray(x)),
/data/omar/m2/core/data.py:97: UserWarning: The given NumPy array is not writable, and PyTorch does not support non-writable tensors. This means writing to this tensor will result in undefined behavior. You may want to copy the array to protect its data or make it writable before converting it to a tensor. This type of warning will be suppressed for the rest of this program. (Triggered internally at /__w/pytorch/pytorch/torch/csrc/utils/tensor_numpy.cpp:213.)
  return (torch.from_numpy(np.ascontiguousarray(x)),
/data/omar/m2/core/data.py:97: UserWarning: The given NumPy array is not writable, and PyTorch does not support non-writable tensors. This means writing to this tensor will result in undefined behavior. You may want to copy the array to protect its data or make it writable before converting it to a tensor. This type of warning will be suppressed for the rest of this program. (Triggered internally at /__w/pytorch/pytorch/torch/csrc/utils/tensor_numpy.cpp:213.)
  return (torch.from_numpy(np.ascontiguousarray(x)),
/data/omar/m2/core/data.py:97: UserWarning: The given NumPy array is not writable, and PyTorch does not support non-writable tensors. This means writing to this tensor will result in undefined behavior. You may want to copy the array to protect its data or make it writable before converting it to a tensor. This type of warning will be suppressed for the rest of this program. (Triggered internally at /__w/pytorch/pytorch/torch/csrc/utils/tensor_numpy.cpp:213.)
  return (torch.from_numpy(np.ascontiguousarray(x)),
19:33:52 == epoch 5 deep: bacc10 0.2598 bacc1 0.0325 grid 0.2696@(1.0, 0.0) | broad: bacc10 0.3462 bacc1 0.0515 grid 0.3485@(1.0, 0.0)
/data/omar/m2/core/data.py:97: UserWarning: The given NumPy array is not writable, and PyTorch does not support non-writable tensors. This means writing to this tensor will result in undefined behavior. You may want to copy the array to protect its data or make it writable before converting it to a tensor. This type of warning will be suppressed for the rest of this program. (Triggered internally at /__w/pytorch/pytorch/torch/csrc/utils/tensor_numpy.cpp:213.)
  return (torch.from_numpy(np.ascontiguousarray(x)),
/data/omar/m2/core/data.py:97: UserWarning: The given NumPy array is not writable, and PyTorch does not support non-writable tensors. This means writing to this tensor will result in undefined behavior. You may want to copy the array to protect its data or make it writable before converting it to a tensor. This type of warning will be suppressed for the rest of this program. (Triggered internally at /__w/pytorch/pytorch/torch/csrc/utils/tensor_numpy.cpp:213.)
  return (torch.from_numpy(np.ascontiguousarray(x)),
/data/omar/m2/core/data.py:97: UserWarning: The given NumPy array is not writable, and PyTorch does not support non-writable tensors. This means writing to this tensor will result in undefined behavior. You may want to copy the array to protect its data or make it writable before converting it to a tensor. This type of warning will be suppressed for the rest of this program. (Triggered internally at /__w/pytorch/pytorch/torch/csrc/utils/tensor_numpy.cpp:213.)
  return (torch.from_numpy(np.ascontiguousarray(x)),
/data/omar/m2/core/data.py:97: UserWarning: The given NumPy array is not writable, and PyTorch does not support non-writable tensors. This means writing to this tensor will result in undefined behavior. You may want to copy the array to protect its data or make it writable before converting it to a tensor. This type of warning will be suppressed for the rest of this program. (Triggered internally at /__w/pytorch/pytorch/torch/csrc/utils/tensor_numpy.cpp:213.)
  return (torch.from_numpy(np.ascontiguousarray(x)),
/data/omar/m2/core/data.py:97: UserWarning: The given NumPy array is not writable, and PyTorch does not support non-writable tensors. This means writing to this tensor will result in undefined behavior. You may want to copy the array to protect its data or make it writable before converting it to a tensor. This type of warning will be suppressed for the rest of this program. (Triggered internally at /__w/pytorch/pytorch/torch/csrc/utils/tensor_numpy.cpp:213.)
  return (torch.from_numpy(np.ascontiguousarray(x)),
/data/omar/m2/core/data.py:97: UserWarning: The given NumPy array is not writable, and PyTorch does not support non-writable tensors. This means writing to this tensor will result in undefined behavior. You may want to copy the array to protect its data or make it writable before converting it to a tensor. This type of warning will be suppressed for the rest of this program. (Triggered internally at /__w/pytorch/pytorch/torch/csrc/utils/tensor_numpy.cpp:213.)
  return (torch.from_numpy(np.ascontiguousarray(x)),
/data/omar/m2/core/data.py:97: UserWarning: The given NumPy array is not writable, and PyTorch does not support non-writable tensors. This means writing to this tensor will result in undefined behavior. You may want to copy the array to protect its data or make it writable before converting it to a tensor. This type of warning will be suppressed for the rest of this program. (Triggered internally at /__w/pytorch/pytorch/torch/csrc/utils/tensor_numpy.cpp:213.)
  return (torch.from_numpy(np.ascontiguousarray(x)),
/data/omar/m2/core/data.py:97: UserWarning: The given NumPy array is not writable, and PyTorch does not support non-writable tensors. This means writing to this tensor will result in undefined behavior. You may want to copy the array to protect its data or make it writable before converting it to a tensor. This type of warning will be suppressed for the rest of this program. (Triggered internally at /__w/pytorch/pytorch/torch/csrc/utils/tensor_numpy.cpp:213.)
  return (torch.from_numpy(np.ascontiguousarray(x)),
/data/omar/m2/core/data.py:97: UserWarning: The given NumPy array is not writable, and PyTorch does not support non-writable tensors. This means writing to this tensor will result in undefined behavior. You may want to copy the array to protect its data or make it writable before converting it to a tensor. This type of warning will be suppressed for the rest of this program. (Triggered internally at /__w/pytorch/pytorch/torch/csrc/utils/tensor_numpy.cpp:213.)
  return (torch.from_numpy(np.ascontiguousarray(x)),
/data/omar/m2/core/data.py:97: UserWarning: The given NumPy array is not writable, and PyTorch does not support non-writable tensors. This means writing to this tensor will result in undefined behavior. You may want to copy the array to protect its data or make it writable before converting it to a tensor. This type of warning will be suppressed for the rest of this program. (Triggered internally at /__w/pytorch/pytorch/torch/csrc/utils/tensor_numpy.cpp:213.)
  return (torch.from_numpy(np.ascontiguousarray(x)),
/data/omar/m2/core/data.py:97: UserWarning: The given NumPy array is not writable, and PyTorch does not support non-writable tensors. This means writing to this tensor will result in undefined behavior. You may want to copy the array to protect its data or make it writable before converting it to a tensor. This type of warning will be suppressed for the rest of this program. (Triggered internally at /__w/pytorch/pytorch/torch/csrc/utils/tensor_numpy.cpp:213.)
  return (torch.from_numpy(np.ascontiguousarray(x)),
/data/omar/m2/core/data.py:97: UserWarning: The given NumPy array is not writable, and PyTorch does not support non-writable tensors. This means writing to this tensor will result in undefined behavior. You may want to copy the array to protect its data or make it writable before converting it to a tensor. This type of warning will be suppressed for the rest of this program. (Triggered internally at /__w/pytorch/pytorch/torch/csrc/utils/tensor_numpy.cpp:213.)
  return (torch.from_numpy(np.ascontiguousarray(x)),
19:34:07 ep 6 step 12100 loss 21.921 word 3.306 mean 34.232 sound 3.709 nb 1.929 lr x0.866 0.14s/step
19:34:20 ep 6 step 12200 loss 21.789 word 3.296 mean 33.999 sound 3.706 nb 1.909 lr x0.864 0.13s/step
19:34:33 ep 6 step 12300 loss 21.725 word 3.300 mean 33.859 sound 3.711 nb 1.910 lr x0.862 0.13s/step
19:34:46 ep 6 step 12400 loss 21.872 word 3.297 mean 34.161 sound 3.707 nb 1.910 lr x0.860 0.13s/step
19:34:58 ep 6 step 12500 loss 21.755 word 3.297 mean 33.931 sound 3.709 nb 1.896 lr x0.858 0.13s/step
19:35:11 ep 6 step 12600 loss 21.670 word 3.299 mean 33.747 sound 3.713 nb 1.922 lr x0.856 0.13s/step
19:35:24 ep 6 step 12700 loss 21.742 word 3.295 mean 33.900 sound 3.711 nb 1.919 lr x0.854 0.13s/step
19:35:36 ep 6 step 12800 loss 21.554 word 3.301 mean 33.513 sound 3.709 nb 1.918 lr x0.851 0.13s/step
19:35:49 ep 6 step 12900 loss 21.504 word 3.299 mean 33.420 sound 3.708 nb 1.912 lr x0.849 0.13s/step
19:36:02 ep 6 step 13000 loss 21.901 word 3.285 mean 34.250 sound 3.709 nb 1.894 lr x0.847 0.13s/step
19:36:15 ep 6 step 13100 loss 21.652 word 3.295 mean 33.720 sound 3.711 nb 1.921 lr x0.845 0.13s/step
19:36:27 ep 6 step 13200 loss 21.623 word 3.277 mean 33.697 sound 3.705 nb 1.928 lr x0.843 0.13s/step
19:36:40 ep 6 step 13300 loss 21.404 word 3.297 mean 33.221 sound 3.706 nb 1.920 lr x0.840 0.13s/step
19:36:53 ep 6 step 13400 loss 21.571 word 3.283 mean 33.588 sound 3.705 nb 1.913 lr x0.838 0.13s/step
19:37:06 ep 6 step 13500 loss 21.538 word 3.290 mean 33.506 sound 3.707 nb 1.917 lr x0.836 0.13s/step
19:37:19 ep 6 step 13600 loss 21.504 word 3.284 mean 33.449 sound 3.707 nb 1.919 lr x0.833 0.13s/step
19:37:31 ep 6 step 13700 loss 21.670 word 3.283 mean 33.785 sound 3.701 nb 1.920 lr x0.831 0.12s/step
19:37:44 ep 6 step 13800 loss 21.587 word 3.276 mean 33.635 sound 3.705 nb 1.906 lr x0.829 0.13s/step
19:37:56 ep 6 step 13900 loss 21.489 word 3.285 mean 33.417 sound 3.707 nb 1.915 lr x0.827 0.13s/step
19:38:08 ep 6 step 14000 loss 21.358 word 3.282 mean 33.163 sound 3.704 nb 1.919 lr x0.824 0.12s/step
/data/omar/m2/core/data.py:97: UserWarning: The given NumPy array is not writable, and PyTorch does not support non-writable tensors. This means writing to this tensor will result in undefined behavior. You may want to copy the array to protect its data or make it writable before converting it to a tensor. This type of warning will be suppressed for the rest of this program. (Triggered internally at /__w/pytorch/pytorch/torch/csrc/utils/tensor_numpy.cpp:213.)
  return (torch.from_numpy(np.ascontiguousarray(x)),
/data/omar/m2/core/data.py:97: UserWarning: The given NumPy array is not writable, and PyTorch does not support non-writable tensors. This means writing to this tensor will result in undefined behavior. You may want to copy the array to protect its data or make it writable before converting it to a tensor. This type of warning will be suppressed for the rest of this program. (Triggered internally at /__w/pytorch/pytorch/torch/csrc/utils/tensor_numpy.cpp:213.)
  return (torch.from_numpy(np.ascontiguousarray(x)),
/data/omar/m2/core/data.py:97: UserWarning: The given NumPy array is not writable, and PyTorch does not support non-writable tensors. This means writing to this tensor will result in undefined behavior. You may want to copy the array to protect its data or make it writable before converting it to a tensor. This type of warning will be suppressed for the rest of this program. (Triggered internally at /__w/pytorch/pytorch/torch/csrc/utils/tensor_numpy.cpp:213.)
  return (torch.from_numpy(np.ascontiguousarray(x)),
/data/omar/m2/core/data.py:97: UserWarning: The given NumPy array is not writable, and PyTorch does not support non-writable tensors. This means writing to this tensor will result in undefined behavior. You may want to copy the array to protect its data or make it writable before converting it to a tensor. This type of warning will be suppressed for the rest of this program. (Triggered internally at /__w/pytorch/pytorch/torch/csrc/utils/tensor_numpy.cpp:213.)
  return (torch.from_numpy(np.ascontiguousarray(x)),
/data/omar/m2/core/data.py:97: UserWarning: The given NumPy array is not writable, and PyTorch does not support non-writable tensors. This means writing to this tensor will result in undefined behavior. You may want to copy the array to protect its data or make it writable before converting it to a tensor. This type of warning will be suppressed for the rest of this program. (Triggered internally at /__w/pytorch/pytorch/torch/csrc/utils/tensor_numpy.cpp:213.)
  return (torch.from_numpy(np.ascontiguousarray(x)),
/data/omar/m2/core/data.py:97: UserWarning: The given NumPy array is not writable, and PyTorch does not support non-writable tensors. This means writing to this tensor will result in undefined behavior. You may want to copy the array to protect its data or make it writable before converting it to a tensor. This type of warning will be suppressed for the rest of this program. (Triggered internally at /__w/pytorch/pytorch/torch/csrc/utils/tensor_numpy.cpp:213.)
  return (torch.from_numpy(np.ascontiguousarray(x)),
/data/omar/m2/core/data.py:97: UserWarning: The given NumPy array is not writable, and PyTorch does not support non-writable tensors. This means writing to this tensor will result in undefined behavior. You may want to copy the array to protect its data or make it writable before converting it to a tensor. This type of warning will be suppressed for the rest of this program. (Triggered internally at /__w/pytorch/pytorch/torch/csrc/utils/tensor_numpy.cpp:213.)
  return (torch.from_numpy(np.ascontiguousarray(x)),
/data/omar/m2/core/data.py:97: UserWarning: The given NumPy array is not writable, and PyTorch does not support non-writable tensors. This means writing to this tensor will result in undefined behavior. You may want to copy the array to protect its data or make it writable before converting it to a tensor. This type of warning will be suppressed for the rest of this program. (Triggered internally at /__w/pytorch/pytorch/torch/csrc/utils/tensor_numpy.cpp:213.)
  return (torch.from_numpy(np.ascontiguousarray(x)),
19:38:12 == epoch 6 deep: bacc10 0.2723 bacc1 0.0305 grid 0.2929@(1.0, 0.5) | broad: bacc10 0.3434 bacc1 0.0518 grid 0.3528@(1.0, 0.0)
19:38:13 new best 0.3079 -> /data/omar/m2/d/r/v1/best.pt
/data/omar/m2/core/data.py:97: UserWarning: The given NumPy array is not writable, and PyTorch does not support non-writable tensors. This means writing to this tensor will result in undefined behavior. You may want to copy the array to protect its data or make it writable before converting it to a tensor. This type of warning will be suppressed for the rest of this program. (Triggered internally at /__w/pytorch/pytorch/torch/csrc/utils/tensor_numpy.cpp:213.)
  return (torch.from_numpy(np.ascontiguousarray(x)),
/data/omar/m2/core/data.py:97: UserWarning: The given NumPy array is not writable, and PyTorch does not support non-writable tensors. This means writing to this tensor will result in undefined behavior. You may want to copy the array to protect its data or make it writable before converting it to a tensor. This type of warning will be suppressed for the rest of this program. (Triggered internally at /__w/pytorch/pytorch/torch/csrc/utils/tensor_numpy.cpp:213.)
  return (torch.from_numpy(np.ascontiguousarray(x)),
/data/omar/m2/core/data.py:97: UserWarning: The given NumPy array is not writable, and PyTorch does not support non-writable tensors. This means writing to this tensor will result in undefined behavior. You may want to copy the array to protect its data or make it writable before converting it to a tensor. This type of warning will be suppressed for the rest of this program. (Triggered internally at /__w/pytorch/pytorch/torch/csrc/utils/tensor_numpy.cpp:213.)
  return (torch.from_numpy(np.ascontiguousarray(x)),
/data/omar/m2/core/data.py:97: UserWarning: The given NumPy array is not writable, and PyTorch does not support non-writable tensors. This means writing to this tensor will result in undefined behavior. You may want to copy the array to protect its data or make it writable before converting it to a tensor. This type of warning will be suppressed for the rest of this program. (Triggered internally at /__w/pytorch/pytorch/torch/csrc/utils/tensor_numpy.cpp:213.)
  return (torch.from_numpy(np.ascontiguousarray(x)),
/data/omar/m2/core/data.py:97: UserWarning: The given NumPy array is not writable, and PyTorch does not support non-writable tensors. This means writing to this tensor will result in undefined behavior. You may want to copy the array to protect its data or make it writable before converting it to a tensor. This type of warning will be suppressed for the rest of this program. (Triggered internally at /__w/pytorch/pytorch/torch/csrc/utils/tensor_numpy.cpp:213.)
  return (torch.from_numpy(np.ascontiguousarray(x)),
/data/omar/m2/core/data.py:97: UserWarning: The given NumPy array is not writable, and PyTorch does not support non-writable tensors. This means writing to this tensor will result in undefined behavior. You may want to copy the array to protect its data or make it writable before converting it to a tensor. This type of warning will be suppressed for the rest of this program. (Triggered internally at /__w/pytorch/pytorch/torch/csrc/utils/tensor_numpy.cpp:213.)
  return (torch.from_numpy(np.ascontiguousarray(x)),
/data/omar/m2/core/data.py:97: UserWarning: The given NumPy array is not writable, and PyTorch does not support non-writable tensors. This means writing to this tensor will result in undefined behavior. You may want to copy the array to protect its data or make it writable before converting it to a tensor. This type of warning will be suppressed for the rest of this program. (Triggered internally at /__w/pytorch/pytorch/torch/csrc/utils/tensor_numpy.cpp:213.)
  return (torch.from_numpy(np.ascontiguousarray(x)),
/data/omar/m2/core/data.py:97: UserWarning: The given NumPy array is not writable, and PyTorch does not support non-writable tensors. This means writing to this tensor will result in undefined behavior. You may want to copy the array to protect its data or make it writable before converting it to a tensor. This type of warning will be suppressed for the rest of this program. (Triggered internally at /__w/pytorch/pytorch/torch/csrc/utils/tensor_numpy.cpp:213.)
  return (torch.from_numpy(np.ascontiguousarray(x)),
/data/omar/m2/core/data.py:97: UserWarning: The given NumPy array is not writable, and PyTorch does not support non-writable tensors. This means writing to this tensor will result in undefined behavior. You may want to copy the array to protect its data or make it writable before converting it to a tensor. This type of warning will be suppressed for the rest of this program. (Triggered internally at /__w/pytorch/pytorch/torch/csrc/utils/tensor_numpy.cpp:213.)
  return (torch.from_numpy(np.ascontiguousarray(x)),
/data/omar/m2/core/data.py:97: UserWarning: The given NumPy array is not writable, and PyTorch does not support non-writable tensors. This means writing to this tensor will result in undefined behavior. You may want to copy the array to protect its data or make it writable before converting it to a tensor. This type of warning will be suppressed for the rest of this program. (Triggered internally at /__w/pytorch/pytorch/torch/csrc/utils/tensor_numpy.cpp:213.)
  return (torch.from_numpy(np.ascontiguousarray(x)),
/data/omar/m2/core/data.py:97: UserWarning: The given NumPy array is not writable, and PyTorch does not support non-writable tensors. This means writing to this tensor will result in undefined behavior. You may want to copy the array to protect its data or make it writable before converting it to a tensor. This type of warning will be suppressed for the rest of this program. (Triggered internally at /__w/pytorch/pytorch/torch/csrc/utils/tensor_numpy.cpp:213.)
  return (torch.from_numpy(np.ascontiguousarray(x)),
/data/omar/m2/core/data.py:97: UserWarning: The given NumPy array is not writable, and PyTorch does not support non-writable tensors. This means writing to this tensor will result in undefined behavior. You may want to copy the array to protect its data or make it writable before converting it to a tensor. This type of warning will be suppressed for the rest of this program. (Triggered internally at /__w/pytorch/pytorch/torch/csrc/utils/tensor_numpy.cpp:213.)
  return (torch.from_numpy(np.ascontiguousarray(x)),
19:38:28 ep 7 step 14100 loss 21.608 word 3.278 mean 33.668 sound 3.706 nb 1.919 lr x0.822 0.14s/step
19:38:40 ep 7 step 14200 loss 21.610 word 3.273 mean 33.683 sound 3.705 nb 1.921 lr x0.819 0.12s/step
19:38:53 ep 7 step 14300 loss 21.751 word 3.271 mean 33.967 sound 3.704 nb 1.925 lr x0.817 0.13s/step
19:39:05 ep 7 step 14400 loss 21.366 word 3.277 mean 33.197 sound 3.702 nb 1.897 lr x0.815 0.12s/step
19:39:17 ep 7 step 14500 loss 21.479 word 3.276 mean 33.419 sound 3.702 nb 1.912 lr x0.812 0.12s/step
19:39:29 ep 7 step 14600 loss 21.284 word 3.271 mean 33.042 sound 3.700 nb 1.912 lr x0.810 0.12s/step
19:39:41 ep 7 step 14700 loss 21.492 word 3.280 mean 33.437 sound 3.702 nb 1.912 lr x0.807 0.12s/step
19:39:54 ep 7 step 14800 loss 21.474 word 3.273 mean 33.419 sound 3.703 nb 1.905 lr x0.805 0.12s/step
19:40:06 ep 7 step 14900 loss 21.495 word 3.271 mean 33.463 sound 3.705 nb 1.903 lr x0.803 0.12s/step
19:40:18 ep 7 step 15000 loss 21.475 word 3.263 mean 33.444 sound 3.702 nb 1.899 lr x0.800 0.12s/step
19:40:31 ep 7 step 15100 loss 21.362 word 3.270 mean 33.203 sound 3.701 nb 1.900 lr x0.798 0.12s/step
19:40:43 ep 7 step 15200 loss 21.355 word 3.266 mean 33.192 sound 3.699 nb 1.917 lr x0.795 0.12s/step
19:40:55 ep 7 step 15300 loss 21.206 word 3.268 mean 32.888 sound 3.702 nb 1.916 lr x0.793 0.12s/step
19:41:08 ep 7 step 15400 loss 21.259 word 3.268 mean 32.999 sound 3.701 nb 1.906 lr x0.790 0.12s/step
19:41:20 ep 7 step 15500 loss 21.395 word 3.265 mean 33.279 sound 3.702 nb 1.903 lr x0.788 0.12s/step
19:41:32 ep 7 step 15600 loss 21.474 word 3.264 mean 33.434 sound 3.699 nb 1.918 lr x0.785 0.12s/step
19:41:44 ep 7 step 15700 loss 21.374 word 3.263 mean 33.241 sound 3.696 nb 1.907 lr x0.783 0.12s/step
19:41:57 ep 7 step 15800 loss 21.088 word 3.260 mean 32.665 sound 3.704 nb 1.916 lr x0.780 0.13s/step
19:42:10 ep 7 step 15900 loss 20.965 word 3.266 mean 32.415 sound 3.705 nb 1.905 lr x0.777 0.13s/step
19:42:22 ep 7 step 16000 loss 21.336 word 3.253 mean 33.185 sound 3.698 nb 1.906 lr x0.775 0.12s/step
/data/omar/m2/core/data.py:97: UserWarning: The given NumPy array is not writable, and PyTorch does not support non-writable tensors. This means writing to this tensor will result in undefined behavior. You may want to copy the array to protect its data or make it writable before converting it to a tensor. This type of warning will be suppressed for the rest of this program. (Triggered internally at /__w/pytorch/pytorch/torch/csrc/utils/tensor_numpy.cpp:213.)
  return (torch.from_numpy(np.ascontiguousarray(x)),
/data/omar/m2/core/data.py:97: UserWarning: The given NumPy array is not writable, and PyTorch does not support non-writable tensors. This means writing to this tensor will result in undefined behavior. You may want to copy the array to protect its data or make it writable before converting it to a tensor. This type of warning will be suppressed for the rest of this program. (Triggered internally at /__w/pytorch/pytorch/torch/csrc/utils/tensor_numpy.cpp:213.)
  return (torch.from_numpy(np.ascontiguousarray(x)),
/data/omar/m2/core/data.py:97: UserWarning: The given NumPy array is not writable, and PyTorch does not support non-writable tensors. This means writing to this tensor will result in undefined behavior. You may want to copy the array to protect its data or make it writable before converting it to a tensor. This type of warning will be suppressed for the rest of this program. (Triggered internally at /__w/pytorch/pytorch/torch/csrc/utils/tensor_numpy.cpp:213.)
  return (torch.from_numpy(np.ascontiguousarray(x)),
/data/omar/m2/core/data.py:97: UserWarning: The given NumPy array is not writable, and PyTorch does not support non-writable tensors. This means writing to this tensor will result in undefined behavior. You may want to copy the array to protect its data or make it writable before converting it to a tensor. This type of warning will be suppressed for the rest of this program. (Triggered internally at /__w/pytorch/pytorch/torch/csrc/utils/tensor_numpy.cpp:213.)
  return (torch.from_numpy(np.ascontiguousarray(x)),
/data/omar/m2/core/data.py:97: UserWarning: The given NumPy array is not writable, and PyTorch does not support non-writable tensors. This means writing to this tensor will result in undefined behavior. You may want to copy the array to protect its data or make it writable before converting it to a tensor. This type of warning will be suppressed for the rest of this program. (Triggered internally at /__w/pytorch/pytorch/torch/csrc/utils/tensor_numpy.cpp:213.)
  return (torch.from_numpy(np.ascontiguousarray(x)),
/data/omar/m2/core/data.py:97: UserWarning: The given NumPy array is not writable, and PyTorch does not support non-writable tensors. This means writing to this tensor will result in undefined behavior. You may want to copy the array to protect its data or make it writable before converting it to a tensor. This type of warning will be suppressed for the rest of this program. (Triggered internally at /__w/pytorch/pytorch/torch/csrc/utils/tensor_numpy.cpp:213.)
  return (torch.from_numpy(np.ascontiguousarray(x)),
/data/omar/m2/core/data.py:97: UserWarning: The given NumPy array is not writable, and PyTorch does not support non-writable tensors. This means writing to this tensor will result in undefined behavior. You may want to copy the array to protect its data or make it writable before converting it to a tensor. This type of warning will be suppressed for the rest of this program. (Triggered internally at /__w/pytorch/pytorch/torch/csrc/utils/tensor_numpy.cpp:213.)
  return (torch.from_numpy(np.ascontiguousarray(x)),
/data/omar/m2/core/data.py:97: UserWarning: The given NumPy array is not writable, and PyTorch does not support non-writable tensors. This means writing to this tensor will result in undefined behavior. You may want to copy the array to protect its data or make it writable before converting it to a tensor. This type of warning will be suppressed for the rest of this program. (Triggered internally at /__w/pytorch/pytorch/torch/csrc/utils/tensor_numpy.cpp:213.)
  return (torch.from_numpy(np.ascontiguousarray(x)),
19:42:25 == epoch 7 deep: bacc10 0.2826 bacc1 0.0358 grid 0.2967@(1.0, 0.5) | broad: bacc10 0.3421 bacc1 0.0519 grid 0.3519@(1.0, 0.0)
19:42:27 new best 0.3124 -> /data/omar/m2/d/r/v1/best.pt
/data/omar/m2/core/data.py:97: UserWarning: The given NumPy array is not writable, and PyTorch does not support non-writable tensors. This means writing to this tensor will result in undefined behavior. You may want to copy the array to protect its data or make it writable before converting it to a tensor. This type of warning will be suppressed for the rest of this program. (Triggered internally at /__w/pytorch/pytorch/torch/csrc/utils/tensor_numpy.cpp:213.)
  return (torch.from_numpy(np.ascontiguousarray(x)),
/data/omar/m2/core/data.py:97: UserWarning: The given NumPy array is not writable, and PyTorch does not support non-writable tensors. This means writing to this tensor will result in undefined behavior. You may want to copy the array to protect its data or make it writable before converting it to a tensor. This type of warning will be suppressed for the rest of this program. (Triggered internally at /__w/pytorch/pytorch/torch/csrc/utils/tensor_numpy.cpp:213.)
  return (torch.from_numpy(np.ascontiguousarray(x)),
/data/omar/m2/core/data.py:97: UserWarning: The given NumPy array is not writable, and PyTorch does not support non-writable tensors. This means writing to this tensor will result in undefined behavior. You may want to copy the array to protect its data or make it writable before converting it to a tensor. This type of warning will be suppressed for the rest of this program. (Triggered internally at /__w/pytorch/pytorch/torch/csrc/utils/tensor_numpy.cpp:213.)
  return (torch.from_numpy(np.ascontiguousarray(x)),
/data/omar/m2/core/data.py:97: UserWarning: The given NumPy array is not writable, and PyTorch does not support non-writable tensors. This means writing to this tensor will result in undefined behavior. You may want to copy the array to protect its data or make it writable before converting it to a tensor. This type of warning will be suppressed for the rest of this program. (Triggered internally at /__w/pytorch/pytorch/torch/csrc/utils/tensor_numpy.cpp:213.)
  return (torch.from_numpy(np.ascontiguousarray(x)),
/data/omar/m2/core/data.py:97: UserWarning: The given NumPy array is not writable, and PyTorch does not support non-writable tensors. This means writing to this tensor will result in undefined behavior. You may want to copy the array to protect its data or make it writable before converting it to a tensor. This type of warning will be suppressed for the rest of this program. (Triggered internally at /__w/pytorch/pytorch/torch/csrc/utils/tensor_numpy.cpp:213.)
  return (torch.from_numpy(np.ascontiguousarray(x)),
/data/omar/m2/core/data.py:97: UserWarning: The given NumPy array is not writable, and PyTorch does not support non-writable tensors. This means writing to this tensor will result in undefined behavior. You may want to copy the array to protect its data or make it writable before converting it to a tensor. This type of warning will be suppressed for the rest of this program. (Triggered internally at /__w/pytorch/pytorch/torch/csrc/utils/tensor_numpy.cpp:213.)
  return (torch.from_numpy(np.ascontiguousarray(x)),
/data/omar/m2/core/data.py:97: UserWarning: The given NumPy array is not writable, and PyTorch does not support non-writable tensors. This means writing to this tensor will result in undefined behavior. You may want to copy the array to protect its data or make it writable before converting it to a tensor. This type of warning will be suppressed for the rest of this program. (Triggered internally at /__w/pytorch/pytorch/torch/csrc/utils/tensor_numpy.cpp:213.)
  return (torch.from_numpy(np.ascontiguousarray(x)),
/data/omar/m2/core/data.py:97: UserWarning: The given NumPy array is not writable, and PyTorch does not support non-writable tensors. This means writing to this tensor will result in undefined behavior. You may want to copy the array to protect its data or make it writable before converting it to a tensor. This type of warning will be suppressed for the rest of this program. (Triggered internally at /__w/pytorch/pytorch/torch/csrc/utils/tensor_numpy.cpp:213.)
  return (torch.from_numpy(np.ascontiguousarray(x)),
/data/omar/m2/core/data.py:97: UserWarning: The given NumPy array is not writable, and PyTorch does not support non-writable tensors. This means writing to this tensor will result in undefined behavior. You may want to copy the array to protect its data or make it writable before converting it to a tensor. This type of warning will be suppressed for the rest of this program. (Triggered internally at /__w/pytorch/pytorch/torch/csrc/utils/tensor_numpy.cpp:213.)
  return (torch.from_numpy(np.ascontiguousarray(x)),
/data/omar/m2/core/data.py:97: UserWarning: The given NumPy array is not writable, and PyTorch does not support non-writable tensors. This means writing to this tensor will result in undefined behavior. You may want to copy the array to protect its data or make it writable before converting it to a tensor. This type of warning will be suppressed for the rest of this program. (Triggered internally at /__w/pytorch/pytorch/torch/csrc/utils/tensor_numpy.cpp:213.)
  return (torch.from_numpy(np.ascontiguousarray(x)),
/data/omar/m2/core/data.py:97: UserWarning: The given NumPy array is not writable, and PyTorch does not support non-writable tensors. This means writing to this tensor will result in undefined behavior. You may want to copy the array to protect its data or make it writable before converting it to a tensor. This type of warning will be suppressed for the rest of this program. (Triggered internally at /__w/pytorch/pytorch/torch/csrc/utils/tensor_numpy.cpp:213.)
  return (torch.from_numpy(np.ascontiguousarray(x)),
/data/omar/m2/core/data.py:97: UserWarning: The given NumPy array is not writable, and PyTorch does not support non-writable tensors. This means writing to this tensor will result in undefined behavior. You may want to copy the array to protect its data or make it writable before converting it to a tensor. This type of warning will be suppressed for the rest of this program. (Triggered internally at /__w/pytorch/pytorch/torch/csrc/utils/tensor_numpy.cpp:213.)
  return (torch.from_numpy(np.ascontiguousarray(x)),
19:42:42 ep 8 step 16100 loss 21.214 word 3.254 mean 32.936 sound 3.702 nb 1.907 lr x0.772 0.14s/step
19:42:54 ep 8 step 16200 loss 21.141 word 3.261 mean 32.780 sound 3.703 nb 1.898 lr x0.770 0.13s/step
19:43:07 ep 8 step 16300 loss 21.058 word 3.249 mean 32.635 sound 3.700 nb 1.906 lr x0.767 0.13s/step
19:43:20 ep 8 step 16400 loss 21.382 word 3.254 mean 33.275 sound 3.697 nb 1.908 lr x0.765 0.12s/step
19:43:32 ep 8 step 16500 loss 20.970 word 3.247 mean 32.462 sound 3.701 nb 1.908 lr x0.762 0.13s/step
19:43:45 ep 8 step 16600 loss 21.070 word 3.250 mean 32.656 sound 3.699 nb 1.908 lr x0.759 0.13s/step
19:43:57 ep 8 step 16700 loss 21.035 word 3.245 mean 32.600 sound 3.699 nb 1.901 lr x0.757 0.12s/step
19:44:10 ep 8 step 16800 loss 21.173 word 3.240 mean 32.879 sound 3.703 nb 1.912 lr x0.754 0.12s/step
19:44:22 ep 8 step 16900 loss 21.325 word 3.239 mean 33.195 sound 3.703 nb 1.889 lr x0.751 0.12s/step
19:44:34 ep 8 step 17000 loss 21.154 word 3.244 mean 32.839 sound 3.699 nb 1.904 lr x0.749 0.12s/step
19:44:47 ep 8 step 17100 loss 21.120 word 3.247 mean 32.763 sound 3.700 nb 1.907 lr x0.746 0.13s/step
19:44:59 ep 8 step 17200 loss 21.229 word 3.233 mean 33.008 sound 3.701 nb 1.907 lr x0.743 0.12s/step
19:45:12 ep 8 step 17300 loss 21.070 word 3.236 mean 32.686 sound 3.695 nb 1.912 lr x0.741 0.13s/step
19:45:24 ep 8 step 17400 loss 21.190 word 3.237 mean 32.926 sound 3.696 nb 1.904 lr x0.738 0.12s/step
19:45:37 ep 8 step 17500 loss 21.037 word 3.233 mean 32.632 sound 3.700 nb 1.893 lr x0.735 0.12s/step
19:45:49 ep 8 step 17600 loss 20.923 word 3.244 mean 32.383 sound 3.697 nb 1.894 lr x0.732 0.13s/step
19:46:02 ep 8 step 17700 loss 21.132 word 3.235 mean 32.813 sound 3.699 nb 1.905 lr x0.730 0.13s/step
19:46:15 ep 8 step 17800 loss 20.841 word 3.236 mean 32.229 sound 3.696 nb 1.905 lr x0.727 0.13s/step
19:46:27 ep 8 step 17900 loss 21.099 word 3.227 mean 32.775 sound 3.697 nb 1.876 lr x0.724 0.12s/step
19:46:39 ep 8 step 18000 loss 21.089 word 3.228 mean 32.746 sound 3.694 nb 1.900 lr x0.722 0.12s/step
/data/omar/m2/core/data.py:97: UserWarning: The given NumPy array is not writable, and PyTorch does not support non-writable tensors. This means writing to this tensor will result in undefined behavior. You may want to copy the array to protect its data or make it writable before converting it to a tensor. This type of warning will be suppressed for the rest of this program. (Triggered internally at /__w/pytorch/pytorch/torch/csrc/utils/tensor_numpy.cpp:213.)
  return (torch.from_numpy(np.ascontiguousarray(x)),
/data/omar/m2/core/data.py:97: UserWarning: The given NumPy array is not writable, and PyTorch does not support non-writable tensors. This means writing to this tensor will result in undefined behavior. You may want to copy the array to protect its data or make it writable before converting it to a tensor. This type of warning will be suppressed for the rest of this program. (Triggered internally at /__w/pytorch/pytorch/torch/csrc/utils/tensor_numpy.cpp:213.)
  return (torch.from_numpy(np.ascontiguousarray(x)),
/data/omar/m2/core/data.py:97: UserWarning: The given NumPy array is not writable, and PyTorch does not support non-writable tensors. This means writing to this tensor will result in undefined behavior. You may want to copy the array to protect its data or make it writable before converting it to a tensor. This type of warning will be suppressed for the rest of this program. (Triggered internally at /__w/pytorch/pytorch/torch/csrc/utils/tensor_numpy.cpp:213.)
  return (torch.from_numpy(np.ascontiguousarray(x)),
/data/omar/m2/core/data.py:97: UserWarning: The given NumPy array is not writable, and PyTorch does not support non-writable tensors. This means writing to this tensor will result in undefined behavior. You may want to copy the array to protect its data or make it writable before converting it to a tensor. This type of warning will be suppressed for the rest of this program. (Triggered internally at /__w/pytorch/pytorch/torch/csrc/utils/tensor_numpy.cpp:213.)
  return (torch.from_numpy(np.ascontiguousarray(x)),
/data/omar/m2/core/data.py:97: UserWarning: The given NumPy array is not writable, and PyTorch does not support non-writable tensors. This means writing to this tensor will result in undefined behavior. You may want to copy the array to protect its data or make it writable before converting it to a tensor. This type of warning will be suppressed for the rest of this program. (Triggered internally at /__w/pytorch/pytorch/torch/csrc/utils/tensor_numpy.cpp:213.)
  return (torch.from_numpy(np.ascontiguousarray(x)),
/data/omar/m2/core/data.py:97: UserWarning: The given NumPy array is not writable, and PyTorch does not support non-writable tensors. This means writing to this tensor will result in undefined behavior. You may want to copy the array to protect its data or make it writable before converting it to a tensor. This type of warning will be suppressed for the rest of this program. (Triggered internally at /__w/pytorch/pytorch/torch/csrc/utils/tensor_numpy.cpp:213.)
  return (torch.from_numpy(np.ascontiguousarray(x)),
/data/omar/m2/core/data.py:97: UserWarning: The given NumPy array is not writable, and PyTorch does not support non-writable tensors. This means writing to this tensor will result in undefined behavior. You may want to copy the array to protect its data or make it writable before converting it to a tensor. This type of warning will be suppressed for the rest of this program. (Triggered internally at /__w/pytorch/pytorch/torch/csrc/utils/tensor_numpy.cpp:213.)
  return (torch.from_numpy(np.ascontiguousarray(x)),
/data/omar/m2/core/data.py:97: UserWarning: The given NumPy array is not writable, and PyTorch does not support non-writable tensors. This means writing to this tensor will result in undefined behavior. You may want to copy the array to protect its data or make it writable before converting it to a tensor. This type of warning will be suppressed for the rest of this program. (Triggered internally at /__w/pytorch/pytorch/torch/csrc/utils/tensor_numpy.cpp:213.)
  return (torch.from_numpy(np.ascontiguousarray(x)),
19:46:42 == epoch 8 deep: bacc10 0.2812 bacc1 0.0400 grid 0.2907@(1.0, 0.0) | broad: bacc10 0.3415 bacc1 0.0526 grid 0.3474@(1.0, 0.0)
/data/omar/m2/core/data.py:97: UserWarning: The given NumPy array is not writable, and PyTorch does not support non-writable tensors. This means writing to this tensor will result in undefined behavior. You may want to copy the array to protect its data or make it writable before converting it to a tensor. This type of warning will be suppressed for the rest of this program. (Triggered internally at /__w/pytorch/pytorch/torch/csrc/utils/tensor_numpy.cpp:213.)
  return (torch.from_numpy(np.ascontiguousarray(x)),
/data/omar/m2/core/data.py:97: UserWarning: The given NumPy array is not writable, and PyTorch does not support non-writable tensors. This means writing to this tensor will result in undefined behavior. You may want to copy the array to protect its data or make it writable before converting it to a tensor. This type of warning will be suppressed for the rest of this program. (Triggered internally at /__w/pytorch/pytorch/torch/csrc/utils/tensor_numpy.cpp:213.)
  return (torch.from_numpy(np.ascontiguousarray(x)),
/data/omar/m2/core/data.py:97: UserWarning: The given NumPy array is not writable, and PyTorch does not support non-writable tensors. This means writing to this tensor will result in undefined behavior. You may want to copy the array to protect its data or make it writable before converting it to a tensor. This type of warning will be suppressed for the rest of this program. (Triggered internally at /__w/pytorch/pytorch/torch/csrc/utils/tensor_numpy.cpp:213.)
  return (torch.from_numpy(np.ascontiguousarray(x)),
/data/omar/m2/core/data.py:97: UserWarning: The given NumPy array is not writable, and PyTorch does not support non-writable tensors. This means writing to this tensor will result in undefined behavior. You may want to copy the array to protect its data or make it writable before converting it to a tensor. This type of warning will be suppressed for the rest of this program. (Triggered internally at /__w/pytorch/pytorch/torch/csrc/utils/tensor_numpy.cpp:213.)
  return (torch.from_numpy(np.ascontiguousarray(x)),
/data/omar/m2/core/data.py:97: UserWarning: The given NumPy array is not writable, and PyTorch does not support non-writable tensors. This means writing to this tensor will result in undefined behavior. You may want to copy the array to protect its data or make it writable before converting it to a tensor. This type of warning will be suppressed for the rest of this program. (Triggered internally at /__w/pytorch/pytorch/torch/csrc/utils/tensor_numpy.cpp:213.)
  return (torch.from_numpy(np.ascontiguousarray(x)),
/data/omar/m2/core/data.py:97: UserWarning: The given NumPy array is not writable, and PyTorch does not support non-writable tensors. This means writing to this tensor will result in undefined behavior. You may want to copy the array to protect its data or make it writable before converting it to a tensor. This type of warning will be suppressed for the rest of this program. (Triggered internally at /__w/pytorch/pytorch/torch/csrc/utils/tensor_numpy.cpp:213.)
  return (torch.from_numpy(np.ascontiguousarray(x)),
/data/omar/m2/core/data.py:97: UserWarning: The given NumPy array is not writable, and PyTorch does not support non-writable tensors. This means writing to this tensor will result in undefined behavior. You may want to copy the array to protect its data or make it writable before converting it to a tensor. This type of warning will be suppressed for the rest of this program. (Triggered internally at /__w/pytorch/pytorch/torch/csrc/utils/tensor_numpy.cpp:213.)
  return (torch.from_numpy(np.ascontiguousarray(x)),
/data/omar/m2/core/data.py:97: UserWarning: The given NumPy array is not writable, and PyTorch does not support non-writable tensors. This means writing to this tensor will result in undefined behavior. You may want to copy the array to protect its data or make it writable before converting it to a tensor. This type of warning will be suppressed for the rest of this program. (Triggered internally at /__w/pytorch/pytorch/torch/csrc/utils/tensor_numpy.cpp:213.)
  return (torch.from_numpy(np.ascontiguousarray(x)),
/data/omar/m2/core/data.py:97: UserWarning: The given NumPy array is not writable, and PyTorch does not support non-writable tensors. This means writing to this tensor will result in undefined behavior. You may want to copy the array to protect its data or make it writable before converting it to a tensor. This type of warning will be suppressed for the rest of this program. (Triggered internally at /__w/pytorch/pytorch/torch/csrc/utils/tensor_numpy.cpp:213.)
  return (torch.from_numpy(np.ascontiguousarray(x)),
/data/omar/m2/core/data.py:97: UserWarning: The given NumPy array is not writable, and PyTorch does not support non-writable tensors. This means writing to this tensor will result in undefined behavior. You may want to copy the array to protect its data or make it writable before converting it to a tensor. This type of warning will be suppressed for the rest of this program. (Triggered internally at /__w/pytorch/pytorch/torch/csrc/utils/tensor_numpy.cpp:213.)
  return (torch.from_numpy(np.ascontiguousarray(x)),
/data/omar/m2/core/data.py:97: UserWarning: The given NumPy array is not writable, and PyTorch does not support non-writable tensors. This means writing to this tensor will result in undefined behavior. You may want to copy the array to protect its data or make it writable before converting it to a tensor. This type of warning will be suppressed for the rest of this program. (Triggered internally at /__w/pytorch/pytorch/torch/csrc/utils/tensor_numpy.cpp:213.)
  return (torch.from_numpy(np.ascontiguousarray(x)),
/data/omar/m2/core/data.py:97: UserWarning: The given NumPy array is not writable, and PyTorch does not support non-writable tensors. This means writing to this tensor will result in undefined behavior. You may want to copy the array to protect its data or make it writable before converting it to a tensor. This type of warning will be suppressed for the rest of this program. (Triggered internally at /__w/pytorch/pytorch/torch/csrc/utils/tensor_numpy.cpp:213.)
  return (torch.from_numpy(np.ascontiguousarray(x)),
19:46:57 ep 9 step 18100 loss 21.121 word 3.227 mean 32.802 sound 3.696 nb 1.918 lr x0.719 0.14s/step
19:47:10 ep 9 step 18200 loss 21.054 word 3.228 mean 32.675 sound 3.703 nb 1.888 lr x0.716 0.13s/step
19:47:22 ep 9 step 18300 loss 20.605 word 3.242 mean 31.732 sound 3.704 nb 1.933 lr x0.713 0.13s/step
19:47:35 ep 9 step 18400 loss 20.780 word 3.226 mean 32.129 sound 3.694 nb 1.908 lr x0.710 0.13s/step
19:47:47 ep 9 step 18500 loss 20.746 word 3.230 mean 32.052 sound 3.699 nb 1.900 lr x0.708 0.12s/step
19:48:00 ep 9 step 18600 loss 20.918 word 3.213 mean 32.435 sound 3.689 nb 1.902 lr x0.705 0.13s/step
19:48:13 ep 9 step 18700 loss 20.803 word 3.228 mean 32.174 sound 3.695 nb 1.902 lr x0.702 0.12s/step
19:48:25 ep 9 step 18800 loss 20.827 word 3.235 mean 32.204 sound 3.699 nb 1.900 lr x0.699 0.13s/step
19:48:38 ep 9 step 18900 loss 20.820 word 3.222 mean 32.222 sound 3.696 nb 1.892 lr x0.696 0.12s/step
19:48:51 ep 9 step 19000 loss 21.035 word 3.221 mean 32.653 sound 3.699 nb 1.894 lr x0.694 0.13s/step
19:49:03 ep 9 step 19100 loss 20.740 word 3.216 mean 32.079 sound 3.696 nb 1.880 lr x0.691 0.13s/step
19:49:16 ep 9 step 19200 loss 20.873 word 3.232 mean 32.306 sound 3.698 nb 1.890 lr x0.688 0.13s/step
19:49:29 ep 9 step 19300 loss 20.917 word 3.219 mean 32.424 sound 3.694 nb 1.890 lr x0.685 0.13s/step
19:49:42 ep 9 step 19400 loss 20.859 word 3.218 mean 32.307 sound 3.696 nb 1.893 lr x0.682 0.13s/step
19:49:54 ep 9 step 19500 loss 20.851 word 3.209 mean 32.309 sound 3.696 nb 1.889 lr x0.679 0.13s/step
19:50:07 ep 9 step 19600 loss 20.932 word 3.214 mean 32.467 sound 3.692 nb 1.887 lr x0.676 0.13s/step
19:50:20 ep 9 step 19700 loss 20.744 word 3.212 mean 32.089 sound 3.692 nb 1.899 lr x0.674 0.13s/step
19:50:32 ep 9 step 19800 loss 20.840 word 3.219 mean 32.275 sound 3.697 nb 1.876 lr x0.671 0.13s/step
19:50:45 ep 9 step 19900 loss 20.662 word 3.204 mean 31.939 sound 3.695 nb 1.900 lr x0.668 0.13s/step
19:50:57 ep 9 step 20000 loss 20.562 word 3.210 mean 31.737 sound 3.690 nb 1.886 lr x0.665 0.12s/step
/data/omar/m2/core/data.py:97: UserWarning: The given NumPy array is not writable, and PyTorch does not support non-writable tensors. This means writing to this tensor will result in undefined behavior. You may want to copy the array to protect its data or make it writable before converting it to a tensor. This type of warning will be suppressed for the rest of this program. (Triggered internally at /__w/pytorch/pytorch/torch/csrc/utils/tensor_numpy.cpp:213.)
  return (torch.from_numpy(np.ascontiguousarray(x)),
/data/omar/m2/core/data.py:97: UserWarning: The given NumPy array is not writable, and PyTorch does not support non-writable tensors. This means writing to this tensor will result in undefined behavior. You may want to copy the array to protect its data or make it writable before converting it to a tensor. This type of warning will be suppressed for the rest of this program. (Triggered internally at /__w/pytorch/pytorch/torch/csrc/utils/tensor_numpy.cpp:213.)
  return (torch.from_numpy(np.ascontiguousarray(x)),
/data/omar/m2/core/data.py:97: UserWarning: The given NumPy array is not writable, and PyTorch does not support non-writable tensors. This means writing to this tensor will result in undefined behavior. You may want to copy the array to protect its data or make it writable before converting it to a tensor. This type of warning will be suppressed for the rest of this program. (Triggered internally at /__w/pytorch/pytorch/torch/csrc/utils/tensor_numpy.cpp:213.)
  return (torch.from_numpy(np.ascontiguousarray(x)),
/data/omar/m2/core/data.py:97: UserWarning: The given NumPy array is not writable, and PyTorch does not support non-writable tensors. This means writing to this tensor will result in undefined behavior. You may want to copy the array to protect its data or make it writable before converting it to a tensor. This type of warning will be suppressed for the rest of this program. (Triggered internally at /__w/pytorch/pytorch/torch/csrc/utils/tensor_numpy.cpp:213.)
  return (torch.from_numpy(np.ascontiguousarray(x)),
/data/omar/m2/core/data.py:97: UserWarning: The given NumPy array is not writable, and PyTorch does not support non-writable tensors. This means writing to this tensor will result in undefined behavior. You may want to copy the array to protect its data or make it writable before converting it to a tensor. This type of warning will be suppressed for the rest of this program. (Triggered internally at /__w/pytorch/pytorch/torch/csrc/utils/tensor_numpy.cpp:213.)
  return (torch.from_numpy(np.ascontiguousarray(x)),
/data/omar/m2/core/data.py:97: UserWarning: The given NumPy array is not writable, and PyTorch does not support non-writable tensors. This means writing to this tensor will result in undefined behavior. You may want to copy the array to protect its data or make it writable before converting it to a tensor. This type of warning will be suppressed for the rest of this program. (Triggered internally at /__w/pytorch/pytorch/torch/csrc/utils/tensor_numpy.cpp:213.)
  return (torch.from_numpy(np.ascontiguousarray(x)),
/data/omar/m2/core/data.py:97: UserWarning: The given NumPy array is not writable, and PyTorch does not support non-writable tensors. This means writing to this tensor will result in undefined behavior. You may want to copy the array to protect its data or make it writable before converting it to a tensor. This type of warning will be suppressed for the rest of this program. (Triggered internally at /__w/pytorch/pytorch/torch/csrc/utils/tensor_numpy.cpp:213.)
  return (torch.from_numpy(np.ascontiguousarray(x)),
/data/omar/m2/core/data.py:97: UserWarning: The given NumPy array is not writable, and PyTorch does not support non-writable tensors. This means writing to this tensor will result in undefined behavior. You may want to copy the array to protect its data or make it writable before converting it to a tensor. This type of warning will be suppressed for the rest of this program. (Triggered internally at /__w/pytorch/pytorch/torch/csrc/utils/tensor_numpy.cpp:213.)
  return (torch.from_numpy(np.ascontiguousarray(x)),
19:51:00 == epoch 9 deep: bacc10 0.2839 bacc1 0.0427 grid 0.3057@(1.0, 0.5) | broad: bacc10 0.3395 bacc1 0.0511 grid 0.3430@(1.0, 0.0)
/data/omar/m2/core/data.py:97: UserWarning: The given NumPy array is not writable, and PyTorch does not support non-writable tensors. This means writing to this tensor will result in undefined behavior. You may want to copy the array to protect its data or make it writable before converting it to a tensor. This type of warning will be suppressed for the rest of this program. (Triggered internally at /__w/pytorch/pytorch/torch/csrc/utils/tensor_numpy.cpp:213.)
  return (torch.from_numpy(np.ascontiguousarray(x)),
/data/omar/m2/core/data.py:97: UserWarning: The given NumPy array is not writable, and PyTorch does not support non-writable tensors. This means writing to this tensor will result in undefined behavior. You may want to copy the array to protect its data or make it writable before converting it to a tensor. This type of warning will be suppressed for the rest of this program. (Triggered internally at /__w/pytorch/pytorch/torch/csrc/utils/tensor_numpy.cpp:213.)
  return (torch.from_numpy(np.ascontiguousarray(x)),
/data/omar/m2/core/data.py:97: UserWarning: The given NumPy array is not writable, and PyTorch does not support non-writable tensors. This means writing to this tensor will result in undefined behavior. You may want to copy the array to protect its data or make it writable before converting it to a tensor. This type of warning will be suppressed for the rest of this program. (Triggered internally at /__w/pytorch/pytorch/torch/csrc/utils/tensor_numpy.cpp:213.)
  return (torch.from_numpy(np.ascontiguousarray(x)),
/data/omar/m2/core/data.py:97: UserWarning: The given NumPy array is not writable, and PyTorch does not support non-writable tensors. This means writing to this tensor will result in undefined behavior. You may want to copy the array to protect its data or make it writable before converting it to a tensor. This type of warning will be suppressed for the rest of this program. (Triggered internally at /__w/pytorch/pytorch/torch/csrc/utils/tensor_numpy.cpp:213.)
  return (torch.from_numpy(np.ascontiguousarray(x)),
/data/omar/m2/core/data.py:97: UserWarning: The given NumPy array is not writable, and PyTorch does not support non-writable tensors. This means writing to this tensor will result in undefined behavior. You may want to copy the array to protect its data or make it writable before converting it to a tensor. This type of warning will be suppressed for the rest of this program. (Triggered internally at /__w/pytorch/pytorch/torch/csrc/utils/tensor_numpy.cpp:213.)
  return (torch.from_numpy(np.ascontiguousarray(x)),
/data/omar/m2/core/data.py:97: UserWarning: The given NumPy array is not writable, and PyTorch does not support non-writable tensors. This means writing to this tensor will result in undefined behavior. You may want to copy the array to protect its data or make it writable before converting it to a tensor. This type of warning will be suppressed for the rest of this program. (Triggered internally at /__w/pytorch/pytorch/torch/csrc/utils/tensor_numpy.cpp:213.)
  return (torch.from_numpy(np.ascontiguousarray(x)),
/data/omar/m2/core/data.py:97: UserWarning: The given NumPy array is not writable, and PyTorch does not support non-writable tensors. This means writing to this tensor will result in undefined behavior. You may want to copy the array to protect its data or make it writable before converting it to a tensor. This type of warning will be suppressed for the rest of this program. (Triggered internally at /__w/pytorch/pytorch/torch/csrc/utils/tensor_numpy.cpp:213.)
  return (torch.from_numpy(np.ascontiguousarray(x)),
/data/omar/m2/core/data.py:97: UserWarning: The given NumPy array is not writable, and PyTorch does not support non-writable tensors. This means writing to this tensor will result in undefined behavior. You may want to copy the array to protect its data or make it writable before converting it to a tensor. This type of warning will be suppressed for the rest of this program. (Triggered internally at /__w/pytorch/pytorch/torch/csrc/utils/tensor_numpy.cpp:213.)
  return (torch.from_numpy(np.ascontiguousarray(x)),
/data/omar/m2/core/data.py:97: UserWarning: The given NumPy array is not writable, and PyTorch does not support non-writable tensors. This means writing to this tensor will result in undefined behavior. You may want to copy the array to protect its data or make it writable before converting it to a tensor. This type of warning will be suppressed for the rest of this program. (Triggered internally at /__w/pytorch/pytorch/torch/csrc/utils/tensor_numpy.cpp:213.)
  return (torch.from_numpy(np.ascontiguousarray(x)),
/data/omar/m2/core/data.py:97: UserWarning: The given NumPy array is not writable, and PyTorch does not support non-writable tensors. This means writing to this tensor will result in undefined behavior. You may want to copy the array to protect its data or make it writable before converting it to a tensor. This type of warning will be suppressed for the rest of this program. (Triggered internally at /__w/pytorch/pytorch/torch/csrc/utils/tensor_numpy.cpp:213.)
  return (torch.from_numpy(np.ascontiguousarray(x)),
/data/omar/m2/core/data.py:97: UserWarning: The given NumPy array is not writable, and PyTorch does not support non-writable tensors. This means writing to this tensor will result in undefined behavior. You may want to copy the array to protect its data or make it writable before converting it to a tensor. This type of warning will be suppressed for the rest of this program. (Triggered internally at /__w/pytorch/pytorch/torch/csrc/utils/tensor_numpy.cpp:213.)
  return (torch.from_numpy(np.ascontiguousarray(x)),
/data/omar/m2/core/data.py:97: UserWarning: The given NumPy array is not writable, and PyTorch does not support non-writable tensors. This means writing to this tensor will result in undefined behavior. You may want to copy the array to protect its data or make it writable before converting it to a tensor. This type of warning will be suppressed for the rest of this program. (Triggered internally at /__w/pytorch/pytorch/torch/csrc/utils/tensor_numpy.cpp:213.)
  return (torch.from_numpy(np.ascontiguousarray(x)),
19:51:16 ep 10 step 20100 loss 20.586 word 3.208 mean 31.786 sound 3.694 nb 1.881 lr x0.662 0.14s/step
19:51:29 ep 10 step 20200 loss 20.785 word 3.204 mean 32.195 sound 3.692 nb 1.884 lr x0.659 0.13s/step
19:51:41 ep 10 step 20300 loss 20.608 word 3.203 mean 31.834 sound 3.694 nb 1.898 lr x0.656 0.13s/step
19:51:54 ep 10 step 20400 loss 20.601 word 3.212 mean 31.810 sound 3.693 nb 1.878 lr x0.653 0.13s/step
19:52:07 ep 10 step 20500 loss 20.825 word 3.208 mean 32.263 sound 3.692 nb 1.889 lr x0.650 0.13s/step
19:52:20 ep 10 step 20600 loss 20.559 word 3.205 mean 31.733 sound 3.696 nb 1.889 lr x0.647 0.13s/step
19:52:32 ep 10 step 20700 loss 20.439 word 3.214 mean 31.478 sound 3.693 nb 1.887 lr x0.644 0.13s/step
19:52:45 ep 10 step 20800 loss 20.439 word 3.196 mean 31.507 sound 3.698 nb 1.901 lr x0.642 0.13s/step
19:52:58 ep 10 step 20900 loss 20.602 word 3.184 mean 31.863 sound 3.690 nb 1.896 lr x0.639 0.13s/step
19:53:11 ep 10 step 21000 loss 20.409 word 3.210 mean 31.422 sound 3.691 nb 1.903 lr x0.636 0.13s/step
19:53:24 ep 10 step 21100 loss 20.484 word 3.207 mean 31.581 sound 3.693 nb 1.893 lr x0.633 0.13s/step
19:53:36 ep 10 step 21200 loss 20.539 word 3.193 mean 31.728 sound 3.688 nb 1.880 lr x0.630 0.13s/step
19:53:49 ep 10 step 21300 loss 20.531 word 3.198 mean 31.694 sound 3.689 nb 1.896 lr x0.627 0.13s/step
19:54:02 ep 10 step 21400 loss 20.402 word 3.205 mean 31.417 sound 3.694 nb 1.902 lr x0.624 0.13s/step
19:54:15 ep 10 step 21500 loss 20.546 word 3.201 mean 31.710 sound 3.693 nb 1.910 lr x0.621 0.13s/step
19:54:27 ep 10 step 21600 loss 20.545 word 3.186 mean 31.750 sound 3.691 nb 1.881 lr x0.618 0.13s/step
19:54:40 ep 10 step 21700 loss 20.385 word 3.198 mean 31.397 sound 3.692 nb 1.904 lr x0.615 0.13s/step
19:54:53 ep 10 step 21800 loss 20.623 word 3.192 mean 31.891 sound 3.692 nb 1.891 lr x0.612 0.13s/step
19:55:06 ep 10 step 21900 loss 20.352 word 3.187 mean 31.357 sound 3.688 nb 1.902 lr x0.609 0.13s/step
19:55:18 ep 10 step 22000 loss 20.269 word 3.202 mean 31.163 sound 3.686 nb 1.900 lr x0.606 0.12s/step
/data/omar/m2/core/data.py:97: UserWarning: The given NumPy array is not writable, and PyTorch does not support non-writable tensors. This means writing to this tensor will result in undefined behavior. You may want to copy the array to protect its data or make it writable before converting it to a tensor. This type of warning will be suppressed for the rest of this program. (Triggered internally at /__w/pytorch/pytorch/torch/csrc/utils/tensor_numpy.cpp:213.)
  return (torch.from_numpy(np.ascontiguousarray(x)),
/data/omar/m2/core/data.py:97: UserWarning: The given NumPy array is not writable, and PyTorch does not support non-writable tensors. This means writing to this tensor will result in undefined behavior. You may want to copy the array to protect its data or make it writable before converting it to a tensor. This type of warning will be suppressed for the rest of this program. (Triggered internally at /__w/pytorch/pytorch/torch/csrc/utils/tensor_numpy.cpp:213.)
  return (torch.from_numpy(np.ascontiguousarray(x)),
/data/omar/m2/core/data.py:97: UserWarning: The given NumPy array is not writable, and PyTorch does not support non-writable tensors. This means writing to this tensor will result in undefined behavior. You may want to copy the array to protect its data or make it writable before converting it to a tensor. This type of warning will be suppressed for the rest of this program. (Triggered internally at /__w/pytorch/pytorch/torch/csrc/utils/tensor_numpy.cpp:213.)
  return (torch.from_numpy(np.ascontiguousarray(x)),
/data/omar/m2/core/data.py:97: UserWarning: The given NumPy array is not writable, and PyTorch does not support non-writable tensors. This means writing to this tensor will result in undefined behavior. You may want to copy the array to protect its data or make it writable before converting it to a tensor. This type of warning will be suppressed for the rest of this program. (Triggered internally at /__w/pytorch/pytorch/torch/csrc/utils/tensor_numpy.cpp:213.)
  return (torch.from_numpy(np.ascontiguousarray(x)),
/data/omar/m2/core/data.py:97: UserWarning: The given NumPy array is not writable, and PyTorch does not support non-writable tensors. This means writing to this tensor will result in undefined behavior. You may want to copy the array to protect its data or make it writable before converting it to a tensor. This type of warning will be suppressed for the rest of this program. (Triggered internally at /__w/pytorch/pytorch/torch/csrc/utils/tensor_numpy.cpp:213.)
  return (torch.from_numpy(np.ascontiguousarray(x)),
/data/omar/m2/core/data.py:97: UserWarning: The given NumPy array is not writable, and PyTorch does not support non-writable tensors. This means writing to this tensor will result in undefined behavior. You may want to copy the array to protect its data or make it writable before converting it to a tensor. This type of warning will be suppressed for the rest of this program. (Triggered internally at /__w/pytorch/pytorch/torch/csrc/utils/tensor_numpy.cpp:213.)
  return (torch.from_numpy(np.ascontiguousarray(x)),
/data/omar/m2/core/data.py:97: UserWarning: The given NumPy array is not writable, and PyTorch does not support non-writable tensors. This means writing to this tensor will result in undefined behavior. You may want to copy the array to protect its data or make it writable before converting it to a tensor. This type of warning will be suppressed for the rest of this program. (Triggered internally at /__w/pytorch/pytorch/torch/csrc/utils/tensor_numpy.cpp:213.)
  return (torch.from_numpy(np.ascontiguousarray(x)),
/data/omar/m2/core/data.py:97: UserWarning: The given NumPy array is not writable, and PyTorch does not support non-writable tensors. This means writing to this tensor will result in undefined behavior. You may want to copy the array to protect its data or make it writable before converting it to a tensor. This type of warning will be suppressed for the rest of this program. (Triggered internally at /__w/pytorch/pytorch/torch/csrc/utils/tensor_numpy.cpp:213.)
  return (torch.from_numpy(np.ascontiguousarray(x)),
19:55:21 == epoch 10 deep: bacc10 0.2944 bacc1 0.0411 grid 0.2953@(1.0, 0.0) | broad: bacc10 0.3375 bacc1 0.0532 grid 0.3490@(1.0, 0.0)
19:55:23 new best 0.3160 -> /data/omar/m2/d/r/v1/best.pt
/data/omar/m2/core/data.py:97: UserWarning: The given NumPy array is not writable, and PyTorch does not support non-writable tensors. This means writing to this tensor will result in undefined behavior. You may want to copy the array to protect its data or make it writable before converting it to a tensor. This type of warning will be suppressed for the rest of this program. (Triggered internally at /__w/pytorch/pytorch/torch/csrc/utils/tensor_numpy.cpp:213.)
  return (torch.from_numpy(np.ascontiguousarray(x)),
/data/omar/m2/core/data.py:97: UserWarning: The given NumPy array is not writable, and PyTorch does not support non-writable tensors. This means writing to this tensor will result in undefined behavior. You may want to copy the array to protect its data or make it writable before converting it to a tensor. This type of warning will be suppressed for the rest of this program. (Triggered internally at /__w/pytorch/pytorch/torch/csrc/utils/tensor_numpy.cpp:213.)
  return (torch.from_numpy(np.ascontiguousarray(x)),
/data/omar/m2/core/data.py:97: UserWarning: The given NumPy array is not writable, and PyTorch does not support non-writable tensors. This means writing to this tensor will result in undefined behavior. You may want to copy the array to protect its data or make it writable before converting it to a tensor. This type of warning will be suppressed for the rest of this program. (Triggered internally at /__w/pytorch/pytorch/torch/csrc/utils/tensor_numpy.cpp:213.)
  return (torch.from_numpy(np.ascontiguousarray(x)),
/data/omar/m2/core/data.py:97: UserWarning: The given NumPy array is not writable, and PyTorch does not support non-writable tensors. This means writing to this tensor will result in undefined behavior. You may want to copy the array to protect its data or make it writable before converting it to a tensor. This type of warning will be suppressed for the rest of this program. (Triggered internally at /__w/pytorch/pytorch/torch/csrc/utils/tensor_numpy.cpp:213.)
  return (torch.from_numpy(np.ascontiguousarray(x)),
/data/omar/m2/core/data.py:97: UserWarning: The given NumPy array is not writable, and PyTorch does not support non-writable tensors. This means writing to this tensor will result in undefined behavior. You may want to copy the array to protect its data or make it writable before converting it to a tensor. This type of warning will be suppressed for the rest of this program. (Triggered internally at /__w/pytorch/pytorch/torch/csrc/utils/tensor_numpy.cpp:213.)
  return (torch.from_numpy(np.ascontiguousarray(x)),
/data/omar/m2/core/data.py:97: UserWarning: The given NumPy array is not writable, and PyTorch does not support non-writable tensors. This means writing to this tensor will result in undefined behavior. You may want to copy the array to protect its data or make it writable before converting it to a tensor. This type of warning will be suppressed for the rest of this program. (Triggered internally at /__w/pytorch/pytorch/torch/csrc/utils/tensor_numpy.cpp:213.)
  return (torch.from_numpy(np.ascontiguousarray(x)),
/data/omar/m2/core/data.py:97: UserWarning: The given NumPy array is not writable, and PyTorch does not support non-writable tensors. This means writing to this tensor will result in undefined behavior. You may want to copy the array to protect its data or make it writable before converting it to a tensor. This type of warning will be suppressed for the rest of this program. (Triggered internally at /__w/pytorch/pytorch/torch/csrc/utils/tensor_numpy.cpp:213.)
  return (torch.from_numpy(np.ascontiguousarray(x)),
/data/omar/m2/core/data.py:97: UserWarning: The given NumPy array is not writable, and PyTorch does not support non-writable tensors. This means writing to this tensor will result in undefined behavior. You may want to copy the array to protect its data or make it writable before converting it to a tensor. This type of warning will be suppressed for the rest of this program. (Triggered internally at /__w/pytorch/pytorch/torch/csrc/utils/tensor_numpy.cpp:213.)
  return (torch.from_numpy(np.ascontiguousarray(x)),
/data/omar/m2/core/data.py:97: UserWarning: The given NumPy array is not writable, and PyTorch does not support non-writable tensors. This means writing to this tensor will result in undefined behavior. You may want to copy the array to protect its data or make it writable before converting it to a tensor. This type of warning will be suppressed for the rest of this program. (Triggered internally at /__w/pytorch/pytorch/torch/csrc/utils/tensor_numpy.cpp:213.)
  return (torch.from_numpy(np.ascontiguousarray(x)),
/data/omar/m2/core/data.py:97: UserWarning: The given NumPy array is not writable, and PyTorch does not support non-writable tensors. This means writing to this tensor will result in undefined behavior. You may want to copy the array to protect its data or make it writable before converting it to a tensor. This type of warning will be suppressed for the rest of this program. (Triggered internally at /__w/pytorch/pytorch/torch/csrc/utils/tensor_numpy.cpp:213.)
  return (torch.from_numpy(np.ascontiguousarray(x)),
/data/omar/m2/core/data.py:97: UserWarning: The given NumPy array is not writable, and PyTorch does not support non-writable tensors. This means writing to this tensor will result in undefined behavior. You may want to copy the array to protect its data or make it writable before converting it to a tensor. This type of warning will be suppressed for the rest of this program. (Triggered internally at /__w/pytorch/pytorch/torch/csrc/utils/tensor_numpy.cpp:213.)
  return (torch.from_numpy(np.ascontiguousarray(x)),
/data/omar/m2/core/data.py:97: UserWarning: The given NumPy array is not writable, and PyTorch does not support non-writable tensors. This means writing to this tensor will result in undefined behavior. You may want to copy the array to protect its data or make it writable before converting it to a tensor. This type of warning will be suppressed for the rest of this program. (Triggered internally at /__w/pytorch/pytorch/torch/csrc/utils/tensor_numpy.cpp:213.)
  return (torch.from_numpy(np.ascontiguousarray(x)),
19:55:38 ep 11 step 22100 loss 20.444 word 3.188 mean 31.542 sound 3.687 nb 1.892 lr x0.603 0.15s/step
19:55:51 ep 11 step 22200 loss 20.426 word 3.181 mean 31.516 sound 3.692 nb 1.900 lr x0.600 0.13s/step
19:56:04 ep 11 step 22300 loss 20.491 word 3.188 mean 31.633 sound 3.690 nb 1.899 lr x0.597 0.13s/step
19:56:16 ep 11 step 22400 loss 20.465 word 3.194 mean 31.569 sound 3.693 nb 1.893 lr x0.594 0.13s/step
19:56:29 ep 11 step 22500 loss 20.538 word 3.184 mean 31.748 sound 3.688 nb 1.869 lr x0.591 0.13s/step
19:56:42 ep 11 step 22600 loss 20.349 word 3.183 mean 31.364 sound 3.687 nb 1.889 lr x0.588 0.13s/step
19:56:54 ep 11 step 22700 loss 20.621 word 3.177 mean 31.928 sound 3.684 nb 1.877 lr x0.585 0.12s/step
19:57:07 ep 11 step 22800 loss 20.380 word 3.186 mean 31.420 sound 3.689 nb 1.886 lr x0.582 0.13s/step
19:57:19 ep 11 step 22900 loss 20.276 word 3.180 mean 31.222 sound 3.691 nb 1.891 lr x0.579 0.13s/step
19:57:32 ep 11 step 23000 loss 20.195 word 3.182 mean 31.061 sound 3.693 nb 1.873 lr x0.576 0.13s/step
19:57:45 ep 11 step 23100 loss 20.352 word 3.170 mean 31.394 sound 3.691 nb 1.886 lr x0.573 0.13s/step
19:57:57 ep 11 step 23200 loss 20.323 word 3.168 mean 31.341 sound 3.691 nb 1.886 lr x0.570 0.12s/step
19:58:10 ep 11 step 23300 loss 20.242 word 3.173 mean 31.170 sound 3.689 nb 1.883 lr x0.567 0.13s/step
19:58:23 ep 11 step 23400 loss 20.340 word 3.172 mean 31.370 sound 3.685 nb 1.887 lr x0.564 0.13s/step
19:58:35 ep 11 step 23500 loss 20.106 word 3.180 mean 30.883 sound 3.691 nb 1.890 lr x0.561 0.12s/step
19:58:48 ep 11 step 23600 loss 20.133 word 3.175 mean 30.948 sound 3.688 nb 1.888 lr x0.558 0.12s/step
19:59:00 ep 11 step 23700 loss 20.140 word 3.169 mean 30.977 sound 3.683 nb 1.888 lr x0.555 0.13s/step
19:59:13 ep 11 step 23800 loss 20.244 word 3.165 mean 31.199 sound 3.685 nb 1.870 lr x0.552 0.13s/step
19:59:26 ep 11 step 23900 loss 20.283 word 3.169 mean 31.265 sound 3.685 nb 1.878 lr x0.549 0.13s/step
19:59:38 ep 11 step 24000 loss 19.921 word 3.163 mean 30.549 sound 3.687 nb 1.889 lr x0.545 0.12s/step
/data/omar/m2/core/data.py:97: UserWarning: The given NumPy array is not writable, and PyTorch does not support non-writable tensors. This means writing to this tensor will result in undefined behavior. You may want to copy the array to protect its data or make it writable before converting it to a tensor. This type of warning will be suppressed for the rest of this program. (Triggered internally at /__w/pytorch/pytorch/torch/csrc/utils/tensor_numpy.cpp:213.)
  return (torch.from_numpy(np.ascontiguousarray(x)),
/data/omar/m2/core/data.py:97: UserWarning: The given NumPy array is not writable, and PyTorch does not support non-writable tensors. This means writing to this tensor will result in undefined behavior. You may want to copy the array to protect its data or make it writable before converting it to a tensor. This type of warning will be suppressed for the rest of this program. (Triggered internally at /__w/pytorch/pytorch/torch/csrc/utils/tensor_numpy.cpp:213.)
  return (torch.from_numpy(np.ascontiguousarray(x)),
/data/omar/m2/core/data.py:97: UserWarning: The given NumPy array is not writable, and PyTorch does not support non-writable tensors. This means writing to this tensor will result in undefined behavior. You may want to copy the array to protect its data or make it writable before converting it to a tensor. This type of warning will be suppressed for the rest of this program. (Triggered internally at /__w/pytorch/pytorch/torch/csrc/utils/tensor_numpy.cpp:213.)
  return (torch.from_numpy(np.ascontiguousarray(x)),
/data/omar/m2/core/data.py:97: UserWarning: The given NumPy array is not writable, and PyTorch does not support non-writable tensors. This means writing to this tensor will result in undefined behavior. You may want to copy the array to protect its data or make it writable before converting it to a tensor. This type of warning will be suppressed for the rest of this program. (Triggered internally at /__w/pytorch/pytorch/torch/csrc/utils/tensor_numpy.cpp:213.)
  return (torch.from_numpy(np.ascontiguousarray(x)),
/data/omar/m2/core/data.py:97: UserWarning: The given NumPy array is not writable, and PyTorch does not support non-writable tensors. This means writing to this tensor will result in undefined behavior. You may want to copy the array to protect its data or make it writable before converting it to a tensor. This type of warning will be suppressed for the rest of this program. (Triggered internally at /__w/pytorch/pytorch/torch/csrc/utils/tensor_numpy.cpp:213.)
  return (torch.from_numpy(np.ascontiguousarray(x)),
/data/omar/m2/core/data.py:97: UserWarning: The given NumPy array is not writable, and PyTorch does not support non-writable tensors. This means writing to this tensor will result in undefined behavior. You may want to copy the array to protect its data or make it writable before converting it to a tensor. This type of warning will be suppressed for the rest of this program. (Triggered internally at /__w/pytorch/pytorch/torch/csrc/utils/tensor_numpy.cpp:213.)
  return (torch.from_numpy(np.ascontiguousarray(x)),
/data/omar/m2/core/data.py:97: UserWarning: The given NumPy array is not writable, and PyTorch does not support non-writable tensors. This means writing to this tensor will result in undefined behavior. You may want to copy the array to protect its data or make it writable before converting it to a tensor. This type of warning will be suppressed for the rest of this program. (Triggered internally at /__w/pytorch/pytorch/torch/csrc/utils/tensor_numpy.cpp:213.)
  return (torch.from_numpy(np.ascontiguousarray(x)),
/data/omar/m2/core/data.py:97: UserWarning: The given NumPy array is not writable, and PyTorch does not support non-writable tensors. This means writing to this tensor will result in undefined behavior. You may want to copy the array to protect its data or make it writable before converting it to a tensor. This type of warning will be suppressed for the rest of this program. (Triggered internally at /__w/pytorch/pytorch/torch/csrc/utils/tensor_numpy.cpp:213.)
  return (torch.from_numpy(np.ascontiguousarray(x)),
19:59:41 == epoch 11 deep: bacc10 0.3007 bacc1 0.0454 grid 0.3026@(1.0, 0.0) | broad: bacc10 0.3423 bacc1 0.0513 grid 0.3561@(1.0, 0.0)
19:59:42 new best 0.3215 -> /data/omar/m2/d/r/v1/best.pt
/data/omar/m2/core/data.py:97: UserWarning: The given NumPy array is not writable, and PyTorch does not support non-writable tensors. This means writing to this tensor will result in undefined behavior. You may want to copy the array to protect its data or make it writable before converting it to a tensor. This type of warning will be suppressed for the rest of this program. (Triggered internally at /__w/pytorch/pytorch/torch/csrc/utils/tensor_numpy.cpp:213.)
  return (torch.from_numpy(np.ascontiguousarray(x)),
/data/omar/m2/core/data.py:97: UserWarning: The given NumPy array is not writable, and PyTorch does not support non-writable tensors. This means writing to this tensor will result in undefined behavior. You may want to copy the array to protect its data or make it writable before converting it to a tensor. This type of warning will be suppressed for the rest of this program. (Triggered internally at /__w/pytorch/pytorch/torch/csrc/utils/tensor_numpy.cpp:213.)
  return (torch.from_numpy(np.ascontiguousarray(x)),
/data/omar/m2/core/data.py:97: UserWarning: The given NumPy array is not writable, and PyTorch does not support non-writable tensors. This means writing to this tensor will result in undefined behavior. You may want to copy the array to protect its data or make it writable before converting it to a tensor. This type of warning will be suppressed for the rest of this program. (Triggered internally at /__w/pytorch/pytorch/torch/csrc/utils/tensor_numpy.cpp:213.)
  return (torch.from_numpy(np.ascontiguousarray(x)),
/data/omar/m2/core/data.py:97: UserWarning: The given NumPy array is not writable, and PyTorch does not support non-writable tensors. This means writing to this tensor will result in undefined behavior. You may want to copy the array to protect its data or make it writable before converting it to a tensor. This type of warning will be suppressed for the rest of this program. (Triggered internally at /__w/pytorch/pytorch/torch/csrc/utils/tensor_numpy.cpp:213.)
  return (torch.from_numpy(np.ascontiguousarray(x)),
/data/omar/m2/core/data.py:97: UserWarning: The given NumPy array is not writable, and PyTorch does not support non-writable tensors. This means writing to this tensor will result in undefined behavior. You may want to copy the array to protect its data or make it writable before converting it to a tensor. This type of warning will be suppressed for the rest of this program. (Triggered internally at /__w/pytorch/pytorch/torch/csrc/utils/tensor_numpy.cpp:213.)
  return (torch.from_numpy(np.ascontiguousarray(x)),
/data/omar/m2/core/data.py:97: UserWarning: The given NumPy array is not writable, and PyTorch does not support non-writable tensors. This means writing to this tensor will result in undefined behavior. You may want to copy the array to protect its data or make it writable before converting it to a tensor. This type of warning will be suppressed for the rest of this program. (Triggered internally at /__w/pytorch/pytorch/torch/csrc/utils/tensor_numpy.cpp:213.)
  return (torch.from_numpy(np.ascontiguousarray(x)),
/data/omar/m2/core/data.py:97: UserWarning: The given NumPy array is not writable, and PyTorch does not support non-writable tensors. This means writing to this tensor will result in undefined behavior. You may want to copy the array to protect its data or make it writable before converting it to a tensor. This type of warning will be suppressed for the rest of this program. (Triggered internally at /__w/pytorch/pytorch/torch/csrc/utils/tensor_numpy.cpp:213.)
  return (torch.from_numpy(np.ascontiguousarray(x)),
/data/omar/m2/core/data.py:97: UserWarning: The given NumPy array is not writable, and PyTorch does not support non-writable tensors. This means writing to this tensor will result in undefined behavior. You may want to copy the array to protect its data or make it writable before converting it to a tensor. This type of warning will be suppressed for the rest of this program. (Triggered internally at /__w/pytorch/pytorch/torch/csrc/utils/tensor_numpy.cpp:213.)
  return (torch.from_numpy(np.ascontiguousarray(x)),
/data/omar/m2/core/data.py:97: UserWarning: The given NumPy array is not writable, and PyTorch does not support non-writable tensors. This means writing to this tensor will result in undefined behavior. You may want to copy the array to protect its data or make it writable before converting it to a tensor. This type of warning will be suppressed for the rest of this program. (Triggered internally at /__w/pytorch/pytorch/torch/csrc/utils/tensor_numpy.cpp:213.)
  return (torch.from_numpy(np.ascontiguousarray(x)),
/data/omar/m2/core/data.py:97: UserWarning: The given NumPy array is not writable, and PyTorch does not support non-writable tensors. This means writing to this tensor will result in undefined behavior. You may want to copy the array to protect its data or make it writable before converting it to a tensor. This type of warning will be suppressed for the rest of this program. (Triggered internally at /__w/pytorch/pytorch/torch/csrc/utils/tensor_numpy.cpp:213.)
  return (torch.from_numpy(np.ascontiguousarray(x)),
/data/omar/m2/core/data.py:97: UserWarning: The given NumPy array is not writable, and PyTorch does not support non-writable tensors. This means writing to this tensor will result in undefined behavior. You may want to copy the array to protect its data or make it writable before converting it to a tensor. This type of warning will be suppressed for the rest of this program. (Triggered internally at /__w/pytorch/pytorch/torch/csrc/utils/tensor_numpy.cpp:213.)
  return (torch.from_numpy(np.ascontiguousarray(x)),
/data/omar/m2/core/data.py:97: UserWarning: The given NumPy array is not writable, and PyTorch does not support non-writable tensors. This means writing to this tensor will result in undefined behavior. You may want to copy the array to protect its data or make it writable before converting it to a tensor. This type of warning will be suppressed for the rest of this program. (Triggered internally at /__w/pytorch/pytorch/torch/csrc/utils/tensor_numpy.cpp:213.)
  return (torch.from_numpy(np.ascontiguousarray(x)),
19:59:57 ep 12 step 24100 loss 20.189 word 3.162 mean 31.082 sound 3.687 nb 1.901 lr x0.542 0.14s/step
20:00:10 ep 12 step 24200 loss 20.156 word 3.164 mean 31.013 sound 3.687 nb 1.896 lr x0.539 0.13s/step
20:00:23 ep 12 step 24300 loss 20.323 word 3.157 mean 31.367 sound 3.684 nb 1.886 lr x0.536 0.13s/step
20:00:35 ep 12 step 24400 loss 20.112 word 3.153 mean 30.953 sound 3.684 nb 1.888 lr x0.533 0.13s/step
20:00:48 ep 12 step 24500 loss 20.161 word 3.153 mean 31.050 sound 3.685 nb 1.884 lr x0.530 0.13s/step
20:01:01 ep 12 step 24600 loss 19.948 word 3.161 mean 30.614 sound 3.683 nb 1.876 lr x0.527 0.13s/step
20:01:13 ep 12 step 24700 loss 20.013 word 3.155 mean 30.752 sound 3.682 nb 1.889 lr x0.524 0.12s/step
20:01:26 ep 12 step 24800 loss 20.183 word 3.158 mean 31.078 sound 3.692 nb 1.892 lr x0.521 0.12s/step
20:01:38 ep 12 step 24900 loss 20.343 word 3.144 mean 31.433 sound 3.683 nb 1.888 lr x0.518 0.13s/step
20:01:51 ep 12 step 25000 loss 20.147 word 3.154 mean 31.019 sound 3.685 nb 1.891 lr x0.515 0.13s/step
20:02:03 ep 12 step 25100 loss 20.054 word 3.145 mean 30.850 sound 3.688 nb 1.883 lr x0.512 0.12s/step
20:02:16 ep 12 step 25200 loss 20.293 word 3.147 mean 31.330 sound 3.684 nb 1.879 lr x0.509 0.13s/step
20:02:29 ep 12 step 25300 loss 20.382 word 3.146 mean 31.516 sound 3.684 nb 1.861 lr x0.506 0.13s/step
20:02:42 ep 12 step 25400 loss 20.083 word 3.159 mean 30.882 sound 3.688 nb 1.884 lr x0.503 0.13s/step
20:02:54 ep 12 step 25500 loss 20.147 word 3.149 mean 31.036 sound 3.683 nb 1.877 lr x0.500 0.13s/step
20:03:07 ep 12 step 25600 loss 20.241 word 3.141 mean 31.240 sound 3.684 nb 1.873 lr x0.497 0.13s/step
20:03:20 ep 12 step 25700 loss 20.150 word 3.138 mean 31.060 sound 3.685 nb 1.884 lr x0.494 0.13s/step
20:03:32 ep 12 step 25800 loss 19.824 word 3.154 mean 30.386 sound 3.684 nb 1.858 lr x0.491 0.13s/step
20:03:46 ep 12 step 25900 loss 20.056 word 3.125 mean 30.901 sound 3.684 nb 1.877 lr x0.488 0.13s/step
20:03:57 ep 12 step 26000 loss 19.922 word 3.143 mean 30.586 sound 3.685 nb 1.900 lr x0.485 0.12s/step
/data/omar/m2/core/data.py:97: UserWarning: The given NumPy array is not writable, and PyTorch does not support non-writable tensors. This means writing to this tensor will result in undefined behavior. You may want to copy the array to protect its data or make it writable before converting it to a tensor. This type of warning will be suppressed for the rest of this program. (Triggered internally at /__w/pytorch/pytorch/torch/csrc/utils/tensor_numpy.cpp:213.)
  return (torch.from_numpy(np.ascontiguousarray(x)),
/data/omar/m2/core/data.py:97: UserWarning: The given NumPy array is not writable, and PyTorch does not support non-writable tensors. This means writing to this tensor will result in undefined behavior. You may want to copy the array to protect its data or make it writable before converting it to a tensor. This type of warning will be suppressed for the rest of this program. (Triggered internally at /__w/pytorch/pytorch/torch/csrc/utils/tensor_numpy.cpp:213.)
  return (torch.from_numpy(np.ascontiguousarray(x)),
/data/omar/m2/core/data.py:97: UserWarning: The given NumPy array is not writable, and PyTorch does not support non-writable tensors. This means writing to this tensor will result in undefined behavior. You may want to copy the array to protect its data or make it writable before converting it to a tensor. This type of warning will be suppressed for the rest of this program. (Triggered internally at /__w/pytorch/pytorch/torch/csrc/utils/tensor_numpy.cpp:213.)
  return (torch.from_numpy(np.ascontiguousarray(x)),
/data/omar/m2/core/data.py:97: UserWarning: The given NumPy array is not writable, and PyTorch does not support non-writable tensors. This means writing to this tensor will result in undefined behavior. You may want to copy the array to protect its data or make it writable before converting it to a tensor. This type of warning will be suppressed for the rest of this program. (Triggered internally at /__w/pytorch/pytorch/torch/csrc/utils/tensor_numpy.cpp:213.)
  return (torch.from_numpy(np.ascontiguousarray(x)),
/data/omar/m2/core/data.py:97: UserWarning: The given NumPy array is not writable, and PyTorch does not support non-writable tensors. This means writing to this tensor will result in undefined behavior. You may want to copy the array to protect its data or make it writable before converting it to a tensor. This type of warning will be suppressed for the rest of this program. (Triggered internally at /__w/pytorch/pytorch/torch/csrc/utils/tensor_numpy.cpp:213.)
  return (torch.from_numpy(np.ascontiguousarray(x)),
/data/omar/m2/core/data.py:97: UserWarning: The given NumPy array is not writable, and PyTorch does not support non-writable tensors. This means writing to this tensor will result in undefined behavior. You may want to copy the array to protect its data or make it writable before converting it to a tensor. This type of warning will be suppressed for the rest of this program. (Triggered internally at /__w/pytorch/pytorch/torch/csrc/utils/tensor_numpy.cpp:213.)
  return (torch.from_numpy(np.ascontiguousarray(x)),
/data/omar/m2/core/data.py:97: UserWarning: The given NumPy array is not writable, and PyTorch does not support non-writable tensors. This means writing to this tensor will result in undefined behavior. You may want to copy the array to protect its data or make it writable before converting it to a tensor. This type of warning will be suppressed for the rest of this program. (Triggered internally at /__w/pytorch/pytorch/torch/csrc/utils/tensor_numpy.cpp:213.)
  return (torch.from_numpy(np.ascontiguousarray(x)),
/data/omar/m2/core/data.py:97: UserWarning: The given NumPy array is not writable, and PyTorch does not support non-writable tensors. This means writing to this tensor will result in undefined behavior. You may want to copy the array to protect its data or make it writable before converting it to a tensor. This type of warning will be suppressed for the rest of this program. (Triggered internally at /__w/pytorch/pytorch/torch/csrc/utils/tensor_numpy.cpp:213.)
  return (torch.from_numpy(np.ascontiguousarray(x)),
20:04:01 == epoch 12 deep: bacc10 0.3145 bacc1 0.0471 grid 0.3199@(1.0, 0.5) | broad: bacc10 0.3410 bacc1 0.0494 grid 0.3500@(1.0, 0.0)
20:04:03 new best 0.3278 -> /data/omar/m2/d/r/v1/best.pt
/data/omar/m2/core/data.py:97: UserWarning: The given NumPy array is not writable, and PyTorch does not support non-writable tensors. This means writing to this tensor will result in undefined behavior. You may want to copy the array to protect its data or make it writable before converting it to a tensor. This type of warning will be suppressed for the rest of this program. (Triggered internally at /__w/pytorch/pytorch/torch/csrc/utils/tensor_numpy.cpp:213.)
  return (torch.from_numpy(np.ascontiguousarray(x)),
/data/omar/m2/core/data.py:97: UserWarning: The given NumPy array is not writable, and PyTorch does not support non-writable tensors. This means writing to this tensor will result in undefined behavior. You may want to copy the array to protect its data or make it writable before converting it to a tensor. This type of warning will be suppressed for the rest of this program. (Triggered internally at /__w/pytorch/pytorch/torch/csrc/utils/tensor_numpy.cpp:213.)
  return (torch.from_numpy(np.ascontiguousarray(x)),
/data/omar/m2/core/data.py:97: UserWarning: The given NumPy array is not writable, and PyTorch does not support non-writable tensors. This means writing to this tensor will result in undefined behavior. You may want to copy the array to protect its data or make it writable before converting it to a tensor. This type of warning will be suppressed for the rest of this program. (Triggered internally at /__w/pytorch/pytorch/torch/csrc/utils/tensor_numpy.cpp:213.)
  return (torch.from_numpy(np.ascontiguousarray(x)),
/data/omar/m2/core/data.py:97: UserWarning: The given NumPy array is not writable, and PyTorch does not support non-writable tensors. This means writing to this tensor will result in undefined behavior. You may want to copy the array to protect its data or make it writable before converting it to a tensor. This type of warning will be suppressed for the rest of this program. (Triggered internally at /__w/pytorch/pytorch/torch/csrc/utils/tensor_numpy.cpp:213.)
  return (torch.from_numpy(np.ascontiguousarray(x)),
/data/omar/m2/core/data.py:97: UserWarning: The given NumPy array is not writable, and PyTorch does not support non-writable tensors. This means writing to this tensor will result in undefined behavior. You may want to copy the array to protect its data or make it writable before converting it to a tensor. This type of warning will be suppressed for the rest of this program. (Triggered internally at /__w/pytorch/pytorch/torch/csrc/utils/tensor_numpy.cpp:213.)
  return (torch.from_numpy(np.ascontiguousarray(x)),
/data/omar/m2/core/data.py:97: UserWarning: The given NumPy array is not writable, and PyTorch does not support non-writable tensors. This means writing to this tensor will result in undefined behavior. You may want to copy the array to protect its data or make it writable before converting it to a tensor. This type of warning will be suppressed for the rest of this program. (Triggered internally at /__w/pytorch/pytorch/torch/csrc/utils/tensor_numpy.cpp:213.)
  return (torch.from_numpy(np.ascontiguousarray(x)),
/data/omar/m2/core/data.py:97: UserWarning: The given NumPy array is not writable, and PyTorch does not support non-writable tensors. This means writing to this tensor will result in undefined behavior. You may want to copy the array to protect its data or make it writable before converting it to a tensor. This type of warning will be suppressed for the rest of this program. (Triggered internally at /__w/pytorch/pytorch/torch/csrc/utils/tensor_numpy.cpp:213.)
  return (torch.from_numpy(np.ascontiguousarray(x)),
/data/omar/m2/core/data.py:97: UserWarning: The given NumPy array is not writable, and PyTorch does not support non-writable tensors. This means writing to this tensor will result in undefined behavior. You may want to copy the array to protect its data or make it writable before converting it to a tensor. This type of warning will be suppressed for the rest of this program. (Triggered internally at /__w/pytorch/pytorch/torch/csrc/utils/tensor_numpy.cpp:213.)
  return (torch.from_numpy(np.ascontiguousarray(x)),
/data/omar/m2/core/data.py:97: UserWarning: The given NumPy array is not writable, and PyTorch does not support non-writable tensors. This means writing to this tensor will result in undefined behavior. You may want to copy the array to protect its data or make it writable before converting it to a tensor. This type of warning will be suppressed for the rest of this program. (Triggered internally at /__w/pytorch/pytorch/torch/csrc/utils/tensor_numpy.cpp:213.)
  return (torch.from_numpy(np.ascontiguousarray(x)),
/data/omar/m2/core/data.py:97: UserWarning: The given NumPy array is not writable, and PyTorch does not support non-writable tensors. This means writing to this tensor will result in undefined behavior. You may want to copy the array to protect its data or make it writable before converting it to a tensor. This type of warning will be suppressed for the rest of this program. (Triggered internally at /__w/pytorch/pytorch/torch/csrc/utils/tensor_numpy.cpp:213.)
  return (torch.from_numpy(np.ascontiguousarray(x)),
/data/omar/m2/core/data.py:97: UserWarning: The given NumPy array is not writable, and PyTorch does not support non-writable tensors. This means writing to this tensor will result in undefined behavior. You may want to copy the array to protect its data or make it writable before converting it to a tensor. This type of warning will be suppressed for the rest of this program. (Triggered internally at /__w/pytorch/pytorch/torch/csrc/utils/tensor_numpy.cpp:213.)
  return (torch.from_numpy(np.ascontiguousarray(x)),
/data/omar/m2/core/data.py:97: UserWarning: The given NumPy array is not writable, and PyTorch does not support non-writable tensors. This means writing to this tensor will result in undefined behavior. You may want to copy the array to protect its data or make it writable before converting it to a tensor. This type of warning will be suppressed for the rest of this program. (Triggered internally at /__w/pytorch/pytorch/torch/csrc/utils/tensor_numpy.cpp:213.)
  return (torch.from_numpy(np.ascontiguousarray(x)),
20:04:18 ep 13 step 26100 loss 19.986 word 3.141 mean 30.731 sound 3.682 nb 1.875 lr x0.482 0.15s/step
20:04:31 ep 13 step 26200 loss 20.131 word 3.121 mean 31.067 sound 3.680 nb 1.862 lr x0.478 0.13s/step
20:04:44 ep 13 step 26300 loss 19.940 word 3.135 mean 30.645 sound 3.683 nb 1.888 lr x0.475 0.13s/step
20:04:56 ep 13 step 26400 loss 19.692 word 3.138 mean 30.143 sound 3.685 nb 1.886 lr x0.472 0.12s/step
20:05:09 ep 13 step 26500 loss 20.002 word 3.120 mean 30.805 sound 3.680 nb 1.876 lr x0.469 0.13s/step
20:05:21 ep 13 step 26600 loss 20.017 word 3.138 mean 30.794 sound 3.682 nb 1.887 lr x0.466 0.13s/step
20:05:34 ep 13 step 26700 loss 19.965 word 3.131 mean 30.716 sound 3.682 nb 1.859 lr x0.463 0.13s/step
20:05:47 ep 13 step 26800 loss 20.046 word 3.123 mean 30.886 sound 3.680 nb 1.876 lr x0.460 0.13s/step
20:06:00 ep 13 step 26900 loss 20.014 word 3.119 mean 30.839 sound 3.680 nb 1.859 lr x0.457 0.13s/step
20:06:12 ep 13 step 27000 loss 19.770 word 3.130 mean 30.320 sound 3.679 nb 1.881 lr x0.454 0.13s/step
20:06:25 ep 13 step 27100 loss 19.837 word 3.132 mean 30.453 sound 3.680 nb 1.873 lr x0.451 0.13s/step
20:06:38 ep 13 step 27200 loss 19.935 word 3.117 mean 30.683 sound 3.682 nb 1.861 lr x0.448 0.13s/step
20:06:51 ep 13 step 27300 loss 19.748 word 3.124 mean 30.285 sound 3.683 nb 1.886 lr x0.445 0.13s/step
20:07:03 ep 13 step 27400 loss 19.702 word 3.123 mean 30.195 sound 3.681 nb 1.884 lr x0.442 0.13s/step
20:07:16 ep 13 step 27500 loss 19.855 word 3.132 mean 30.489 sound 3.681 nb 1.874 lr x0.439 0.13s/step
20:07:29 ep 13 step 27600 loss 19.852 word 3.113 mean 30.521 sound 3.681 nb 1.871 lr x0.436 0.13s/step
20:07:41 ep 13 step 27700 loss 19.585 word 3.119 mean 29.979 sound 3.681 nb 1.861 lr x0.433 0.13s/step
20:07:54 ep 13 step 27800 loss 20.015 word 3.101 mean 30.874 sound 3.681 nb 1.863 lr x0.430 0.13s/step
20:08:07 ep 13 step 27900 loss 19.682 word 3.116 mean 30.176 sound 3.677 nb 1.876 lr x0.427 0.13s/step
20:08:19 ep 13 step 28000 loss 19.674 word 3.121 mean 30.150 sound 3.682 nb 1.867 lr x0.424 0.12s/step
/data/omar/m2/core/data.py:97: UserWarning: The given NumPy array is not writable, and PyTorch does not support non-writable tensors. This means writing to this tensor will result in undefined behavior. You may want to copy the array to protect its data or make it writable before converting it to a tensor. This type of warning will be suppressed for the rest of this program. (Triggered internally at /__w/pytorch/pytorch/torch/csrc/utils/tensor_numpy.cpp:213.)
  return (torch.from_numpy(np.ascontiguousarray(x)),
/data/omar/m2/core/data.py:97: UserWarning: The given NumPy array is not writable, and PyTorch does not support non-writable tensors. This means writing to this tensor will result in undefined behavior. You may want to copy the array to protect its data or make it writable before converting it to a tensor. This type of warning will be suppressed for the rest of this program. (Triggered internally at /__w/pytorch/pytorch/torch/csrc/utils/tensor_numpy.cpp:213.)
  return (torch.from_numpy(np.ascontiguousarray(x)),
/data/omar/m2/core/data.py:97: UserWarning: The given NumPy array is not writable, and PyTorch does not support non-writable tensors. This means writing to this tensor will result in undefined behavior. You may want to copy the array to protect its data or make it writable before converting it to a tensor. This type of warning will be suppressed for the rest of this program. (Triggered internally at /__w/pytorch/pytorch/torch/csrc/utils/tensor_numpy.cpp:213.)
  return (torch.from_numpy(np.ascontiguousarray(x)),
/data/omar/m2/core/data.py:97: UserWarning: The given NumPy array is not writable, and PyTorch does not support non-writable tensors. This means writing to this tensor will result in undefined behavior. You may want to copy the array to protect its data or make it writable before converting it to a tensor. This type of warning will be suppressed for the rest of this program. (Triggered internally at /__w/pytorch/pytorch/torch/csrc/utils/tensor_numpy.cpp:213.)
  return (torch.from_numpy(np.ascontiguousarray(x)),
/data/omar/m2/core/data.py:97: UserWarning: The given NumPy array is not writable, and PyTorch does not support non-writable tensors. This means writing to this tensor will result in undefined behavior. You may want to copy the array to protect its data or make it writable before converting it to a tensor. This type of warning will be suppressed for the rest of this program. (Triggered internally at /__w/pytorch/pytorch/torch/csrc/utils/tensor_numpy.cpp:213.)
  return (torch.from_numpy(np.ascontiguousarray(x)),
/data/omar/m2/core/data.py:97: UserWarning: The given NumPy array is not writable, and PyTorch does not support non-writable tensors. This means writing to this tensor will result in undefined behavior. You may want to copy the array to protect its data or make it writable before converting it to a tensor. This type of warning will be suppressed for the rest of this program. (Triggered internally at /__w/pytorch/pytorch/torch/csrc/utils/tensor_numpy.cpp:213.)
  return (torch.from_numpy(np.ascontiguousarray(x)),
/data/omar/m2/core/data.py:97: UserWarning: The given NumPy array is not writable, and PyTorch does not support non-writable tensors. This means writing to this tensor will result in undefined behavior. You may want to copy the array to protect its data or make it writable before converting it to a tensor. This type of warning will be suppressed for the rest of this program. (Triggered internally at /__w/pytorch/pytorch/torch/csrc/utils/tensor_numpy.cpp:213.)
  return (torch.from_numpy(np.ascontiguousarray(x)),
/data/omar/m2/core/data.py:97: UserWarning: The given NumPy array is not writable, and PyTorch does not support non-writable tensors. This means writing to this tensor will result in undefined behavior. You may want to copy the array to protect its data or make it writable before converting it to a tensor. This type of warning will be suppressed for the rest of this program. (Triggered internally at /__w/pytorch/pytorch/torch/csrc/utils/tensor_numpy.cpp:213.)
  return (torch.from_numpy(np.ascontiguousarray(x)),
20:08:22 == epoch 13 deep: bacc10 0.3111 bacc1 0.0480 grid 0.3383@(1.0, 0.0) | broad: bacc10 0.3286 bacc1 0.0485 grid 0.3450@(1.0, 0.0)
/data/omar/m2/core/data.py:97: UserWarning: The given NumPy array is not writable, and PyTorch does not support non-writable tensors. This means writing to this tensor will result in undefined behavior. You may want to copy the array to protect its data or make it writable before converting it to a tensor. This type of warning will be suppressed for the rest of this program. (Triggered internally at /__w/pytorch/pytorch/torch/csrc/utils/tensor_numpy.cpp:213.)
  return (torch.from_numpy(np.ascontiguousarray(x)),
/data/omar/m2/core/data.py:97: UserWarning: The given NumPy array is not writable, and PyTorch does not support non-writable tensors. This means writing to this tensor will result in undefined behavior. You may want to copy the array to protect its data or make it writable before converting it to a tensor. This type of warning will be suppressed for the rest of this program. (Triggered internally at /__w/pytorch/pytorch/torch/csrc/utils/tensor_numpy.cpp:213.)
  return (torch.from_numpy(np.ascontiguousarray(x)),
/data/omar/m2/core/data.py:97: UserWarning: The given NumPy array is not writable, and PyTorch does not support non-writable tensors. This means writing to this tensor will result in undefined behavior. You may want to copy the array to protect its data or make it writable before converting it to a tensor. This type of warning will be suppressed for the rest of this program. (Triggered internally at /__w/pytorch/pytorch/torch/csrc/utils/tensor_numpy.cpp:213.)
  return (torch.from_numpy(np.ascontiguousarray(x)),
/data/omar/m2/core/data.py:97: UserWarning: The given NumPy array is not writable, and PyTorch does not support non-writable tensors. This means writing to this tensor will result in undefined behavior. You may want to copy the array to protect its data or make it writable before converting it to a tensor. This type of warning will be suppressed for the rest of this program. (Triggered internally at /__w/pytorch/pytorch/torch/csrc/utils/tensor_numpy.cpp:213.)
  return (torch.from_numpy(np.ascontiguousarray(x)),
/data/omar/m2/core/data.py:97: UserWarning: The given NumPy array is not writable, and PyTorch does not support non-writable tensors. This means writing to this tensor will result in undefined behavior. You may want to copy the array to protect its data or make it writable before converting it to a tensor. This type of warning will be suppressed for the rest of this program. (Triggered internally at /__w/pytorch/pytorch/torch/csrc/utils/tensor_numpy.cpp:213.)
  return (torch.from_numpy(np.ascontiguousarray(x)),
/data/omar/m2/core/data.py:97: UserWarning: The given NumPy array is not writable, and PyTorch does not support non-writable tensors. This means writing to this tensor will result in undefined behavior. You may want to copy the array to protect its data or make it writable before converting it to a tensor. This type of warning will be suppressed for the rest of this program. (Triggered internally at /__w/pytorch/pytorch/torch/csrc/utils/tensor_numpy.cpp:213.)
  return (torch.from_numpy(np.ascontiguousarray(x)),
/data/omar/m2/core/data.py:97: UserWarning: The given NumPy array is not writable, and PyTorch does not support non-writable tensors. This means writing to this tensor will result in undefined behavior. You may want to copy the array to protect its data or make it writable before converting it to a tensor. This type of warning will be suppressed for the rest of this program. (Triggered internally at /__w/pytorch/pytorch/torch/csrc/utils/tensor_numpy.cpp:213.)
  return (torch.from_numpy(np.ascontiguousarray(x)),
/data/omar/m2/core/data.py:97: UserWarning: The given NumPy array is not writable, and PyTorch does not support non-writable tensors. This means writing to this tensor will result in undefined behavior. You may want to copy the array to protect its data or make it writable before converting it to a tensor. This type of warning will be suppressed for the rest of this program. (Triggered internally at /__w/pytorch/pytorch/torch/csrc/utils/tensor_numpy.cpp:213.)
  return (torch.from_numpy(np.ascontiguousarray(x)),
/data/omar/m2/core/data.py:97: UserWarning: The given NumPy array is not writable, and PyTorch does not support non-writable tensors. This means writing to this tensor will result in undefined behavior. You may want to copy the array to protect its data or make it writable before converting it to a tensor. This type of warning will be suppressed for the rest of this program. (Triggered internally at /__w/pytorch/pytorch/torch/csrc/utils/tensor_numpy.cpp:213.)
  return (torch.from_numpy(np.ascontiguousarray(x)),
/data/omar/m2/core/data.py:97: UserWarning: The given NumPy array is not writable, and PyTorch does not support non-writable tensors. This means writing to this tensor will result in undefined behavior. You may want to copy the array to protect its data or make it writable before converting it to a tensor. This type of warning will be suppressed for the rest of this program. (Triggered internally at /__w/pytorch/pytorch/torch/csrc/utils/tensor_numpy.cpp:213.)
  return (torch.from_numpy(np.ascontiguousarray(x)),
/data/omar/m2/core/data.py:97: UserWarning: The given NumPy array is not writable, and PyTorch does not support non-writable tensors. This means writing to this tensor will result in undefined behavior. You may want to copy the array to protect its data or make it writable before converting it to a tensor. This type of warning will be suppressed for the rest of this program. (Triggered internally at /__w/pytorch/pytorch/torch/csrc/utils/tensor_numpy.cpp:213.)
  return (torch.from_numpy(np.ascontiguousarray(x)),
/data/omar/m2/core/data.py:97: UserWarning: The given NumPy array is not writable, and PyTorch does not support non-writable tensors. This means writing to this tensor will result in undefined behavior. You may want to copy the array to protect its data or make it writable before converting it to a tensor. This type of warning will be suppressed for the rest of this program. (Triggered internally at /__w/pytorch/pytorch/torch/csrc/utils/tensor_numpy.cpp:213.)
  return (torch.from_numpy(np.ascontiguousarray(x)),
20:08:38 ep 14 step 28100 loss 19.917 word 3.114 mean 30.653 sound 3.679 nb 1.864 lr x0.421 0.15s/step
20:08:50 ep 14 step 28200 loss 19.818 word 3.110 mean 30.464 sound 3.678 nb 1.862 lr x0.418 0.12s/step
20:09:03 ep 14 step 28300 loss 19.664 word 3.107 mean 30.154 sound 3.680 nb 1.875 lr x0.415 0.13s/step
20:09:15 ep 14 step 28400 loss 19.736 word 3.120 mean 30.274 sound 3.676 nb 1.878 lr x0.412 0.13s/step
20:09:28 ep 14 step 28500 loss 20.034 word 3.106 mean 30.894 sound 3.683 nb 1.877 lr x0.409 0.13s/step
20:09:41 ep 14 step 28600 loss 19.718 word 3.103 mean 30.275 sound 3.678 nb 1.869 lr x0.406 0.13s/step
20:09:53 ep 14 step 28700 loss 19.682 word 3.102 mean 30.204 sound 3.678 nb 1.872 lr x0.403 0.13s/step
20:10:06 ep 14 step 28800 loss 19.714 word 3.103 mean 30.268 sound 3.675 nb 1.873 lr x0.400 0.13s/step
20:10:18 ep 14 step 28900 loss 19.537 word 3.108 mean 29.900 sound 3.677 nb 1.880 lr x0.397 0.12s/step
20:10:31 ep 14 step 29000 loss 19.676 word 3.109 mean 30.178 sound 3.679 nb 1.876 lr x0.394 0.13s/step
20:10:44 ep 14 step 29100 loss 19.506 word 3.095 mean 29.864 sound 3.677 nb 1.877 lr x0.391 0.12s/step
20:10:56 ep 14 step 29200 loss 19.579 word 3.111 mean 29.983 sound 3.676 nb 1.870 lr x0.389 0.13s/step
