23:10:54 params 16.6M, trainable 16.6M, device cuda
23:10:54 train rows 427931, val deep 5952, val broad 17940
/data/omar/m2/core/data.py:130: UserWarning: The given NumPy array is not writable, and PyTorch does not support non-writable tensors. This means writing to this tensor will result in undefined behavior. You may want to copy the array to protect its data or make it writable before converting it to a tensor. This type of warning will be suppressed for the rest of this program. (Triggered internally at /__w/pytorch/pytorch/torch/csrc/utils/tensor_numpy.cpp:213.)
  return (torch.from_numpy(np.ascontiguousarray(x)),
/data/omar/m2/core/data.py:130: UserWarning: The given NumPy array is not writable, and PyTorch does not support non-writable tensors. This means writing to this tensor will result in undefined behavior. You may want to copy the array to protect its data or make it writable before converting it to a tensor. This type of warning will be suppressed for the rest of this program. (Triggered internally at /__w/pytorch/pytorch/torch/csrc/utils/tensor_numpy.cpp:213.)
  return (torch.from_numpy(np.ascontiguousarray(x)),
/data/omar/m2/core/data.py:130: UserWarning: The given NumPy array is not writable, and PyTorch does not support non-writable tensors. This means writing to this tensor will result in undefined behavior. You may want to copy the array to protect its data or make it writable before converting it to a tensor. This type of warning will be suppressed for the rest of this program. (Triggered internally at /__w/pytorch/pytorch/torch/csrc/utils/tensor_numpy.cpp:213.)
  return (torch.from_numpy(np.ascontiguousarray(x)),
/data/omar/m2/core/data.py:130: UserWarning: The given NumPy array is not writable, and PyTorch does not support non-writable tensors. This means writing to this tensor will result in undefined behavior. You may want to copy the array to protect its data or make it writable before converting it to a tensor. This type of warning will be suppressed for the rest of this program. (Triggered internally at /__w/pytorch/pytorch/torch/csrc/utils/tensor_numpy.cpp:213.)
  return (torch.from_numpy(np.ascontiguousarray(x)),
/data/omar/m2/core/data.py:130: UserWarning: The given NumPy array is not writable, and PyTorch does not support non-writable tensors. This means writing to this tensor will result in undefined behavior. You may want to copy the array to protect its data or make it writable before converting it to a tensor. This type of warning will be suppressed for the rest of this program. (Triggered internally at /__w/pytorch/pytorch/torch/csrc/utils/tensor_numpy.cpp:213.)
  return (torch.from_numpy(np.ascontiguousarray(x)),
/data/omar/m2/core/data.py:130: UserWarning: The given NumPy array is not writable, and PyTorch does not support non-writable tensors. This means writing to this tensor will result in undefined behavior. You may want to copy the array to protect its data or make it writable before converting it to a tensor. This type of warning will be suppressed for the rest of this program. (Triggered internally at /__w/pytorch/pytorch/torch/csrc/utils/tensor_numpy.cpp:213.)
  return (torch.from_numpy(np.ascontiguousarray(x)),
/data/omar/m2/core/data.py:130: UserWarning: The given NumPy array is not writable, and PyTorch does not support non-writable tensors. This means writing to this tensor will result in undefined behavior. You may want to copy the array to protect its data or make it writable before converting it to a tensor. This type of warning will be suppressed for the rest of this program. (Triggered internally at /__w/pytorch/pytorch/torch/csrc/utils/tensor_numpy.cpp:213.)
  return (torch.from_numpy(np.ascontiguousarray(x)),
/data/omar/m2/core/data.py:130: UserWarning: The given NumPy array is not writable, and PyTorch does not support non-writable tensors. This means writing to this tensor will result in undefined behavior. You may want to copy the array to protect its data or make it writable before converting it to a tensor. This type of warning will be suppressed for the rest of this program. (Triggered internally at /__w/pytorch/pytorch/torch/csrc/utils/tensor_numpy.cpp:213.)
  return (torch.from_numpy(np.ascontiguousarray(x)),
/data/omar/m2/core/data.py:130: UserWarning: The given NumPy array is not writable, and PyTorch does not support non-writable tensors. This means writing to this tensor will result in undefined behavior. You may want to copy the array to protect its data or make it writable before converting it to a tensor. This type of warning will be suppressed for the rest of this program. (Triggered internally at /__w/pytorch/pytorch/torch/csrc/utils/tensor_numpy.cpp:213.)
  return (torch.from_numpy(np.ascontiguousarray(x)),
/data/omar/m2/core/data.py:130: UserWarning: The given NumPy array is not writable, and PyTorch does not support non-writable tensors. This means writing to this tensor will result in undefined behavior. You may want to copy the array to protect its data or make it writable before converting it to a tensor. This type of warning will be suppressed for the rest of this program. (Triggered internally at /__w/pytorch/pytorch/torch/csrc/utils/tensor_numpy.cpp:213.)
  return (torch.from_numpy(np.ascontiguousarray(x)),
/data/omar/m2/core/data.py:130: UserWarning: The given NumPy array is not writable, and PyTorch does not support non-writable tensors. This means writing to this tensor will result in undefined behavior. You may want to copy the array to protect its data or make it writable before converting it to a tensor. This type of warning will be suppressed for the rest of this program. (Triggered internally at /__w/pytorch/pytorch/torch/csrc/utils/tensor_numpy.cpp:213.)
  return (torch.from_numpy(np.ascontiguousarray(x)),
/data/omar/m2/core/data.py:130: UserWarning: The given NumPy array is not writable, and PyTorch does not support non-writable tensors. This means writing to this tensor will result in undefined behavior. You may want to copy the array to protect its data or make it writable before converting it to a tensor. This type of warning will be suppressed for the rest of this program. (Triggered internally at /__w/pytorch/pytorch/torch/csrc/utils/tensor_numpy.cpp:213.)
  return (torch.from_numpy(np.ascontiguousarray(x)),
23:11:28 ep 0 step 100 loss 31.193 word 3.530 mean 51.238 sound 4.383 nb 3.646 lr x0.100 0.33s/step
23:11:52 ep 0 step 200 loss 23.619 word 3.443 mean 37.180 sound 3.859 nb 2.142 lr x0.200 0.23s/step
23:12:16 ep 0 step 300 loss 23.652 word 3.420 mean 37.383 sound 3.821 nb 1.967 lr x0.300 0.24s/step
23:12:39 ep 0 step 400 loss 23.527 word 3.422 mean 37.145 sound 3.804 nb 1.958 lr x0.400 0.23s/step
23:13:03 ep 0 step 500 loss 23.461 word 3.422 mean 37.030 sound 3.777 nb 1.955 lr x0.499 0.24s/step
23:13:26 ep 0 step 600 loss 23.494 word 3.410 mean 37.132 sound 3.762 nb 1.946 lr x0.599 0.24s/step
23:13:50 ep 0 step 700 loss 23.231 word 3.408 mean 36.614 sound 3.758 nb 1.947 lr x0.699 0.24s/step
23:14:14 ep 0 step 800 loss 23.239 word 3.408 mean 36.627 sound 3.758 nb 1.947 lr x0.798 0.23s/step
23:14:37 ep 0 step 900 loss 23.645 word 3.390 mean 37.477 sound 3.755 nb 1.947 lr x0.897 0.24s/step
23:15:01 ep 0 step 1000 loss 23.284 word 3.397 mean 36.746 sound 3.749 nb 1.949 lr x0.996 0.24s/step
23:15:24 ep 0 step 1100 loss 23.064 word 3.401 mean 36.297 sound 3.749 nb 1.946 lr x0.995 0.23s/step
23:15:48 ep 0 step 1200 loss 23.247 word 3.380 mean 36.706 sound 3.741 nb 1.958 lr x0.994 0.23s/step
23:16:11 ep 0 step 1300 loss 23.051 word 3.369 mean 36.341 sound 3.741 nb 1.946 lr x0.993 0.24s/step
23:16:35 ep 0 step 1400 loss 23.219 word 3.366 mean 36.687 sound 3.736 nb 1.945 lr x0.992 0.23s/step
23:16:58 ep 0 step 1500 loss 23.000 word 3.359 mean 36.264 sound 3.740 nb 1.938 lr x0.991 0.24s/step
23:17:22 ep 0 step 1600 loss 23.164 word 3.363 mean 36.585 sound 3.739 nb 1.930 lr x0.989 0.24s/step
23:17:46 ep 0 step 1700 loss 23.077 word 3.352 mean 36.437 sound 3.732 nb 1.940 lr x0.988 0.24s/step
23:18:09 ep 0 step 1800 loss 22.896 word 3.371 mean 36.034 sound 3.730 nb 1.947 lr x0.987 0.24s/step
23:18:33 ep 0 step 1900 loss 23.031 word 3.354 mean 36.339 sound 3.731 nb 1.941 lr x0.985 0.24s/step
23:18:56 ep 0 step 2000 loss 22.882 word 3.349 mean 36.058 sound 3.726 nb 1.930 lr x0.983 0.23s/step
/data/omar/m2/core/data.py:130: UserWarning: The given NumPy array is not writable, and PyTorch does not support non-writable tensors. This means writing to this tensor will result in undefined behavior. You may want to copy the array to protect its data or make it writable before converting it to a tensor. This type of warning will be suppressed for the rest of this program. (Triggered internally at /__w/pytorch/pytorch/torch/csrc/utils/tensor_numpy.cpp:213.)
  return (torch.from_numpy(np.ascontiguousarray(x)),
/data/omar/m2/core/data.py:130: UserWarning: The given NumPy array is not writable, and PyTorch does not support non-writable tensors. This means writing to this tensor will result in undefined behavior. You may want to copy the array to protect its data or make it writable before converting it to a tensor. This type of warning will be suppressed for the rest of this program. (Triggered internally at /__w/pytorch/pytorch/torch/csrc/utils/tensor_numpy.cpp:213.)
  return (torch.from_numpy(np.ascontiguousarray(x)),
/data/omar/m2/core/data.py:130: UserWarning: The given NumPy array is not writable, and PyTorch does not support non-writable tensors. This means writing to this tensor will result in undefined behavior. You may want to copy the array to protect its data or make it writable before converting it to a tensor. This type of warning will be suppressed for the rest of this program. (Triggered internally at /__w/pytorch/pytorch/torch/csrc/utils/tensor_numpy.cpp:213.)
  return (torch.from_numpy(np.ascontiguousarray(x)),
/data/omar/m2/core/data.py:130: UserWarning: The given NumPy array is not writable, and PyTorch does not support non-writable tensors. This means writing to this tensor will result in undefined behavior. You may want to copy the array to protect its data or make it writable before converting it to a tensor. This type of warning will be suppressed for the rest of this program. (Triggered internally at /__w/pytorch/pytorch/torch/csrc/utils/tensor_numpy.cpp:213.)
  return (torch.from_numpy(np.ascontiguousarray(x)),
/data/omar/m2/core/data.py:130: UserWarning: The given NumPy array is not writable, and PyTorch does not support non-writable tensors. This means writing to this tensor will result in undefined behavior. You may want to copy the array to protect its data or make it writable before converting it to a tensor. This type of warning will be suppressed for the rest of this program. (Triggered internally at /__w/pytorch/pytorch/torch/csrc/utils/tensor_numpy.cpp:213.)
  return (torch.from_numpy(np.ascontiguousarray(x)),
/data/omar/m2/core/data.py:130: UserWarning: The given NumPy array is not writable, and PyTorch does not support non-writable tensors. This means writing to this tensor will result in undefined behavior. You may want to copy the array to protect its data or make it writable before converting it to a tensor. This type of warning will be suppressed for the rest of this program. (Triggered internally at /__w/pytorch/pytorch/torch/csrc/utils/tensor_numpy.cpp:213.)
  return (torch.from_numpy(np.ascontiguousarray(x)),
/data/omar/m2/core/data.py:130: UserWarning: The given NumPy array is not writable, and PyTorch does not support non-writable tensors. This means writing to this tensor will result in undefined behavior. You may want to copy the array to protect its data or make it writable before converting it to a tensor. This type of warning will be suppressed for the rest of this program. (Triggered internally at /__w/pytorch/pytorch/torch/csrc/utils/tensor_numpy.cpp:213.)
  return (torch.from_numpy(np.ascontiguousarray(x)),
/data/omar/m2/core/data.py:130: UserWarning: The given NumPy array is not writable, and PyTorch does not support non-writable tensors. This means writing to this tensor will result in undefined behavior. You may want to copy the array to protect its data or make it writable before converting it to a tensor. This type of warning will be suppressed for the rest of this program. (Triggered internally at /__w/pytorch/pytorch/torch/csrc/utils/tensor_numpy.cpp:213.)
  return (torch.from_numpy(np.ascontiguousarray(x)),
23:19:00 == epoch 0 deep: bacc10 0.2550 bacc1 0.0241 grid 0.2636@(1.0, 0.0) | broad: bacc10 0.3149 bacc1 0.0455 grid 0.3370@(1.0, 0.0)
23:19:02 new best 0.2849 -> /data/omar/m2/d/r/fw0/best.pt
/data/omar/m2/core/data.py:130: UserWarning: The given NumPy array is not writable, and PyTorch does not support non-writable tensors. This means writing to this tensor will result in undefined behavior. You may want to copy the array to protect its data or make it writable before converting it to a tensor. This type of warning will be suppressed for the rest of this program. (Triggered internally at /__w/pytorch/pytorch/torch/csrc/utils/tensor_numpy.cpp:213.)
  return (torch.from_numpy(np.ascontiguousarray(x)),
/data/omar/m2/core/data.py:130: UserWarning: The given NumPy array is not writable, and PyTorch does not support non-writable tensors. This means writing to this tensor will result in undefined behavior. You may want to copy the array to protect its data or make it writable before converting it to a tensor. This type of warning will be suppressed for the rest of this program. (Triggered internally at /__w/pytorch/pytorch/torch/csrc/utils/tensor_numpy.cpp:213.)
  return (torch.from_numpy(np.ascontiguousarray(x)),
/data/omar/m2/core/data.py:130: UserWarning: The given NumPy array is not writable, and PyTorch does not support non-writable tensors. This means writing to this tensor will result in undefined behavior. You may want to copy the array to protect its data or make it writable before converting it to a tensor. This type of warning will be suppressed for the rest of this program. (Triggered internally at /__w/pytorch/pytorch/torch/csrc/utils/tensor_numpy.cpp:213.)
  return (torch.from_numpy(np.ascontiguousarray(x)),
/data/omar/m2/core/data.py:130: UserWarning: The given NumPy array is not writable, and PyTorch does not support non-writable tensors. This means writing to this tensor will result in undefined behavior. You may want to copy the array to protect its data or make it writable before converting it to a tensor. This type of warning will be suppressed for the rest of this program. (Triggered internally at /__w/pytorch/pytorch/torch/csrc/utils/tensor_numpy.cpp:213.)
  return (torch.from_numpy(np.ascontiguousarray(x)),
/data/omar/m2/core/data.py:130: UserWarning: The given NumPy array is not writable, and PyTorch does not support non-writable tensors. This means writing to this tensor will result in undefined behavior. You may want to copy the array to protect its data or make it writable before converting it to a tensor. This type of warning will be suppressed for the rest of this program. (Triggered internally at /__w/pytorch/pytorch/torch/csrc/utils/tensor_numpy.cpp:213.)
  return (torch.from_numpy(np.ascontiguousarray(x)),
/data/omar/m2/core/data.py:130: UserWarning: The given NumPy array is not writable, and PyTorch does not support non-writable tensors. This means writing to this tensor will result in undefined behavior. You may want to copy the array to protect its data or make it writable before converting it to a tensor. This type of warning will be suppressed for the rest of this program. (Triggered internally at /__w/pytorch/pytorch/torch/csrc/utils/tensor_numpy.cpp:213.)
  return (torch.from_numpy(np.ascontiguousarray(x)),
/data/omar/m2/core/data.py:130: UserWarning: The given NumPy array is not writable, and PyTorch does not support non-writable tensors. This means writing to this tensor will result in undefined behavior. You may want to copy the array to protect its data or make it writable before converting it to a tensor. This type of warning will be suppressed for the rest of this program. (Triggered internally at /__w/pytorch/pytorch/torch/csrc/utils/tensor_numpy.cpp:213.)
  return (torch.from_numpy(np.ascontiguousarray(x)),
/data/omar/m2/core/data.py:130: UserWarning: The given NumPy array is not writable, and PyTorch does not support non-writable tensors. This means writing to this tensor will result in undefined behavior. You may want to copy the array to protect its data or make it writable before converting it to a tensor. This type of warning will be suppressed for the rest of this program. (Triggered internally at /__w/pytorch/pytorch/torch/csrc/utils/tensor_numpy.cpp:213.)
  return (torch.from_numpy(np.ascontiguousarray(x)),
/data/omar/m2/core/data.py:130: UserWarning: The given NumPy array is not writable, and PyTorch does not support non-writable tensors. This means writing to this tensor will result in undefined behavior. You may want to copy the array to protect its data or make it writable before converting it to a tensor. This type of warning will be suppressed for the rest of this program. (Triggered internally at /__w/pytorch/pytorch/torch/csrc/utils/tensor_numpy.cpp:213.)
  return (torch.from_numpy(np.ascontiguousarray(x)),
/data/omar/m2/core/data.py:130: UserWarning: The given NumPy array is not writable, and PyTorch does not support non-writable tensors. This means writing to this tensor will result in undefined behavior. You may want to copy the array to protect its data or make it writable before converting it to a tensor. This type of warning will be suppressed for the rest of this program. (Triggered internally at /__w/pytorch/pytorch/torch/csrc/utils/tensor_numpy.cpp:213.)
  return (torch.from_numpy(np.ascontiguousarray(x)),
/data/omar/m2/core/data.py:130: UserWarning: The given NumPy array is not writable, and PyTorch does not support non-writable tensors. This means writing to this tensor will result in undefined behavior. You may want to copy the array to protect its data or make it writable before converting it to a tensor. This type of warning will be suppressed for the rest of this program. (Triggered internally at /__w/pytorch/pytorch/torch/csrc/utils/tensor_numpy.cpp:213.)
  return (torch.from_numpy(np.ascontiguousarray(x)),
/data/omar/m2/core/data.py:130: UserWarning: The given NumPy array is not writable, and PyTorch does not support non-writable tensors. This means writing to this tensor will result in undefined behavior. You may want to copy the array to protect its data or make it writable before converting it to a tensor. This type of warning will be suppressed for the rest of this program. (Triggered internally at /__w/pytorch/pytorch/torch/csrc/utils/tensor_numpy.cpp:213.)
  return (torch.from_numpy(np.ascontiguousarray(x)),
23:19:30 ep 1 step 2100 loss 22.927 word 3.345 mean 36.160 sound 3.727 nb 1.918 lr x0.982 0.25s/step
23:19:55 ep 1 step 2200 loss 22.762 word 3.341 mean 35.825 sound 3.733 nb 1.943 lr x0.980 0.24s/step
23:20:19 ep 1 step 2300 loss 22.906 word 3.329 mean 36.144 sound 3.723 nb 1.942 lr x0.978 0.24s/step
23:20:42 ep 1 step 2400 loss 22.901 word 3.332 mean 36.134 sound 3.727 nb 1.924 lr x0.976 0.24s/step
23:21:06 ep 1 step 2500 loss 22.836 word 3.325 mean 36.011 sound 3.720 nb 1.946 lr x0.974 0.24s/step
23:21:30 ep 1 step 2600 loss 22.833 word 3.325 mean 36.008 sound 3.723 nb 1.934 lr x0.972 0.24s/step
23:21:54 ep 1 step 2700 loss 22.614 word 3.323 mean 35.570 sound 3.723 nb 1.948 lr x0.970 0.24s/step
23:22:18 ep 1 step 2800 loss 22.916 word 3.320 mean 36.182 sound 3.722 nb 1.942 lr x0.968 0.24s/step
23:22:42 ep 1 step 2900 loss 22.592 word 3.321 mean 35.535 sound 3.718 nb 1.941 lr x0.965 0.24s/step
23:23:06 ep 1 step 3000 loss 22.770 word 3.324 mean 35.894 sound 3.719 nb 1.919 lr x0.963 0.24s/step
23:23:29 ep 1 step 3100 loss 22.974 word 3.321 mean 36.305 sound 3.720 nb 1.926 lr x0.961 0.24s/step
23:23:53 ep 1 step 3200 loss 22.704 word 3.319 mean 35.774 sound 3.718 nb 1.914 lr x0.958 0.24s/step
23:24:16 ep 1 step 3300 loss 22.810 word 3.316 mean 35.992 sound 3.714 nb 1.921 lr x0.955 0.24s/step
23:24:39 ep 1 step 3400 loss 22.532 word 3.314 mean 35.441 sound 3.716 nb 1.912 lr x0.953 0.23s/step
23:25:02 ep 1 step 3500 loss 22.596 word 3.304 mean 35.583 sound 3.720 nb 1.924 lr x0.950 0.23s/step
23:25:25 ep 1 step 3600 loss 22.685 word 3.306 mean 35.764 sound 3.717 nb 1.907 lr x0.947 0.23s/step
23:25:48 ep 1 step 3700 loss 22.773 word 3.296 mean 35.955 sound 3.716 nb 1.920 lr x0.944 0.23s/step
23:26:11 ep 1 step 3800 loss 22.728 word 3.304 mean 35.850 sound 3.714 nb 1.926 lr x0.941 0.22s/step
23:26:34 ep 1 step 3900 loss 22.314 word 3.307 mean 35.014 sound 3.710 nb 1.932 lr x0.938 0.23s/step
23:26:57 ep 1 step 4000 loss 22.492 word 3.297 mean 35.396 sound 3.712 nb 1.918 lr x0.935 0.23s/step
/data/omar/m2/core/data.py:130: UserWarning: The given NumPy array is not writable, and PyTorch does not support non-writable tensors. This means writing to this tensor will result in undefined behavior. You may want to copy the array to protect its data or make it writable before converting it to a tensor. This type of warning will be suppressed for the rest of this program. (Triggered internally at /__w/pytorch/pytorch/torch/csrc/utils/tensor_numpy.cpp:213.)
  return (torch.from_numpy(np.ascontiguousarray(x)),
/data/omar/m2/core/data.py:130: UserWarning: The given NumPy array is not writable, and PyTorch does not support non-writable tensors. This means writing to this tensor will result in undefined behavior. You may want to copy the array to protect its data or make it writable before converting it to a tensor. This type of warning will be suppressed for the rest of this program. (Triggered internally at /__w/pytorch/pytorch/torch/csrc/utils/tensor_numpy.cpp:213.)
  return (torch.from_numpy(np.ascontiguousarray(x)),
/data/omar/m2/core/data.py:130: UserWarning: The given NumPy array is not writable, and PyTorch does not support non-writable tensors. This means writing to this tensor will result in undefined behavior. You may want to copy the array to protect its data or make it writable before converting it to a tensor. This type of warning will be suppressed for the rest of this program. (Triggered internally at /__w/pytorch/pytorch/torch/csrc/utils/tensor_numpy.cpp:213.)
  return (torch.from_numpy(np.ascontiguousarray(x)),
/data/omar/m2/core/data.py:130: UserWarning: The given NumPy array is not writable, and PyTorch does not support non-writable tensors. This means writing to this tensor will result in undefined behavior. You may want to copy the array to protect its data or make it writable before converting it to a tensor. This type of warning will be suppressed for the rest of this program. (Triggered internally at /__w/pytorch/pytorch/torch/csrc/utils/tensor_numpy.cpp:213.)
  return (torch.from_numpy(np.ascontiguousarray(x)),
/data/omar/m2/core/data.py:130: UserWarning: The given NumPy array is not writable, and PyTorch does not support non-writable tensors. This means writing to this tensor will result in undefined behavior. You may want to copy the array to protect its data or make it writable before converting it to a tensor. This type of warning will be suppressed for the rest of this program. (Triggered internally at /__w/pytorch/pytorch/torch/csrc/utils/tensor_numpy.cpp:213.)
  return (torch.from_numpy(np.ascontiguousarray(x)),
/data/omar/m2/core/data.py:130: UserWarning: The given NumPy array is not writable, and PyTorch does not support non-writable tensors. This means writing to this tensor will result in undefined behavior. You may want to copy the array to protect its data or make it writable before converting it to a tensor. This type of warning will be suppressed for the rest of this program. (Triggered internally at /__w/pytorch/pytorch/torch/csrc/utils/tensor_numpy.cpp:213.)
  return (torch.from_numpy(np.ascontiguousarray(x)),
/data/omar/m2/core/data.py:130: UserWarning: The given NumPy array is not writable, and PyTorch does not support non-writable tensors. This means writing to this tensor will result in undefined behavior. You may want to copy the array to protect its data or make it writable before converting it to a tensor. This type of warning will be suppressed for the rest of this program. (Triggered internally at /__w/pytorch/pytorch/torch/csrc/utils/tensor_numpy.cpp:213.)
  return (torch.from_numpy(np.ascontiguousarray(x)),
/data/omar/m2/core/data.py:130: UserWarning: The given NumPy array is not writable, and PyTorch does not support non-writable tensors. This means writing to this tensor will result in undefined behavior. You may want to copy the array to protect its data or make it writable before converting it to a tensor. This type of warning will be suppressed for the rest of this program. (Triggered internally at /__w/pytorch/pytorch/torch/csrc/utils/tensor_numpy.cpp:213.)
  return (torch.from_numpy(np.ascontiguousarray(x)),
23:27:01 == epoch 1 deep: bacc10 0.2850 bacc1 0.0345 grid 0.2850@(0.5, 0.0) | broad: bacc10 0.3815 bacc1 0.0568 grid 0.3817@(1.0, 0.0)
23:27:03 new best 0.3332 -> /data/omar/m2/d/r/fw0/best.pt
/data/omar/m2/core/data.py:130: UserWarning: The given NumPy array is not writable, and PyTorch does not support non-writable tensors. This means writing to this tensor will result in undefined behavior. You may want to copy the array to protect its data or make it writable before converting it to a tensor. This type of warning will be suppressed for the rest of this program. (Triggered internally at /__w/pytorch/pytorch/torch/csrc/utils/tensor_numpy.cpp:213.)
  return (torch.from_numpy(np.ascontiguousarray(x)),
/data/omar/m2/core/data.py:130: UserWarning: The given NumPy array is not writable, and PyTorch does not support non-writable tensors. This means writing to this tensor will result in undefined behavior. You may want to copy the array to protect its data or make it writable before converting it to a tensor. This type of warning will be suppressed for the rest of this program. (Triggered internally at /__w/pytorch/pytorch/torch/csrc/utils/tensor_numpy.cpp:213.)
  return (torch.from_numpy(np.ascontiguousarray(x)),
/data/omar/m2/core/data.py:130: UserWarning: The given NumPy array is not writable, and PyTorch does not support non-writable tensors. This means writing to this tensor will result in undefined behavior. You may want to copy the array to protect its data or make it writable before converting it to a tensor. This type of warning will be suppressed for the rest of this program. (Triggered internally at /__w/pytorch/pytorch/torch/csrc/utils/tensor_numpy.cpp:213.)
  return (torch.from_numpy(np.ascontiguousarray(x)),
/data/omar/m2/core/data.py:130: UserWarning: The given NumPy array is not writable, and PyTorch does not support non-writable tensors. This means writing to this tensor will result in undefined behavior. You may want to copy the array to protect its data or make it writable before converting it to a tensor. This type of warning will be suppressed for the rest of this program. (Triggered internally at /__w/pytorch/pytorch/torch/csrc/utils/tensor_numpy.cpp:213.)
  return (torch.from_numpy(np.ascontiguousarray(x)),
/data/omar/m2/core/data.py:130: UserWarning: The given NumPy array is not writable, and PyTorch does not support non-writable tensors. This means writing to this tensor will result in undefined behavior. You may want to copy the array to protect its data or make it writable before converting it to a tensor. This type of warning will be suppressed for the rest of this program. (Triggered internally at /__w/pytorch/pytorch/torch/csrc/utils/tensor_numpy.cpp:213.)
  return (torch.from_numpy(np.ascontiguousarray(x)),
/data/omar/m2/core/data.py:130: UserWarning: The given NumPy array is not writable, and PyTorch does not support non-writable tensors. This means writing to this tensor will result in undefined behavior. You may want to copy the array to protect its data or make it writable before converting it to a tensor. This type of warning will be suppressed for the rest of this program. (Triggered internally at /__w/pytorch/pytorch/torch/csrc/utils/tensor_numpy.cpp:213.)
  return (torch.from_numpy(np.ascontiguousarray(x)),
/data/omar/m2/core/data.py:130: UserWarning: The given NumPy array is not writable, and PyTorch does not support non-writable tensors. This means writing to this tensor will result in undefined behavior. You may want to copy the array to protect its data or make it writable before converting it to a tensor. This type of warning will be suppressed for the rest of this program. (Triggered internally at /__w/pytorch/pytorch/torch/csrc/utils/tensor_numpy.cpp:213.)
  return (torch.from_numpy(np.ascontiguousarray(x)),
/data/omar/m2/core/data.py:130: UserWarning: The given NumPy array is not writable, and PyTorch does not support non-writable tensors. This means writing to this tensor will result in undefined behavior. You may want to copy the array to protect its data or make it writable before converting it to a tensor. This type of warning will be suppressed for the rest of this program. (Triggered internally at /__w/pytorch/pytorch/torch/csrc/utils/tensor_numpy.cpp:213.)
  return (torch.from_numpy(np.ascontiguousarray(x)),
/data/omar/m2/core/data.py:130: UserWarning: The given NumPy array is not writable, and PyTorch does not support non-writable tensors. This means writing to this tensor will result in undefined behavior. You may want to copy the array to protect its data or make it writable before converting it to a tensor. This type of warning will be suppressed for the rest of this program. (Triggered internally at /__w/pytorch/pytorch/torch/csrc/utils/tensor_numpy.cpp:213.)
  return (torch.from_numpy(np.ascontiguousarray(x)),
/data/omar/m2/core/data.py:130: UserWarning: The given NumPy array is not writable, and PyTorch does not support non-writable tensors. This means writing to this tensor will result in undefined behavior. You may want to copy the array to protect its data or make it writable before converting it to a tensor. This type of warning will be suppressed for the rest of this program. (Triggered internally at /__w/pytorch/pytorch/torch/csrc/utils/tensor_numpy.cpp:213.)
  return (torch.from_numpy(np.ascontiguousarray(x)),
/data/omar/m2/core/data.py:130: UserWarning: The given NumPy array is not writable, and PyTorch does not support non-writable tensors. This means writing to this tensor will result in undefined behavior. You may want to copy the array to protect its data or make it writable before converting it to a tensor. This type of warning will be suppressed for the rest of this program. (Triggered internally at /__w/pytorch/pytorch/torch/csrc/utils/tensor_numpy.cpp:213.)
  return (torch.from_numpy(np.ascontiguousarray(x)),
/data/omar/m2/core/data.py:130: UserWarning: The given NumPy array is not writable, and PyTorch does not support non-writable tensors. This means writing to this tensor will result in undefined behavior. You may want to copy the array to protect its data or make it writable before converting it to a tensor. This type of warning will be suppressed for the rest of this program. (Triggered internally at /__w/pytorch/pytorch/torch/csrc/utils/tensor_numpy.cpp:213.)
  return (torch.from_numpy(np.ascontiguousarray(x)),
23:27:30 ep 2 step 4100 loss 22.465 word 3.302 mean 35.327 sound 3.710 nb 1.934 lr x0.932 0.26s/step
23:27:54 ep 2 step 4200 loss 22.656 word 3.283 mean 35.752 sound 3.711 nb 1.916 lr x0.929 0.24s/step
23:28:18 ep 2 step 4300 loss 22.391 word 3.283 mean 35.223 sound 3.709 nb 1.921 lr x0.925 0.24s/step
23:28:42 ep 2 step 4400 loss 22.420 word 3.291 mean 35.266 sound 3.711 nb 1.916 lr x0.922 0.24s/step
23:29:05 ep 2 step 4500 loss 22.357 word 3.293 mean 35.133 sound 3.707 nb 1.930 lr x0.918 0.24s/step
23:29:28 ep 2 step 4600 loss 22.495 word 3.293 mean 35.417 sound 3.707 nb 1.906 lr x0.915 0.23s/step
23:29:52 ep 2 step 4700 loss 22.452 word 3.293 mean 35.327 sound 3.708 nb 1.912 lr x0.911 0.24s/step
23:30:16 ep 2 step 4800 loss 22.506 word 3.291 mean 35.441 sound 3.707 nb 1.911 lr x0.907 0.24s/step
23:30:40 ep 2 step 4900 loss 22.486 word 3.283 mean 35.415 sound 3.713 nb 1.909 lr x0.904 0.24s/step
23:31:04 ep 2 step 5000 loss 22.294 word 3.280 mean 35.037 sound 3.710 nb 1.916 lr x0.900 0.24s/step
23:31:28 ep 2 step 5100 loss 22.234 word 3.287 mean 34.909 sound 3.705 nb 1.908 lr x0.896 0.24s/step
23:31:52 ep 2 step 5200 loss 22.154 word 3.281 mean 34.755 sound 3.710 nb 1.915 lr x0.892 0.24s/step
23:32:16 ep 2 step 5300 loss 22.388 word 3.268 mean 35.246 sound 3.709 nb 1.924 lr x0.888 0.24s/step
23:32:40 ep 2 step 5400 loss 22.302 word 3.274 mean 35.073 sound 3.705 nb 1.902 lr x0.884 0.24s/step
23:33:04 ep 2 step 5500 loss 22.138 word 3.275 mean 34.737 sound 3.703 nb 1.916 lr x0.880 0.24s/step
23:33:28 ep 2 step 5600 loss 22.165 word 3.276 mean 34.786 sound 3.709 nb 1.919 lr x0.875 0.24s/step
23:33:52 ep 2 step 5700 loss 22.220 word 3.273 mean 34.907 sound 3.706 nb 1.909 lr x0.871 0.24s/step
23:34:16 ep 2 step 5800 loss 22.153 word 3.270 mean 34.778 sound 3.707 nb 1.909 lr x0.867 0.24s/step
23:34:39 ep 2 step 5900 loss 22.056 word 3.265 mean 34.598 sound 3.706 nb 1.905 lr x0.862 0.24s/step
23:35:02 ep 2 step 6000 loss 21.962 word 3.258 mean 34.421 sound 3.705 nb 1.910 lr x0.858 0.23s/step
/data/omar/m2/core/data.py:130: UserWarning: The given NumPy array is not writable, and PyTorch does not support non-writable tensors. This means writing to this tensor will result in undefined behavior. You may want to copy the array to protect its data or make it writable before converting it to a tensor. This type of warning will be suppressed for the rest of this program. (Triggered internally at /__w/pytorch/pytorch/torch/csrc/utils/tensor_numpy.cpp:213.)
  return (torch.from_numpy(np.ascontiguousarray(x)),
/data/omar/m2/core/data.py:130: UserWarning: The given NumPy array is not writable, and PyTorch does not support non-writable tensors. This means writing to this tensor will result in undefined behavior. You may want to copy the array to protect its data or make it writable before converting it to a tensor. This type of warning will be suppressed for the rest of this program. (Triggered internally at /__w/pytorch/pytorch/torch/csrc/utils/tensor_numpy.cpp:213.)
  return (torch.from_numpy(np.ascontiguousarray(x)),
/data/omar/m2/core/data.py:130: UserWarning: The given NumPy array is not writable, and PyTorch does not support non-writable tensors. This means writing to this tensor will result in undefined behavior. You may want to copy the array to protect its data or make it writable before converting it to a tensor. This type of warning will be suppressed for the rest of this program. (Triggered internally at /__w/pytorch/pytorch/torch/csrc/utils/tensor_numpy.cpp:213.)
  return (torch.from_numpy(np.ascontiguousarray(x)),
/data/omar/m2/core/data.py:130: UserWarning: The given NumPy array is not writable, and PyTorch does not support non-writable tensors. This means writing to this tensor will result in undefined behavior. You may want to copy the array to protect its data or make it writable before converting it to a tensor. This type of warning will be suppressed for the rest of this program. (Triggered internally at /__w/pytorch/pytorch/torch/csrc/utils/tensor_numpy.cpp:213.)
  return (torch.from_numpy(np.ascontiguousarray(x)),
/data/omar/m2/core/data.py:130: UserWarning: The given NumPy array is not writable, and PyTorch does not support non-writable tensors. This means writing to this tensor will result in undefined behavior. You may want to copy the array to protect its data or make it writable before converting it to a tensor. This type of warning will be suppressed for the rest of this program. (Triggered internally at /__w/pytorch/pytorch/torch/csrc/utils/tensor_numpy.cpp:213.)
  return (torch.from_numpy(np.ascontiguousarray(x)),
/data/omar/m2/core/data.py:130: UserWarning: The given NumPy array is not writable, and PyTorch does not support non-writable tensors. This means writing to this tensor will result in undefined behavior. You may want to copy the array to protect its data or make it writable before converting it to a tensor. This type of warning will be suppressed for the rest of this program. (Triggered internally at /__w/pytorch/pytorch/torch/csrc/utils/tensor_numpy.cpp:213.)
  return (torch.from_numpy(np.ascontiguousarray(x)),
/data/omar/m2/core/data.py:130: UserWarning: The given NumPy array is not writable, and PyTorch does not support non-writable tensors. This means writing to this tensor will result in undefined behavior. You may want to copy the array to protect its data or make it writable before converting it to a tensor. This type of warning will be suppressed for the rest of this program. (Triggered internally at /__w/pytorch/pytorch/torch/csrc/utils/tensor_numpy.cpp:213.)
  return (torch.from_numpy(np.ascontiguousarray(x)),
/data/omar/m2/core/data.py:130: UserWarning: The given NumPy array is not writable, and PyTorch does not support non-writable tensors. This means writing to this tensor will result in undefined behavior. You may want to copy the array to protect its data or make it writable before converting it to a tensor. This type of warning will be suppressed for the rest of this program. (Triggered internally at /__w/pytorch/pytorch/torch/csrc/utils/tensor_numpy.cpp:213.)
  return (torch.from_numpy(np.ascontiguousarray(x)),
23:35:06 == epoch 2 deep: bacc10 0.2946 bacc1 0.0364 grid 0.2946@(0.5, 0.0) | broad: bacc10 0.3956 bacc1 0.0539 grid 0.4018@(1.0, 0.0)
23:35:08 new best 0.3451 -> /data/omar/m2/d/r/fw0/best.pt
/data/omar/m2/core/data.py:130: UserWarning: The given NumPy array is not writable, and PyTorch does not support non-writable tensors. This means writing to this tensor will result in undefined behavior. You may want to copy the array to protect its data or make it writable before converting it to a tensor. This type of warning will be suppressed for the rest of this program. (Triggered internally at /__w/pytorch/pytorch/torch/csrc/utils/tensor_numpy.cpp:213.)
  return (torch.from_numpy(np.ascontiguousarray(x)),
/data/omar/m2/core/data.py:130: UserWarning: The given NumPy array is not writable, and PyTorch does not support non-writable tensors. This means writing to this tensor will result in undefined behavior. You may want to copy the array to protect its data or make it writable before converting it to a tensor. This type of warning will be suppressed for the rest of this program. (Triggered internally at /__w/pytorch/pytorch/torch/csrc/utils/tensor_numpy.cpp:213.)
  return (torch.from_numpy(np.ascontiguousarray(x)),
/data/omar/m2/core/data.py:130: UserWarning: The given NumPy array is not writable, and PyTorch does not support non-writable tensors. This means writing to this tensor will result in undefined behavior. You may want to copy the array to protect its data or make it writable before converting it to a tensor. This type of warning will be suppressed for the rest of this program. (Triggered internally at /__w/pytorch/pytorch/torch/csrc/utils/tensor_numpy.cpp:213.)
  return (torch.from_numpy(np.ascontiguousarray(x)),
/data/omar/m2/core/data.py:130: UserWarning: The given NumPy array is not writable, and PyTorch does not support non-writable tensors. This means writing to this tensor will result in undefined behavior. You may want to copy the array to protect its data or make it writable before converting it to a tensor. This type of warning will be suppressed for the rest of this program. (Triggered internally at /__w/pytorch/pytorch/torch/csrc/utils/tensor_numpy.cpp:213.)
  return (torch.from_numpy(np.ascontiguousarray(x)),
/data/omar/m2/core/data.py:130: UserWarning: The given NumPy array is not writable, and PyTorch does not support non-writable tensors. This means writing to this tensor will result in undefined behavior. You may want to copy the array to protect its data or make it writable before converting it to a tensor. This type of warning will be suppressed for the rest of this program. (Triggered internally at /__w/pytorch/pytorch/torch/csrc/utils/tensor_numpy.cpp:213.)
  return (torch.from_numpy(np.ascontiguousarray(x)),
/data/omar/m2/core/data.py:130: UserWarning: The given NumPy array is not writable, and PyTorch does not support non-writable tensors. This means writing to this tensor will result in undefined behavior. You may want to copy the array to protect its data or make it writable before converting it to a tensor. This type of warning will be suppressed for the rest of this program. (Triggered internally at /__w/pytorch/pytorch/torch/csrc/utils/tensor_numpy.cpp:213.)
  return (torch.from_numpy(np.ascontiguousarray(x)),
/data/omar/m2/core/data.py:130: UserWarning: The given NumPy array is not writable, and PyTorch does not support non-writable tensors. This means writing to this tensor will result in undefined behavior. You may want to copy the array to protect its data or make it writable before converting it to a tensor. This type of warning will be suppressed for the rest of this program. (Triggered internally at /__w/pytorch/pytorch/torch/csrc/utils/tensor_numpy.cpp:213.)
  return (torch.from_numpy(np.ascontiguousarray(x)),
/data/omar/m2/core/data.py:130: UserWarning: The given NumPy array is not writable, and PyTorch does not support non-writable tensors. This means writing to this tensor will result in undefined behavior. You may want to copy the array to protect its data or make it writable before converting it to a tensor. This type of warning will be suppressed for the rest of this program. (Triggered internally at /__w/pytorch/pytorch/torch/csrc/utils/tensor_numpy.cpp:213.)
  return (torch.from_numpy(np.ascontiguousarray(x)),
/data/omar/m2/core/data.py:130: UserWarning: The given NumPy array is not writable, and PyTorch does not support non-writable tensors. This means writing to this tensor will result in undefined behavior. You may want to copy the array to protect its data or make it writable before converting it to a tensor. This type of warning will be suppressed for the rest of this program. (Triggered internally at /__w/pytorch/pytorch/torch/csrc/utils/tensor_numpy.cpp:213.)
  return (torch.from_numpy(np.ascontiguousarray(x)),
/data/omar/m2/core/data.py:130: UserWarning: The given NumPy array is not writable, and PyTorch does not support non-writable tensors. This means writing to this tensor will result in undefined behavior. You may want to copy the array to protect its data or make it writable before converting it to a tensor. This type of warning will be suppressed for the rest of this program. (Triggered internally at /__w/pytorch/pytorch/torch/csrc/utils/tensor_numpy.cpp:213.)
  return (torch.from_numpy(np.ascontiguousarray(x)),
/data/omar/m2/core/data.py:130: UserWarning: The given NumPy array is not writable, and PyTorch does not support non-writable tensors. This means writing to this tensor will result in undefined behavior. You may want to copy the array to protect its data or make it writable before converting it to a tensor. This type of warning will be suppressed for the rest of this program. (Triggered internally at /__w/pytorch/pytorch/torch/csrc/utils/tensor_numpy.cpp:213.)
  return (torch.from_numpy(np.ascontiguousarray(x)),
/data/omar/m2/core/data.py:130: UserWarning: The given NumPy array is not writable, and PyTorch does not support non-writable tensors. This means writing to this tensor will result in undefined behavior. You may want to copy the array to protect its data or make it writable before converting it to a tensor. This type of warning will be suppressed for the rest of this program. (Triggered internally at /__w/pytorch/pytorch/torch/csrc/utils/tensor_numpy.cpp:213.)
  return (torch.from_numpy(np.ascontiguousarray(x)),
23:35:35 ep 3 step 6100 loss 21.955 word 3.259 mean 34.408 sound 3.705 nb 1.902 lr x0.853 0.26s/step
23:35:58 ep 3 step 6200 loss 22.131 word 3.254 mean 34.768 sound 3.702 nb 1.910 lr x0.849 0.24s/step
23:36:22 ep 3 step 6300 loss 22.026 word 3.244 mean 34.578 sound 3.707 nb 1.901 lr x0.844 0.24s/step
23:36:46 ep 3 step 6400 loss 21.904 word 3.251 mean 34.314 sound 3.705 nb 1.921 lr x0.840 0.24s/step
23:37:10 ep 3 step 6500 loss 21.929 word 3.248 mean 34.381 sound 3.701 nb 1.904 lr x0.835 0.24s/step
23:37:34 ep 3 step 6600 loss 21.789 word 3.240 mean 34.114 sound 3.702 nb 1.909 lr x0.830 0.24s/step
23:37:58 ep 3 step 6700 loss 21.766 word 3.248 mean 34.053 sound 3.703 nb 1.906 lr x0.825 0.24s/step
23:38:21 ep 3 step 6800 loss 21.894 word 3.239 mean 34.323 sound 3.700 nb 1.918 lr x0.820 0.23s/step
23:38:45 ep 3 step 6900 loss 21.754 word 3.228 mean 34.068 sound 3.703 nb 1.905 lr x0.815 0.24s/step
23:39:09 ep 3 step 7000 loss 21.750 word 3.234 mean 34.046 sound 3.701 nb 1.914 lr x0.810 0.24s/step
23:39:33 ep 3 step 7100 loss 21.628 word 3.230 mean 33.817 sound 3.702 nb 1.894 lr x0.805 0.24s/step
23:39:57 ep 3 step 7200 loss 21.541 word 3.232 mean 33.634 sound 3.704 nb 1.906 lr x0.800 0.24s/step
23:40:21 ep 3 step 7300 loss 21.558 word 3.225 mean 33.683 sound 3.698 nb 1.911 lr x0.795 0.24s/step
23:40:44 ep 3 step 7400 loss 21.665 word 3.230 mean 33.887 sound 3.702 nb 1.903 lr x0.790 0.24s/step
23:41:08 ep 3 step 7500 loss 21.483 word 3.228 mean 33.535 sound 3.694 nb 1.896 lr x0.785 0.24s/step
23:41:32 ep 3 step 7600 loss 21.455 word 3.219 mean 33.489 sound 3.698 nb 1.911 lr x0.779 0.24s/step
23:41:56 ep 3 step 7700 loss 21.430 word 3.204 mean 33.475 sound 3.702 nb 1.892 lr x0.774 0.24s/step
23:42:20 ep 3 step 7800 loss 21.465 word 3.218 mean 33.514 sound 3.699 nb 1.898 lr x0.768 0.24s/step
23:42:44 ep 3 step 7900 loss 21.551 word 3.209 mean 33.710 sound 3.698 nb 1.890 lr x0.763 0.24s/step
23:43:07 ep 3 step 8000 loss 21.455 word 3.204 mean 33.524 sound 3.702 nb 1.892 lr x0.758 0.23s/step
/data/omar/m2/core/data.py:130: UserWarning: The given NumPy array is not writable, and PyTorch does not support non-writable tensors. This means writing to this tensor will result in undefined behavior. You may want to copy the array to protect its data or make it writable before converting it to a tensor. This type of warning will be suppressed for the rest of this program. (Triggered internally at /__w/pytorch/pytorch/torch/csrc/utils/tensor_numpy.cpp:213.)
  return (torch.from_numpy(np.ascontiguousarray(x)),
/data/omar/m2/core/data.py:130: UserWarning: The given NumPy array is not writable, and PyTorch does not support non-writable tensors. This means writing to this tensor will result in undefined behavior. You may want to copy the array to protect its data or make it writable before converting it to a tensor. This type of warning will be suppressed for the rest of this program. (Triggered internally at /__w/pytorch/pytorch/torch/csrc/utils/tensor_numpy.cpp:213.)
  return (torch.from_numpy(np.ascontiguousarray(x)),
/data/omar/m2/core/data.py:130: UserWarning: The given NumPy array is not writable, and PyTorch does not support non-writable tensors. This means writing to this tensor will result in undefined behavior. You may want to copy the array to protect its data or make it writable before converting it to a tensor. This type of warning will be suppressed for the rest of this program. (Triggered internally at /__w/pytorch/pytorch/torch/csrc/utils/tensor_numpy.cpp:213.)
  return (torch.from_numpy(np.ascontiguousarray(x)),
/data/omar/m2/core/data.py:130: UserWarning: The given NumPy array is not writable, and PyTorch does not support non-writable tensors. This means writing to this tensor will result in undefined behavior. You may want to copy the array to protect its data or make it writable before converting it to a tensor. This type of warning will be suppressed for the rest of this program. (Triggered internally at /__w/pytorch/pytorch/torch/csrc/utils/tensor_numpy.cpp:213.)
  return (torch.from_numpy(np.ascontiguousarray(x)),
/data/omar/m2/core/data.py:130: UserWarning: The given NumPy array is not writable, and PyTorch does not support non-writable tensors. This means writing to this tensor will result in undefined behavior. You may want to copy the array to protect its data or make it writable before converting it to a tensor. This type of warning will be suppressed for the rest of this program. (Triggered internally at /__w/pytorch/pytorch/torch/csrc/utils/tensor_numpy.cpp:213.)
  return (torch.from_numpy(np.ascontiguousarray(x)),
/data/omar/m2/core/data.py:130: UserWarning: The given NumPy array is not writable, and PyTorch does not support non-writable tensors. This means writing to this tensor will result in undefined behavior. You may want to copy the array to protect its data or make it writable before converting it to a tensor. This type of warning will be suppressed for the rest of this program. (Triggered internally at /__w/pytorch/pytorch/torch/csrc/utils/tensor_numpy.cpp:213.)
  return (torch.from_numpy(np.ascontiguousarray(x)),
/data/omar/m2/core/data.py:130: UserWarning: The given NumPy array is not writable, and PyTorch does not support non-writable tensors. This means writing to this tensor will result in undefined behavior. You may want to copy the array to protect its data or make it writable before converting it to a tensor. This type of warning will be suppressed for the rest of this program. (Triggered internally at /__w/pytorch/pytorch/torch/csrc/utils/tensor_numpy.cpp:213.)
  return (torch.from_numpy(np.ascontiguousarray(x)),
/data/omar/m2/core/data.py:130: UserWarning: The given NumPy array is not writable, and PyTorch does not support non-writable tensors. This means writing to this tensor will result in undefined behavior. You may want to copy the array to protect its data or make it writable before converting it to a tensor. This type of warning will be suppressed for the rest of this program. (Triggered internally at /__w/pytorch/pytorch/torch/csrc/utils/tensor_numpy.cpp:213.)
  return (torch.from_numpy(np.ascontiguousarray(x)),
23:43:11 == epoch 3 deep: bacc10 0.2888 bacc1 0.0376 grid 0.2946@(1.0, 0.0) | broad: bacc10 0.3955 bacc1 0.0505 grid 0.4126@(1.0, 0.0)
/data/omar/m2/core/data.py:130: UserWarning: The given NumPy array is not writable, and PyTorch does not support non-writable tensors. This means writing to this tensor will result in undefined behavior. You may want to copy the array to protect its data or make it writable before converting it to a tensor. This type of warning will be suppressed for the rest of this program. (Triggered internally at /__w/pytorch/pytorch/torch/csrc/utils/tensor_numpy.cpp:213.)
  return (torch.from_numpy(np.ascontiguousarray(x)),
/data/omar/m2/core/data.py:130: UserWarning: The given NumPy array is not writable, and PyTorch does not support non-writable tensors. This means writing to this tensor will result in undefined behavior. You may want to copy the array to protect its data or make it writable before converting it to a tensor. This type of warning will be suppressed for the rest of this program. (Triggered internally at /__w/pytorch/pytorch/torch/csrc/utils/tensor_numpy.cpp:213.)
  return (torch.from_numpy(np.ascontiguousarray(x)),
/data/omar/m2/core/data.py:130: UserWarning: The given NumPy array is not writable, and PyTorch does not support non-writable tensors. This means writing to this tensor will result in undefined behavior. You may want to copy the array to protect its data or make it writable before converting it to a tensor. This type of warning will be suppressed for the rest of this program. (Triggered internally at /__w/pytorch/pytorch/torch/csrc/utils/tensor_numpy.cpp:213.)
  return (torch.from_numpy(np.ascontiguousarray(x)),
/data/omar/m2/core/data.py:130: UserWarning: The given NumPy array is not writable, and PyTorch does not support non-writable tensors. This means writing to this tensor will result in undefined behavior. You may want to copy the array to protect its data or make it writable before converting it to a tensor. This type of warning will be suppressed for the rest of this program. (Triggered internally at /__w/pytorch/pytorch/torch/csrc/utils/tensor_numpy.cpp:213.)
  return (torch.from_numpy(np.ascontiguousarray(x)),
/data/omar/m2/core/data.py:130: UserWarning: The given NumPy array is not writable, and PyTorch does not support non-writable tensors. This means writing to this tensor will result in undefined behavior. You may want to copy the array to protect its data or make it writable before converting it to a tensor. This type of warning will be suppressed for the rest of this program. (Triggered internally at /__w/pytorch/pytorch/torch/csrc/utils/tensor_numpy.cpp:213.)
  return (torch.from_numpy(np.ascontiguousarray(x)),
/data/omar/m2/core/data.py:130: UserWarning: The given NumPy array is not writable, and PyTorch does not support non-writable tensors. This means writing to this tensor will result in undefined behavior. You may want to copy the array to protect its data or make it writable before converting it to a tensor. This type of warning will be suppressed for the rest of this program. (Triggered internally at /__w/pytorch/pytorch/torch/csrc/utils/tensor_numpy.cpp:213.)
  return (torch.from_numpy(np.ascontiguousarray(x)),
/data/omar/m2/core/data.py:130: UserWarning: The given NumPy array is not writable, and PyTorch does not support non-writable tensors. This means writing to this tensor will result in undefined behavior. You may want to copy the array to protect its data or make it writable before converting it to a tensor. This type of warning will be suppressed for the rest of this program. (Triggered internally at /__w/pytorch/pytorch/torch/csrc/utils/tensor_numpy.cpp:213.)
  return (torch.from_numpy(np.ascontiguousarray(x)),
/data/omar/m2/core/data.py:130: UserWarning: The given NumPy array is not writable, and PyTorch does not support non-writable tensors. This means writing to this tensor will result in undefined behavior. You may want to copy the array to protect its data or make it writable before converting it to a tensor. This type of warning will be suppressed for the rest of this program. (Triggered internally at /__w/pytorch/pytorch/torch/csrc/utils/tensor_numpy.cpp:213.)
  return (torch.from_numpy(np.ascontiguousarray(x)),
/data/omar/m2/core/data.py:130: UserWarning: The given NumPy array is not writable, and PyTorch does not support non-writable tensors. This means writing to this tensor will result in undefined behavior. You may want to copy the array to protect its data or make it writable before converting it to a tensor. This type of warning will be suppressed for the rest of this program. (Triggered internally at /__w/pytorch/pytorch/torch/csrc/utils/tensor_numpy.cpp:213.)
  return (torch.from_numpy(np.ascontiguousarray(x)),
/data/omar/m2/core/data.py:130: UserWarning: The given NumPy array is not writable, and PyTorch does not support non-writable tensors. This means writing to this tensor will result in undefined behavior. You may want to copy the array to protect its data or make it writable before converting it to a tensor. This type of warning will be suppressed for the rest of this program. (Triggered internally at /__w/pytorch/pytorch/torch/csrc/utils/tensor_numpy.cpp:213.)
  return (torch.from_numpy(np.ascontiguousarray(x)),
/data/omar/m2/core/data.py:130: UserWarning: The given NumPy array is not writable, and PyTorch does not support non-writable tensors. This means writing to this tensor will result in undefined behavior. You may want to copy the array to protect its data or make it writable before converting it to a tensor. This type of warning will be suppressed for the rest of this program. (Triggered internally at /__w/pytorch/pytorch/torch/csrc/utils/tensor_numpy.cpp:213.)
  return (torch.from_numpy(np.ascontiguousarray(x)),
/data/omar/m2/core/data.py:130: UserWarning: The given NumPy array is not writable, and PyTorch does not support non-writable tensors. This means writing to this tensor will result in undefined behavior. You may want to copy the array to protect its data or make it writable before converting it to a tensor. This type of warning will be suppressed for the rest of this program. (Triggered internally at /__w/pytorch/pytorch/torch/csrc/utils/tensor_numpy.cpp:213.)
  return (torch.from_numpy(np.ascontiguousarray(x)),
23:43:38 ep 4 step 8100 loss 21.337 word 3.209 mean 33.286 sound 3.693 nb 1.885 lr x0.752 0.26s/step
23:44:02 ep 4 step 8200 loss 21.227 word 3.201 mean 33.078 sound 3.697 nb 1.893 lr x0.746 0.24s/step
23:44:25 ep 4 step 8300 loss 21.213 word 3.200 mean 33.051 sound 3.695 nb 1.900 lr x0.741 0.24s/step
23:44:50 ep 4 step 8400 loss 21.325 word 3.191 mean 33.292 sound 3.698 nb 1.891 lr x0.735 0.24s/step
23:45:13 ep 4 step 8500 loss 21.172 word 3.198 mean 32.967 sound 3.698 nb 1.905 lr x0.730 0.24s/step
23:45:37 ep 4 step 8600 loss 21.092 word 3.186 mean 32.841 sound 3.691 nb 1.893 lr x0.724 0.24s/step
23:46:01 ep 4 step 8700 loss 21.026 word 3.174 mean 32.734 sound 3.692 nb 1.884 lr x0.718 0.24s/step
23:46:25 ep 4 step 8800 loss 21.107 word 3.190 mean 32.854 sound 3.699 nb 1.903 lr x0.712 0.24s/step
23:46:48 ep 4 step 8900 loss 20.889 word 3.177 mean 32.447 sound 3.695 nb 1.901 lr x0.707 0.23s/step
23:47:11 ep 4 step 9000 loss 20.973 word 3.179 mean 32.614 sound 3.695 nb 1.891 lr x0.701 0.23s/step
23:47:35 ep 4 step 9100 loss 20.891 word 3.190 mean 32.428 sound 3.692 nb 1.893 lr x0.695 0.24s/step
23:47:58 ep 4 step 9200 loss 20.877 word 3.179 mean 32.427 sound 3.692 nb 1.881 lr x0.689 0.24s/step
23:48:22 ep 4 step 9300 loss 21.187 word 3.167 mean 33.070 sound 3.694 nb 1.884 lr x0.683 0.23s/step
23:48:45 ep 4 step 9400 loss 20.904 word 3.166 mean 32.502 sound 3.691 nb 1.902 lr x0.677 0.23s/step
23:49:09 ep 4 step 9500 loss 20.801 word 3.167 mean 32.296 sound 3.693 nb 1.891 lr x0.671 0.24s/step
23:49:33 ep 4 step 9600 loss 20.882 word 3.174 mean 32.443 sound 3.692 nb 1.898 lr x0.665 0.24s/step
23:49:56 ep 4 step 9700 loss 20.830 word 3.170 mean 32.350 sound 3.692 nb 1.888 lr x0.659 0.24s/step
23:50:20 ep 4 step 9800 loss 20.723 word 3.173 mean 32.126 sound 3.692 nb 1.896 lr x0.653 0.24s/step
23:50:44 ep 4 step 9900 loss 20.805 word 3.152 mean 32.344 sound 3.692 nb 1.869 lr x0.647 0.24s/step
23:51:07 ep 4 step 10000 loss 20.508 word 3.163 mean 31.721 sound 3.694 nb 1.884 lr x0.641 0.23s/step
/data/omar/m2/core/data.py:130: UserWarning: The given NumPy array is not writable, and PyTorch does not support non-writable tensors. This means writing to this tensor will result in undefined behavior. You may want to copy the array to protect its data or make it writable before converting it to a tensor. This type of warning will be suppressed for the rest of this program. (Triggered internally at /__w/pytorch/pytorch/torch/csrc/utils/tensor_numpy.cpp:213.)
  return (torch.from_numpy(np.ascontiguousarray(x)),
/data/omar/m2/core/data.py:130: UserWarning: The given NumPy array is not writable, and PyTorch does not support non-writable tensors. This means writing to this tensor will result in undefined behavior. You may want to copy the array to protect its data or make it writable before converting it to a tensor. This type of warning will be suppressed for the rest of this program. (Triggered internally at /__w/pytorch/pytorch/torch/csrc/utils/tensor_numpy.cpp:213.)
  return (torch.from_numpy(np.ascontiguousarray(x)),
/data/omar/m2/core/data.py:130: UserWarning: The given NumPy array is not writable, and PyTorch does not support non-writable tensors. This means writing to this tensor will result in undefined behavior. You may want to copy the array to protect its data or make it writable before converting it to a tensor. This type of warning will be suppressed for the rest of this program. (Triggered internally at /__w/pytorch/pytorch/torch/csrc/utils/tensor_numpy.cpp:213.)
  return (torch.from_numpy(np.ascontiguousarray(x)),
/data/omar/m2/core/data.py:130: UserWarning: The given NumPy array is not writable, and PyTorch does not support non-writable tensors. This means writing to this tensor will result in undefined behavior. You may want to copy the array to protect its data or make it writable before converting it to a tensor. This type of warning will be suppressed for the rest of this program. (Triggered internally at /__w/pytorch/pytorch/torch/csrc/utils/tensor_numpy.cpp:213.)
  return (torch.from_numpy(np.ascontiguousarray(x)),
/data/omar/m2/core/data.py:130: UserWarning: The given NumPy array is not writable, and PyTorch does not support non-writable tensors. This means writing to this tensor will result in undefined behavior. You may want to copy the array to protect its data or make it writable before converting it to a tensor. This type of warning will be suppressed for the rest of this program. (Triggered internally at /__w/pytorch/pytorch/torch/csrc/utils/tensor_numpy.cpp:213.)
  return (torch.from_numpy(np.ascontiguousarray(x)),
/data/omar/m2/core/data.py:130: UserWarning: The given NumPy array is not writable, and PyTorch does not support non-writable tensors. This means writing to this tensor will result in undefined behavior. You may want to copy the array to protect its data or make it writable before converting it to a tensor. This type of warning will be suppressed for the rest of this program. (Triggered internally at /__w/pytorch/pytorch/torch/csrc/utils/tensor_numpy.cpp:213.)
  return (torch.from_numpy(np.ascontiguousarray(x)),
/data/omar/m2/core/data.py:130: UserWarning: The given NumPy array is not writable, and PyTorch does not support non-writable tensors. This means writing to this tensor will result in undefined behavior. You may want to copy the array to protect its data or make it writable before converting it to a tensor. This type of warning will be suppressed for the rest of this program. (Triggered internally at /__w/pytorch/pytorch/torch/csrc/utils/tensor_numpy.cpp:213.)
  return (torch.from_numpy(np.ascontiguousarray(x)),
/data/omar/m2/core/data.py:130: UserWarning: The given NumPy array is not writable, and PyTorch does not support non-writable tensors. This means writing to this tensor will result in undefined behavior. You may want to copy the array to protect its data or make it writable before converting it to a tensor. This type of warning will be suppressed for the rest of this program. (Triggered internally at /__w/pytorch/pytorch/torch/csrc/utils/tensor_numpy.cpp:213.)
  return (torch.from_numpy(np.ascontiguousarray(x)),
23:51:11 == epoch 4 deep: bacc10 0.2916 bacc1 0.0389 grid 0.3114@(1.0, 0.0) | broad: bacc10 0.3845 bacc1 0.0530 grid 0.3957@(1.0, 0.0)
/data/omar/m2/core/data.py:130: UserWarning: The given NumPy array is not writable, and PyTorch does not support non-writable tensors. This means writing to this tensor will result in undefined behavior. You may want to copy the array to protect its data or make it writable before converting it to a tensor. This type of warning will be suppressed for the rest of this program. (Triggered internally at /__w/pytorch/pytorch/torch/csrc/utils/tensor_numpy.cpp:213.)
  return (torch.from_numpy(np.ascontiguousarray(x)),
/data/omar/m2/core/data.py:130: UserWarning: The given NumPy array is not writable, and PyTorch does not support non-writable tensors. This means writing to this tensor will result in undefined behavior. You may want to copy the array to protect its data or make it writable before converting it to a tensor. This type of warning will be suppressed for the rest of this program. (Triggered internally at /__w/pytorch/pytorch/torch/csrc/utils/tensor_numpy.cpp:213.)
  return (torch.from_numpy(np.ascontiguousarray(x)),
/data/omar/m2/core/data.py:130: UserWarning: The given NumPy array is not writable, and PyTorch does not support non-writable tensors. This means writing to this tensor will result in undefined behavior. You may want to copy the array to protect its data or make it writable before converting it to a tensor. This type of warning will be suppressed for the rest of this program. (Triggered internally at /__w/pytorch/pytorch/torch/csrc/utils/tensor_numpy.cpp:213.)
  return (torch.from_numpy(np.ascontiguousarray(x)),
/data/omar/m2/core/data.py:130: UserWarning: The given NumPy array is not writable, and PyTorch does not support non-writable tensors. This means writing to this tensor will result in undefined behavior. You may want to copy the array to protect its data or make it writable before converting it to a tensor. This type of warning will be suppressed for the rest of this program. (Triggered internally at /__w/pytorch/pytorch/torch/csrc/utils/tensor_numpy.cpp:213.)
  return (torch.from_numpy(np.ascontiguousarray(x)),
/data/omar/m2/core/data.py:130: UserWarning: The given NumPy array is not writable, and PyTorch does not support non-writable tensors. This means writing to this tensor will result in undefined behavior. You may want to copy the array to protect its data or make it writable before converting it to a tensor. This type of warning will be suppressed for the rest of this program. (Triggered internally at /__w/pytorch/pytorch/torch/csrc/utils/tensor_numpy.cpp:213.)
  return (torch.from_numpy(np.ascontiguousarray(x)),
/data/omar/m2/core/data.py:130: UserWarning: The given NumPy array is not writable, and PyTorch does not support non-writable tensors. This means writing to this tensor will result in undefined behavior. You may want to copy the array to protect its data or make it writable before converting it to a tensor. This type of warning will be suppressed for the rest of this program. (Triggered internally at /__w/pytorch/pytorch/torch/csrc/utils/tensor_numpy.cpp:213.)
  return (torch.from_numpy(np.ascontiguousarray(x)),
/data/omar/m2/core/data.py:130: UserWarning: The given NumPy array is not writable, and PyTorch does not support non-writable tensors. This means writing to this tensor will result in undefined behavior. You may want to copy the array to protect its data or make it writable before converting it to a tensor. This type of warning will be suppressed for the rest of this program. (Triggered internally at /__w/pytorch/pytorch/torch/csrc/utils/tensor_numpy.cpp:213.)
  return (torch.from_numpy(np.ascontiguousarray(x)),
/data/omar/m2/core/data.py:130: UserWarning: The given NumPy array is not writable, and PyTorch does not support non-writable tensors. This means writing to this tensor will result in undefined behavior. You may want to copy the array to protect its data or make it writable before converting it to a tensor. This type of warning will be suppressed for the rest of this program. (Triggered internally at /__w/pytorch/pytorch/torch/csrc/utils/tensor_numpy.cpp:213.)
  return (torch.from_numpy(np.ascontiguousarray(x)),
/data/omar/m2/core/data.py:130: UserWarning: The given NumPy array is not writable, and PyTorch does not support non-writable tensors. This means writing to this tensor will result in undefined behavior. You may want to copy the array to protect its data or make it writable before converting it to a tensor. This type of warning will be suppressed for the rest of this program. (Triggered internally at /__w/pytorch/pytorch/torch/csrc/utils/tensor_numpy.cpp:213.)
  return (torch.from_numpy(np.ascontiguousarray(x)),
/data/omar/m2/core/data.py:130: UserWarning: The given NumPy array is not writable, and PyTorch does not support non-writable tensors. This means writing to this tensor will result in undefined behavior. You may want to copy the array to protect its data or make it writable before converting it to a tensor. This type of warning will be suppressed for the rest of this program. (Triggered internally at /__w/pytorch/pytorch/torch/csrc/utils/tensor_numpy.cpp:213.)
  return (torch.from_numpy(np.ascontiguousarray(x)),
/data/omar/m2/core/data.py:130: UserWarning: The given NumPy array is not writable, and PyTorch does not support non-writable tensors. This means writing to this tensor will result in undefined behavior. You may want to copy the array to protect its data or make it writable before converting it to a tensor. This type of warning will be suppressed for the rest of this program. (Triggered internally at /__w/pytorch/pytorch/torch/csrc/utils/tensor_numpy.cpp:213.)
  return (torch.from_numpy(np.ascontiguousarray(x)),
/data/omar/m2/core/data.py:130: UserWarning: The given NumPy array is not writable, and PyTorch does not support non-writable tensors. This means writing to this tensor will result in undefined behavior. You may want to copy the array to protect its data or make it writable before converting it to a tensor. This type of warning will be suppressed for the rest of this program. (Triggered internally at /__w/pytorch/pytorch/torch/csrc/utils/tensor_numpy.cpp:213.)
  return (torch.from_numpy(np.ascontiguousarray(x)),
23:51:37 ep 5 step 10100 loss 20.901 word 3.155 mean 32.522 sound 3.690 nb 1.889 lr x0.634 0.26s/step
23:52:01 ep 5 step 10200 loss 20.583 word 3.148 mean 31.902 sound 3.693 nb 1.879 lr x0.628 0.24s/step
23:52:25 ep 5 step 10300 loss 20.564 word 3.143 mean 31.876 sound 3.688 nb 1.880 lr x0.622 0.24s/step
23:52:49 ep 5 step 10400 loss 20.848 word 3.143 mean 32.439 sound 3.691 nb 1.892 lr x0.616 0.24s/step
23:53:12 ep 5 step 10500 loss 20.401 word 3.148 mean 31.547 sound 3.688 nb 1.866 lr x0.610 0.24s/step
23:53:36 ep 5 step 10600 loss 20.429 word 3.148 mean 31.599 sound 3.691 nb 1.870 lr x0.603 0.24s/step
23:54:00 ep 5 step 10700 loss 20.468 word 3.139 mean 31.700 sound 3.686 nb 1.864 lr x0.597 0.24s/step
23:54:24 ep 5 step 10800 loss 20.463 word 3.126 mean 31.703 sound 3.688 nb 1.893 lr x0.591 0.24s/step
23:54:48 ep 5 step 10900 loss 20.615 word 3.117 mean 32.036 sound 3.687 nb 1.869 lr x0.585 0.24s/step
23:55:11 ep 5 step 11000 loss 20.251 word 3.119 mean 31.295 sound 3.689 nb 1.889 lr x0.578 0.24s/step
23:55:35 ep 5 step 11100 loss 20.205 word 3.126 mean 31.191 sound 3.685 nb 1.889 lr x0.572 0.24s/step
23:55:59 ep 5 step 11200 loss 20.248 word 3.123 mean 31.285 sound 3.686 nb 1.883 lr x0.566 0.24s/step
23:56:23 ep 5 step 11300 loss 20.356 word 3.129 mean 31.495 sound 3.685 nb 1.870 lr x0.559 0.24s/step
23:56:47 ep 5 step 11400 loss 20.419 word 3.112 mean 31.656 sound 3.682 nb 1.871 lr x0.553 0.24s/step
23:57:10 ep 5 step 11500 loss 20.306 word 3.116 mean 31.419 sound 3.687 nb 1.872 lr x0.547 0.24s/step
23:57:34 ep 5 step 11600 loss 20.270 word 3.110 mean 31.361 sound 3.682 nb 1.874 lr x0.540 0.24s/step
23:57:58 ep 5 step 11700 loss 20.067 word 3.114 mean 30.946 sound 3.681 nb 1.879 lr x0.534 0.24s/step
23:58:21 ep 5 step 11800 loss 20.220 word 3.102 mean 31.281 sound 3.680 nb 1.868 lr x0.528 0.24s/step
23:58:45 ep 5 step 11900 loss 20.065 word 3.116 mean 30.947 sound 3.682 nb 1.858 lr x0.521 0.24s/step
23:59:08 ep 5 step 12000 loss 20.045 word 3.097 mean 30.936 sound 3.685 nb 1.875 lr x0.515 0.23s/step
/data/omar/m2/core/data.py:130: UserWarning: The given NumPy array is not writable, and PyTorch does not support non-writable tensors. This means writing to this tensor will result in undefined behavior. You may want to copy the array to protect its data or make it writable before converting it to a tensor. This type of warning will be suppressed for the rest of this program. (Triggered internally at /__w/pytorch/pytorch/torch/csrc/utils/tensor_numpy.cpp:213.)
  return (torch.from_numpy(np.ascontiguousarray(x)),
/data/omar/m2/core/data.py:130: UserWarning: The given NumPy array is not writable, and PyTorch does not support non-writable tensors. This means writing to this tensor will result in undefined behavior. You may want to copy the array to protect its data or make it writable before converting it to a tensor. This type of warning will be suppressed for the rest of this program. (Triggered internally at /__w/pytorch/pytorch/torch/csrc/utils/tensor_numpy.cpp:213.)
  return (torch.from_numpy(np.ascontiguousarray(x)),
/data/omar/m2/core/data.py:130: UserWarning: The given NumPy array is not writable, and PyTorch does not support non-writable tensors. This means writing to this tensor will result in undefined behavior. You may want to copy the array to protect its data or make it writable before converting it to a tensor. This type of warning will be suppressed for the rest of this program. (Triggered internally at /__w/pytorch/pytorch/torch/csrc/utils/tensor_numpy.cpp:213.)
  return (torch.from_numpy(np.ascontiguousarray(x)),
/data/omar/m2/core/data.py:130: UserWarning: The given NumPy array is not writable, and PyTorch does not support non-writable tensors. This means writing to this tensor will result in undefined behavior. You may want to copy the array to protect its data or make it writable before converting it to a tensor. This type of warning will be suppressed for the rest of this program. (Triggered internally at /__w/pytorch/pytorch/torch/csrc/utils/tensor_numpy.cpp:213.)
  return (torch.from_numpy(np.ascontiguousarray(x)),
/data/omar/m2/core/data.py:130: UserWarning: The given NumPy array is not writable, and PyTorch does not support non-writable tensors. This means writing to this tensor will result in undefined behavior. You may want to copy the array to protect its data or make it writable before converting it to a tensor. This type of warning will be suppressed for the rest of this program. (Triggered internally at /__w/pytorch/pytorch/torch/csrc/utils/tensor_numpy.cpp:213.)
  return (torch.from_numpy(np.ascontiguousarray(x)),
/data/omar/m2/core/data.py:130: UserWarning: The given NumPy array is not writable, and PyTorch does not support non-writable tensors. This means writing to this tensor will result in undefined behavior. You may want to copy the array to protect its data or make it writable before converting it to a tensor. This type of warning will be suppressed for the rest of this program. (Triggered internally at /__w/pytorch/pytorch/torch/csrc/utils/tensor_numpy.cpp:213.)
  return (torch.from_numpy(np.ascontiguousarray(x)),
/data/omar/m2/core/data.py:130: UserWarning: The given NumPy array is not writable, and PyTorch does not support non-writable tensors. This means writing to this tensor will result in undefined behavior. You may want to copy the array to protect its data or make it writable before converting it to a tensor. This type of warning will be suppressed for the rest of this program. (Triggered internally at /__w/pytorch/pytorch/torch/csrc/utils/tensor_numpy.cpp:213.)
  return (torch.from_numpy(np.ascontiguousarray(x)),
/data/omar/m2/core/data.py:130: UserWarning: The given NumPy array is not writable, and PyTorch does not support non-writable tensors. This means writing to this tensor will result in undefined behavior. You may want to copy the array to protect its data or make it writable before converting it to a tensor. This type of warning will be suppressed for the rest of this program. (Triggered internally at /__w/pytorch/pytorch/torch/csrc/utils/tensor_numpy.cpp:213.)
  return (torch.from_numpy(np.ascontiguousarray(x)),
23:59:12 == epoch 5 deep: bacc10 0.2913 bacc1 0.0413 grid 0.3125@(1.0, 0.0) | broad: bacc10 0.3872 bacc1 0.0527 grid 0.3886@(1.0, 0.0)
/data/omar/m2/core/data.py:130: UserWarning: The given NumPy array is not writable, and PyTorch does not support non-writable tensors. This means writing to this tensor will result in undefined behavior. You may want to copy the array to protect its data or make it writable before converting it to a tensor. This type of warning will be suppressed for the rest of this program. (Triggered internally at /__w/pytorch/pytorch/torch/csrc/utils/tensor_numpy.cpp:213.)
  return (torch.from_numpy(np.ascontiguousarray(x)),
/data/omar/m2/core/data.py:130: UserWarning: The given NumPy array is not writable, and PyTorch does not support non-writable tensors. This means writing to this tensor will result in undefined behavior. You may want to copy the array to protect its data or make it writable before converting it to a tensor. This type of warning will be suppressed for the rest of this program. (Triggered internally at /__w/pytorch/pytorch/torch/csrc/utils/tensor_numpy.cpp:213.)
  return (torch.from_numpy(np.ascontiguousarray(x)),
/data/omar/m2/core/data.py:130: UserWarning: The given NumPy array is not writable, and PyTorch does not support non-writable tensors. This means writing to this tensor will result in undefined behavior. You may want to copy the array to protect its data or make it writable before converting it to a tensor. This type of warning will be suppressed for the rest of this program. (Triggered internally at /__w/pytorch/pytorch/torch/csrc/utils/tensor_numpy.cpp:213.)
  return (torch.from_numpy(np.ascontiguousarray(x)),
/data/omar/m2/core/data.py:130: UserWarning: The given NumPy array is not writable, and PyTorch does not support non-writable tensors. This means writing to this tensor will result in undefined behavior. You may want to copy the array to protect its data or make it writable before converting it to a tensor. This type of warning will be suppressed for the rest of this program. (Triggered internally at /__w/pytorch/pytorch/torch/csrc/utils/tensor_numpy.cpp:213.)
  return (torch.from_numpy(np.ascontiguousarray(x)),
/data/omar/m2/core/data.py:130: UserWarning: The given NumPy array is not writable, and PyTorch does not support non-writable tensors. This means writing to this tensor will result in undefined behavior. You may want to copy the array to protect its data or make it writable before converting it to a tensor. This type of warning will be suppressed for the rest of this program. (Triggered internally at /__w/pytorch/pytorch/torch/csrc/utils/tensor_numpy.cpp:213.)
  return (torch.from_numpy(np.ascontiguousarray(x)),
/data/omar/m2/core/data.py:130: UserWarning: The given NumPy array is not writable, and PyTorch does not support non-writable tensors. This means writing to this tensor will result in undefined behavior. You may want to copy the array to protect its data or make it writable before converting it to a tensor. This type of warning will be suppressed for the rest of this program. (Triggered internally at /__w/pytorch/pytorch/torch/csrc/utils/tensor_numpy.cpp:213.)
  return (torch.from_numpy(np.ascontiguousarray(x)),
/data/omar/m2/core/data.py:130: UserWarning: The given NumPy array is not writable, and PyTorch does not support non-writable tensors. This means writing to this tensor will result in undefined behavior. You may want to copy the array to protect its data or make it writable before converting it to a tensor. This type of warning will be suppressed for the rest of this program. (Triggered internally at /__w/pytorch/pytorch/torch/csrc/utils/tensor_numpy.cpp:213.)
  return (torch.from_numpy(np.ascontiguousarray(x)),
/data/omar/m2/core/data.py:130: UserWarning: The given NumPy array is not writable, and PyTorch does not support non-writable tensors. This means writing to this tensor will result in undefined behavior. You may want to copy the array to protect its data or make it writable before converting it to a tensor. This type of warning will be suppressed for the rest of this program. (Triggered internally at /__w/pytorch/pytorch/torch/csrc/utils/tensor_numpy.cpp:213.)
  return (torch.from_numpy(np.ascontiguousarray(x)),
/data/omar/m2/core/data.py:130: UserWarning: The given NumPy array is not writable, and PyTorch does not support non-writable tensors. This means writing to this tensor will result in undefined behavior. You may want to copy the array to protect its data or make it writable before converting it to a tensor. This type of warning will be suppressed for the rest of this program. (Triggered internally at /__w/pytorch/pytorch/torch/csrc/utils/tensor_numpy.cpp:213.)
  return (torch.from_numpy(np.ascontiguousarray(x)),
/data/omar/m2/core/data.py:130: UserWarning: The given NumPy array is not writable, and PyTorch does not support non-writable tensors. This means writing to this tensor will result in undefined behavior. You may want to copy the array to protect its data or make it writable before converting it to a tensor. This type of warning will be suppressed for the rest of this program. (Triggered internally at /__w/pytorch/pytorch/torch/csrc/utils/tensor_numpy.cpp:213.)
  return (torch.from_numpy(np.ascontiguousarray(x)),
/data/omar/m2/core/data.py:130: UserWarning: The given NumPy array is not writable, and PyTorch does not support non-writable tensors. This means writing to this tensor will result in undefined behavior. You may want to copy the array to protect its data or make it writable before converting it to a tensor. This type of warning will be suppressed for the rest of this program. (Triggered internally at /__w/pytorch/pytorch/torch/csrc/utils/tensor_numpy.cpp:213.)
  return (torch.from_numpy(np.ascontiguousarray(x)),
/data/omar/m2/core/data.py:130: UserWarning: The given NumPy array is not writable, and PyTorch does not support non-writable tensors. This means writing to this tensor will result in undefined behavior. You may want to copy the array to protect its data or make it writable before converting it to a tensor. This type of warning will be suppressed for the rest of this program. (Triggered internally at /__w/pytorch/pytorch/torch/csrc/utils/tensor_numpy.cpp:213.)
  return (torch.from_numpy(np.ascontiguousarray(x)),
23:59:39 ep 6 step 12100 loss 20.083 word 3.106 mean 30.985 sound 3.688 nb 1.889 lr x0.509 0.26s/step
00:00:03 ep 6 step 12200 loss 20.075 word 3.106 mean 30.977 sound 3.686 nb 1.871 lr x0.502 0.24s/step
00:00:27 ep 6 step 12300 loss 20.165 word 3.095 mean 31.183 sound 3.677 nb 1.874 lr x0.496 0.24s/step
00:00:50 ep 6 step 12400 loss 20.184 word 3.090 mean 31.227 sound 3.686 nb 1.875 lr x0.490 0.24s/step
00:01:14 ep 6 step 12500 loss 19.882 word 3.093 mean 30.620 sound 3.683 nb 1.869 lr x0.483 0.24s/step
00:01:38 ep 6 step 12600 loss 20.018 word 3.077 mean 30.927 sound 3.680 nb 1.868 lr x0.477 0.24s/step
00:02:02 ep 6 step 12700 loss 19.917 word 3.089 mean 30.702 sound 3.682 nb 1.863 lr x0.471 0.24s/step
00:02:25 ep 6 step 12800 loss 19.685 word 3.088 mean 30.241 sound 3.677 nb 1.870 lr x0.464 0.24s/step
00:02:49 ep 6 step 12900 loss 19.992 word 3.089 mean 30.854 sound 3.682 nb 1.863 lr x0.458 0.24s/step
00:03:13 ep 6 step 13000 loss 19.862 word 3.073 mean 30.616 sound 3.686 nb 1.872 lr x0.452 0.24s/step
00:03:37 ep 6 step 13100 loss 19.790 word 3.076 mean 30.475 sound 3.679 nb 1.862 lr x0.445 0.24s/step
00:04:01 ep 6 step 13200 loss 19.824 word 3.066 mean 30.565 sound 3.681 nb 1.860 lr x0.439 0.24s/step
00:04:25 ep 6 step 13300 loss 19.798 word 3.060 mean 30.519 sound 3.683 nb 1.866 lr x0.433 0.24s/step
00:04:49 ep 6 step 13400 loss 19.764 word 3.068 mean 30.442 sound 3.678 nb 1.859 lr x0.427 0.24s/step
00:05:13 ep 6 step 13500 loss 19.756 word 3.065 mean 30.422 sound 3.680 nb 1.876 lr x0.420 0.24s/step
00:05:36 ep 6 step 13600 loss 19.712 word 3.053 mean 30.370 sound 3.681 nb 1.845 lr x0.414 0.24s/step
00:06:00 ep 6 step 13700 loss 19.439 word 3.071 mean 29.786 sound 3.678 nb 1.861 lr x0.408 0.24s/step
00:06:23 ep 6 step 13800 loss 19.525 word 3.061 mean 29.975 sound 3.680 nb 1.860 lr x0.402 0.23s/step
00:06:47 ep 6 step 13900 loss 19.621 word 3.065 mean 30.165 sound 3.676 nb 1.858 lr x0.396 0.24s/step
00:07:10 ep 6 step 14000 loss 19.702 word 3.058 mean 30.337 sound 3.682 nb 1.852 lr x0.390 0.23s/step
/data/omar/m2/core/data.py:130: UserWarning: The given NumPy array is not writable, and PyTorch does not support non-writable tensors. This means writing to this tensor will result in undefined behavior. You may want to copy the array to protect its data or make it writable before converting it to a tensor. This type of warning will be suppressed for the rest of this program. (Triggered internally at /__w/pytorch/pytorch/torch/csrc/utils/tensor_numpy.cpp:213.)
  return (torch.from_numpy(np.ascontiguousarray(x)),
/data/omar/m2/core/data.py:130: UserWarning: The given NumPy array is not writable, and PyTorch does not support non-writable tensors. This means writing to this tensor will result in undefined behavior. You may want to copy the array to protect its data or make it writable before converting it to a tensor. This type of warning will be suppressed for the rest of this program. (Triggered internally at /__w/pytorch/pytorch/torch/csrc/utils/tensor_numpy.cpp:213.)
  return (torch.from_numpy(np.ascontiguousarray(x)),
/data/omar/m2/core/data.py:130: UserWarning: The given NumPy array is not writable, and PyTorch does not support non-writable tensors. This means writing to this tensor will result in undefined behavior. You may want to copy the array to protect its data or make it writable before converting it to a tensor. This type of warning will be suppressed for the rest of this program. (Triggered internally at /__w/pytorch/pytorch/torch/csrc/utils/tensor_numpy.cpp:213.)
  return (torch.from_numpy(np.ascontiguousarray(x)),
/data/omar/m2/core/data.py:130: UserWarning: The given NumPy array is not writable, and PyTorch does not support non-writable tensors. This means writing to this tensor will result in undefined behavior. You may want to copy the array to protect its data or make it writable before converting it to a tensor. This type of warning will be suppressed for the rest of this program. (Triggered internally at /__w/pytorch/pytorch/torch/csrc/utils/tensor_numpy.cpp:213.)
  return (torch.from_numpy(np.ascontiguousarray(x)),
/data/omar/m2/core/data.py:130: UserWarning: The given NumPy array is not writable, and PyTorch does not support non-writable tensors. This means writing to this tensor will result in undefined behavior. You may want to copy the array to protect its data or make it writable before converting it to a tensor. This type of warning will be suppressed for the rest of this program. (Triggered internally at /__w/pytorch/pytorch/torch/csrc/utils/tensor_numpy.cpp:213.)
  return (torch.from_numpy(np.ascontiguousarray(x)),
/data/omar/m2/core/data.py:130: UserWarning: The given NumPy array is not writable, and PyTorch does not support non-writable tensors. This means writing to this tensor will result in undefined behavior. You may want to copy the array to protect its data or make it writable before converting it to a tensor. This type of warning will be suppressed for the rest of this program. (Triggered internally at /__w/pytorch/pytorch/torch/csrc/utils/tensor_numpy.cpp:213.)
  return (torch.from_numpy(np.ascontiguousarray(x)),
/data/omar/m2/core/data.py:130: UserWarning: The given NumPy array is not writable, and PyTorch does not support non-writable tensors. This means writing to this tensor will result in undefined behavior. You may want to copy the array to protect its data or make it writable before converting it to a tensor. This type of warning will be suppressed for the rest of this program. (Triggered internally at /__w/pytorch/pytorch/torch/csrc/utils/tensor_numpy.cpp:213.)
  return (torch.from_numpy(np.ascontiguousarray(x)),
/data/omar/m2/core/data.py:130: UserWarning: The given NumPy array is not writable, and PyTorch does not support non-writable tensors. This means writing to this tensor will result in undefined behavior. You may want to copy the array to protect its data or make it writable before converting it to a tensor. This type of warning will be suppressed for the rest of this program. (Triggered internally at /__w/pytorch/pytorch/torch/csrc/utils/tensor_numpy.cpp:213.)
  return (torch.from_numpy(np.ascontiguousarray(x)),
00:07:14 == epoch 6 deep: bacc10 0.2863 bacc1 0.0409 grid 0.2976@(1.0, 0.0) | broad: bacc10 0.3701 bacc1 0.0567 grid 0.3827@(1.0, 0.0)
/data/omar/m2/core/data.py:130: UserWarning: The given NumPy array is not writable, and PyTorch does not support non-writable tensors. This means writing to this tensor will result in undefined behavior. You may want to copy the array to protect its data or make it writable before converting it to a tensor. This type of warning will be suppressed for the rest of this program. (Triggered internally at /__w/pytorch/pytorch/torch/csrc/utils/tensor_numpy.cpp:213.)
  return (torch.from_numpy(np.ascontiguousarray(x)),
/data/omar/m2/core/data.py:130: UserWarning: The given NumPy array is not writable, and PyTorch does not support non-writable tensors. This means writing to this tensor will result in undefined behavior. You may want to copy the array to protect its data or make it writable before converting it to a tensor. This type of warning will be suppressed for the rest of this program. (Triggered internally at /__w/pytorch/pytorch/torch/csrc/utils/tensor_numpy.cpp:213.)
  return (torch.from_numpy(np.ascontiguousarray(x)),
/data/omar/m2/core/data.py:130: UserWarning: The given NumPy array is not writable, and PyTorch does not support non-writable tensors. This means writing to this tensor will result in undefined behavior. You may want to copy the array to protect its data or make it writable before converting it to a tensor. This type of warning will be suppressed for the rest of this program. (Triggered internally at /__w/pytorch/pytorch/torch/csrc/utils/tensor_numpy.cpp:213.)
  return (torch.from_numpy(np.ascontiguousarray(x)),
/data/omar/m2/core/data.py:130: UserWarning: The given NumPy array is not writable, and PyTorch does not support non-writable tensors. This means writing to this tensor will result in undefined behavior. You may want to copy the array to protect its data or make it writable before converting it to a tensor. This type of warning will be suppressed for the rest of this program. (Triggered internally at /__w/pytorch/pytorch/torch/csrc/utils/tensor_numpy.cpp:213.)
  return (torch.from_numpy(np.ascontiguousarray(x)),
/data/omar/m2/core/data.py:130: UserWarning: The given NumPy array is not writable, and PyTorch does not support non-writable tensors. This means writing to this tensor will result in undefined behavior. You may want to copy the array to protect its data or make it writable before converting it to a tensor. This type of warning will be suppressed for the rest of this program. (Triggered internally at /__w/pytorch/pytorch/torch/csrc/utils/tensor_numpy.cpp:213.)
  return (torch.from_numpy(np.ascontiguousarray(x)),
/data/omar/m2/core/data.py:130: UserWarning: The given NumPy array is not writable, and PyTorch does not support non-writable tensors. This means writing to this tensor will result in undefined behavior. You may want to copy the array to protect its data or make it writable before converting it to a tensor. This type of warning will be suppressed for the rest of this program. (Triggered internally at /__w/pytorch/pytorch/torch/csrc/utils/tensor_numpy.cpp:213.)
  return (torch.from_numpy(np.ascontiguousarray(x)),
/data/omar/m2/core/data.py:130: UserWarning: The given NumPy array is not writable, and PyTorch does not support non-writable tensors. This means writing to this tensor will result in undefined behavior. You may want to copy the array to protect its data or make it writable before converting it to a tensor. This type of warning will be suppressed for the rest of this program. (Triggered internally at /__w/pytorch/pytorch/torch/csrc/utils/tensor_numpy.cpp:213.)
  return (torch.from_numpy(np.ascontiguousarray(x)),
/data/omar/m2/core/data.py:130: UserWarning: The given NumPy array is not writable, and PyTorch does not support non-writable tensors. This means writing to this tensor will result in undefined behavior. You may want to copy the array to protect its data or make it writable before converting it to a tensor. This type of warning will be suppressed for the rest of this program. (Triggered internally at /__w/pytorch/pytorch/torch/csrc/utils/tensor_numpy.cpp:213.)
  return (torch.from_numpy(np.ascontiguousarray(x)),
/data/omar/m2/core/data.py:130: UserWarning: The given NumPy array is not writable, and PyTorch does not support non-writable tensors. This means writing to this tensor will result in undefined behavior. You may want to copy the array to protect its data or make it writable before converting it to a tensor. This type of warning will be suppressed for the rest of this program. (Triggered internally at /__w/pytorch/pytorch/torch/csrc/utils/tensor_numpy.cpp:213.)
  return (torch.from_numpy(np.ascontiguousarray(x)),
/data/omar/m2/core/data.py:130: UserWarning: The given NumPy array is not writable, and PyTorch does not support non-writable tensors. This means writing to this tensor will result in undefined behavior. You may want to copy the array to protect its data or make it writable before converting it to a tensor. This type of warning will be suppressed for the rest of this program. (Triggered internally at /__w/pytorch/pytorch/torch/csrc/utils/tensor_numpy.cpp:213.)
  return (torch.from_numpy(np.ascontiguousarray(x)),
/data/omar/m2/core/data.py:130: UserWarning: The given NumPy array is not writable, and PyTorch does not support non-writable tensors. This means writing to this tensor will result in undefined behavior. You may want to copy the array to protect its data or make it writable before converting it to a tensor. This type of warning will be suppressed for the rest of this program. (Triggered internally at /__w/pytorch/pytorch/torch/csrc/utils/tensor_numpy.cpp:213.)
  return (torch.from_numpy(np.ascontiguousarray(x)),
/data/omar/m2/core/data.py:130: UserWarning: The given NumPy array is not writable, and PyTorch does not support non-writable tensors. This means writing to this tensor will result in undefined behavior. You may want to copy the array to protect its data or make it writable before converting it to a tensor. This type of warning will be suppressed for the rest of this program. (Triggered internally at /__w/pytorch/pytorch/torch/csrc/utils/tensor_numpy.cpp:213.)
  return (torch.from_numpy(np.ascontiguousarray(x)),
00:07:41 ep 7 step 14100 loss 19.461 word 3.054 mean 29.864 sound 3.677 nb 1.862 lr x0.383 0.26s/step
00:08:05 ep 7 step 14200 loss 19.502 word 3.042 mean 29.968 sound 3.678 nb 1.863 lr x0.377 0.24s/step
00:08:29 ep 7 step 14300 loss 19.467 word 3.047 mean 29.885 sound 3.678 nb 1.868 lr x0.371 0.24s/step
00:08:53 ep 7 step 14400 loss 19.694 word 3.041 mean 30.359 sound 3.679 nb 1.849 lr x0.365 0.24s/step
00:09:16 ep 7 step 14500 loss 19.517 word 3.045 mean 29.990 sound 3.680 nb 1.864 lr x0.359 0.24s/step
00:09:40 ep 7 step 14600 loss 19.426 word 3.036 mean 29.827 sound 3.674 nb 1.869 lr x0.353 0.24s/step
00:10:04 ep 7 step 14700 loss 19.457 word 3.026 mean 29.910 sound 3.678 nb 1.864 lr x0.347 0.24s/step
00:10:28 ep 7 step 14800 loss 19.550 word 3.035 mean 30.083 sound 3.678 nb 1.848 lr x0.341 0.24s/step
00:10:52 ep 7 step 14900 loss 19.321 word 3.033 mean 29.624 sound 3.676 nb 1.868 lr x0.335 0.24s/step
00:11:16 ep 7 step 15000 loss 19.238 word 3.024 mean 29.478 sound 3.674 nb 1.863 lr x0.329 0.24s/step
00:11:40 ep 7 step 15100 loss 19.514 word 3.018 mean 30.049 sound 3.673 nb 1.845 lr x0.324 0.24s/step
00:12:04 ep 7 step 15200 loss 19.566 word 3.017 mean 30.155 sound 3.675 nb 1.847 lr x0.318 0.24s/step
00:12:28 ep 7 step 15300 loss 19.418 word 3.023 mean 29.846 sound 3.675 nb 1.850 lr x0.312 0.24s/step
00:12:51 ep 7 step 15400 loss 19.374 word 3.017 mean 29.768 sound 3.679 nb 1.847 lr x0.306 0.24s/step
00:13:15 ep 7 step 15500 loss 19.166 word 3.006 mean 29.372 sound 3.675 nb 1.854 lr x0.301 0.24s/step
00:13:39 ep 7 step 15600 loss 19.206 word 3.003 mean 29.454 sound 3.676 nb 1.868 lr x0.295 0.24s/step
00:14:03 ep 7 step 15700 loss 19.064 word 3.021 mean 29.143 sound 3.681 nb 1.835 lr x0.289 0.24s/step
00:14:27 ep 7 step 15800 loss 19.109 word 3.004 mean 29.270 sound 3.674 nb 1.844 lr x0.284 0.24s/step
00:14:50 ep 7 step 15900 loss 19.339 word 3.011 mean 29.713 sound 3.679 nb 1.843 lr x0.278 0.24s/step
00:15:13 ep 7 step 16000 loss 19.282 word 3.001 mean 29.619 sound 3.674 nb 1.844 lr x0.273 0.23s/step
/data/omar/m2/core/data.py:130: UserWarning: The given NumPy array is not writable, and PyTorch does not support non-writable tensors. This means writing to this tensor will result in undefined behavior. You may want to copy the array to protect its data or make it writable before converting it to a tensor. This type of warning will be suppressed for the rest of this program. (Triggered internally at /__w/pytorch/pytorch/torch/csrc/utils/tensor_numpy.cpp:213.)
  return (torch.from_numpy(np.ascontiguousarray(x)),
/data/omar/m2/core/data.py:130: UserWarning: The given NumPy array is not writable, and PyTorch does not support non-writable tensors. This means writing to this tensor will result in undefined behavior. You may want to copy the array to protect its data or make it writable before converting it to a tensor. This type of warning will be suppressed for the rest of this program. (Triggered internally at /__w/pytorch/pytorch/torch/csrc/utils/tensor_numpy.cpp:213.)
  return (torch.from_numpy(np.ascontiguousarray(x)),
/data/omar/m2/core/data.py:130: UserWarning: The given NumPy array is not writable, and PyTorch does not support non-writable tensors. This means writing to this tensor will result in undefined behavior. You may want to copy the array to protect its data or make it writable before converting it to a tensor. This type of warning will be suppressed for the rest of this program. (Triggered internally at /__w/pytorch/pytorch/torch/csrc/utils/tensor_numpy.cpp:213.)
  return (torch.from_numpy(np.ascontiguousarray(x)),
/data/omar/m2/core/data.py:130: UserWarning: The given NumPy array is not writable, and PyTorch does not support non-writable tensors. This means writing to this tensor will result in undefined behavior. You may want to copy the array to protect its data or make it writable before converting it to a tensor. This type of warning will be suppressed for the rest of this program. (Triggered internally at /__w/pytorch/pytorch/torch/csrc/utils/tensor_numpy.cpp:213.)
  return (torch.from_numpy(np.ascontiguousarray(x)),
/data/omar/m2/core/data.py:130: UserWarning: The given NumPy array is not writable, and PyTorch does not support non-writable tensors. This means writing to this tensor will result in undefined behavior. You may want to copy the array to protect its data or make it writable before converting it to a tensor. This type of warning will be suppressed for the rest of this program. (Triggered internally at /__w/pytorch/pytorch/torch/csrc/utils/tensor_numpy.cpp:213.)
  return (torch.from_numpy(np.ascontiguousarray(x)),
/data/omar/m2/core/data.py:130: UserWarning: The given NumPy array is not writable, and PyTorch does not support non-writable tensors. This means writing to this tensor will result in undefined behavior. You may want to copy the array to protect its data or make it writable before converting it to a tensor. This type of warning will be suppressed for the rest of this program. (Triggered internally at /__w/pytorch/pytorch/torch/csrc/utils/tensor_numpy.cpp:213.)
  return (torch.from_numpy(np.ascontiguousarray(x)),
/data/omar/m2/core/data.py:130: UserWarning: The given NumPy array is not writable, and PyTorch does not support non-writable tensors. This means writing to this tensor will result in undefined behavior. You may want to copy the array to protect its data or make it writable before converting it to a tensor. This type of warning will be suppressed for the rest of this program. (Triggered internally at /__w/pytorch/pytorch/torch/csrc/utils/tensor_numpy.cpp:213.)
  return (torch.from_numpy(np.ascontiguousarray(x)),
/data/omar/m2/core/data.py:130: UserWarning: The given NumPy array is not writable, and PyTorch does not support non-writable tensors. This means writing to this tensor will result in undefined behavior. You may want to copy the array to protect its data or make it writable before converting it to a tensor. This type of warning will be suppressed for the rest of this program. (Triggered internally at /__w/pytorch/pytorch/torch/csrc/utils/tensor_numpy.cpp:213.)
  return (torch.from_numpy(np.ascontiguousarray(x)),
00:15:17 == epoch 7 deep: bacc10 0.2908 bacc1 0.0375 grid 0.3113@(1.0, 0.0) | broad: bacc10 0.3592 bacc1 0.0583 grid 0.3744@(1.0, 0.0)
/data/omar/m2/core/data.py:130: UserWarning: The given NumPy array is not writable, and PyTorch does not support non-writable tensors. This means writing to this tensor will result in undefined behavior. You may want to copy the array to protect its data or make it writable before converting it to a tensor. This type of warning will be suppressed for the rest of this program. (Triggered internally at /__w/pytorch/pytorch/torch/csrc/utils/tensor_numpy.cpp:213.)
  return (torch.from_numpy(np.ascontiguousarray(x)),
/data/omar/m2/core/data.py:130: UserWarning: The given NumPy array is not writable, and PyTorch does not support non-writable tensors. This means writing to this tensor will result in undefined behavior. You may want to copy the array to protect its data or make it writable before converting it to a tensor. This type of warning will be suppressed for the rest of this program. (Triggered internally at /__w/pytorch/pytorch/torch/csrc/utils/tensor_numpy.cpp:213.)
  return (torch.from_numpy(np.ascontiguousarray(x)),
/data/omar/m2/core/data.py:130: UserWarning: The given NumPy array is not writable, and PyTorch does not support non-writable tensors. This means writing to this tensor will result in undefined behavior. You may want to copy the array to protect its data or make it writable before converting it to a tensor. This type of warning will be suppressed for the rest of this program. (Triggered internally at /__w/pytorch/pytorch/torch/csrc/utils/tensor_numpy.cpp:213.)
  return (torch.from_numpy(np.ascontiguousarray(x)),
/data/omar/m2/core/data.py:130: UserWarning: The given NumPy array is not writable, and PyTorch does not support non-writable tensors. This means writing to this tensor will result in undefined behavior. You may want to copy the array to protect its data or make it writable before converting it to a tensor. This type of warning will be suppressed for the rest of this program. (Triggered internally at /__w/pytorch/pytorch/torch/csrc/utils/tensor_numpy.cpp:213.)
  return (torch.from_numpy(np.ascontiguousarray(x)),
/data/omar/m2/core/data.py:130: UserWarning: The given NumPy array is not writable, and PyTorch does not support non-writable tensors. This means writing to this tensor will result in undefined behavior. You may want to copy the array to protect its data or make it writable before converting it to a tensor. This type of warning will be suppressed for the rest of this program. (Triggered internally at /__w/pytorch/pytorch/torch/csrc/utils/tensor_numpy.cpp:213.)
  return (torch.from_numpy(np.ascontiguousarray(x)),
/data/omar/m2/core/data.py:130: UserWarning: The given NumPy array is not writable, and PyTorch does not support non-writable tensors. This means writing to this tensor will result in undefined behavior. You may want to copy the array to protect its data or make it writable before converting it to a tensor. This type of warning will be suppressed for the rest of this program. (Triggered internally at /__w/pytorch/pytorch/torch/csrc/utils/tensor_numpy.cpp:213.)
  return (torch.from_numpy(np.ascontiguousarray(x)),
/data/omar/m2/core/data.py:130: UserWarning: The given NumPy array is not writable, and PyTorch does not support non-writable tensors. This means writing to this tensor will result in undefined behavior. You may want to copy the array to protect its data or make it writable before converting it to a tensor. This type of warning will be suppressed for the rest of this program. (Triggered internally at /__w/pytorch/pytorch/torch/csrc/utils/tensor_numpy.cpp:213.)
  return (torch.from_numpy(np.ascontiguousarray(x)),
/data/omar/m2/core/data.py:130: UserWarning: The given NumPy array is not writable, and PyTorch does not support non-writable tensors. This means writing to this tensor will result in undefined behavior. You may want to copy the array to protect its data or make it writable before converting it to a tensor. This type of warning will be suppressed for the rest of this program. (Triggered internally at /__w/pytorch/pytorch/torch/csrc/utils/tensor_numpy.cpp:213.)
  return (torch.from_numpy(np.ascontiguousarray(x)),
/data/omar/m2/core/data.py:130: UserWarning: The given NumPy array is not writable, and PyTorch does not support non-writable tensors. This means writing to this tensor will result in undefined behavior. You may want to copy the array to protect its data or make it writable before converting it to a tensor. This type of warning will be suppressed for the rest of this program. (Triggered internally at /__w/pytorch/pytorch/torch/csrc/utils/tensor_numpy.cpp:213.)
  return (torch.from_numpy(np.ascontiguousarray(x)),
/data/omar/m2/core/data.py:130: UserWarning: The given NumPy array is not writable, and PyTorch does not support non-writable tensors. This means writing to this tensor will result in undefined behavior. You may want to copy the array to protect its data or make it writable before converting it to a tensor. This type of warning will be suppressed for the rest of this program. (Triggered internally at /__w/pytorch/pytorch/torch/csrc/utils/tensor_numpy.cpp:213.)
  return (torch.from_numpy(np.ascontiguousarray(x)),
/data/omar/m2/core/data.py:130: UserWarning: The given NumPy array is not writable, and PyTorch does not support non-writable tensors. This means writing to this tensor will result in undefined behavior. You may want to copy the array to protect its data or make it writable before converting it to a tensor. This type of warning will be suppressed for the rest of this program. (Triggered internally at /__w/pytorch/pytorch/torch/csrc/utils/tensor_numpy.cpp:213.)
  return (torch.from_numpy(np.ascontiguousarray(x)),
/data/omar/m2/core/data.py:130: UserWarning: The given NumPy array is not writable, and PyTorch does not support non-writable tensors. This means writing to this tensor will result in undefined behavior. You may want to copy the array to protect its data or make it writable before converting it to a tensor. This type of warning will be suppressed for the rest of this program. (Triggered internally at /__w/pytorch/pytorch/torch/csrc/utils/tensor_numpy.cpp:213.)
  return (torch.from_numpy(np.ascontiguousarray(x)),
00:15:43 ep 8 step 16100 loss 19.098 word 2.994 mean 29.271 sound 3.672 nb 1.835 lr x0.267 0.25s/step
00:16:07 ep 8 step 16200 loss 19.044 word 2.997 mean 29.147 sound 3.671 nb 1.859 lr x0.262 0.24s/step
00:16:31 ep 8 step 16300 loss 19.211 word 2.987 mean 29.511 sound 3.671 nb 1.834 lr x0.256 0.24s/step
00:16:55 ep 8 step 16400 loss 18.986 word 2.991 mean 29.053 sound 3.674 nb 1.832 lr x0.251 0.24s/step
00:17:18 ep 8 step 16500 loss 19.021 word 2.979 mean 29.147 sound 3.674 nb 1.834 lr x0.246 0.24s/step
00:17:42 ep 8 step 16600 loss 19.152 word 2.991 mean 29.387 sound 3.671 nb 1.835 lr x0.240 0.24s/step
00:18:05 ep 8 step 16700 loss 19.001 word 2.979 mean 29.102 sound 3.674 nb 1.845 lr x0.235 0.23s/step
00:18:29 ep 8 step 16800 loss 19.095 word 2.988 mean 29.282 sound 3.671 nb 1.827 lr x0.230 0.24s/step
00:18:53 ep 8 step 16900 loss 18.879 word 2.974 mean 28.864 sound 3.672 nb 1.857 lr x0.225 0.24s/step
00:19:16 ep 8 step 17000 loss 18.984 word 2.969 mean 29.089 sound 3.670 nb 1.849 lr x0.220 0.24s/step
00:19:40 ep 8 step 17100 loss 18.922 word 2.971 mean 28.966 sound 3.669 nb 1.838 lr x0.215 0.24s/step
00:20:04 ep 8 step 17200 loss 18.976 word 2.968 mean 29.081 sound 3.667 nb 1.835 lr x0.210 0.24s/step
00:20:28 ep 8 step 17300 loss 18.974 word 2.980 mean 29.048 sound 3.673 nb 1.843 lr x0.205 0.24s/step
00:20:51 ep 8 step 17400 loss 18.956 word 2.981 mean 29.014 sound 3.668 nb 1.838 lr x0.200 0.24s/step
00:21:15 ep 8 step 17500 loss 18.991 word 2.979 mean 29.093 sound 3.675 nb 1.817 lr x0.195 0.24s/step
00:21:38 ep 8 step 17600 loss 18.657 word 2.965 mean 28.435 sound 3.674 nb 1.858 lr x0.191 0.23s/step
00:22:02 ep 8 step 17700 loss 18.805 word 2.966 mean 28.746 sound 3.669 nb 1.828 lr x0.186 0.24s/step
00:22:26 ep 8 step 17800 loss 18.689 word 2.965 mean 28.509 sound 3.668 nb 1.845 lr x0.181 0.24s/step
00:22:50 ep 8 step 17900 loss 18.980 word 2.950 mean 29.125 sound 3.667 nb 1.836 lr x0.177 0.24s/step
00:23:13 ep 8 step 18000 loss 18.938 word 2.957 mean 29.021 sound 3.674 nb 1.845 lr x0.172 0.23s/step
/data/omar/m2/core/data.py:130: UserWarning: The given NumPy array is not writable, and PyTorch does not support non-writable tensors. This means writing to this tensor will result in undefined behavior. You may want to copy the array to protect its data or make it writable before converting it to a tensor. This type of warning will be suppressed for the rest of this program. (Triggered internally at /__w/pytorch/pytorch/torch/csrc/utils/tensor_numpy.cpp:213.)
  return (torch.from_numpy(np.ascontiguousarray(x)),
/data/omar/m2/core/data.py:130: UserWarning: The given NumPy array is not writable, and PyTorch does not support non-writable tensors. This means writing to this tensor will result in undefined behavior. You may want to copy the array to protect its data or make it writable before converting it to a tensor. This type of warning will be suppressed for the rest of this program. (Triggered internally at /__w/pytorch/pytorch/torch/csrc/utils/tensor_numpy.cpp:213.)
  return (torch.from_numpy(np.ascontiguousarray(x)),
/data/omar/m2/core/data.py:130: UserWarning: The given NumPy array is not writable, and PyTorch does not support non-writable tensors. This means writing to this tensor will result in undefined behavior. You may want to copy the array to protect its data or make it writable before converting it to a tensor. This type of warning will be suppressed for the rest of this program. (Triggered internally at /__w/pytorch/pytorch/torch/csrc/utils/tensor_numpy.cpp:213.)
  return (torch.from_numpy(np.ascontiguousarray(x)),
/data/omar/m2/core/data.py:130: UserWarning: The given NumPy array is not writable, and PyTorch does not support non-writable tensors. This means writing to this tensor will result in undefined behavior. You may want to copy the array to protect its data or make it writable before converting it to a tensor. This type of warning will be suppressed for the rest of this program. (Triggered internally at /__w/pytorch/pytorch/torch/csrc/utils/tensor_numpy.cpp:213.)
  return (torch.from_numpy(np.ascontiguousarray(x)),
/data/omar/m2/core/data.py:130: UserWarning: The given NumPy array is not writable, and PyTorch does not support non-writable tensors. This means writing to this tensor will result in undefined behavior. You may want to copy the array to protect its data or make it writable before converting it to a tensor. This type of warning will be suppressed for the rest of this program. (Triggered internally at /__w/pytorch/pytorch/torch/csrc/utils/tensor_numpy.cpp:213.)
  return (torch.from_numpy(np.ascontiguousarray(x)),
/data/omar/m2/core/data.py:130: UserWarning: The given NumPy array is not writable, and PyTorch does not support non-writable tensors. This means writing to this tensor will result in undefined behavior. You may want to copy the array to protect its data or make it writable before converting it to a tensor. This type of warning will be suppressed for the rest of this program. (Triggered internally at /__w/pytorch/pytorch/torch/csrc/utils/tensor_numpy.cpp:213.)
  return (torch.from_numpy(np.ascontiguousarray(x)),
/data/omar/m2/core/data.py:130: UserWarning: The given NumPy array is not writable, and PyTorch does not support non-writable tensors. This means writing to this tensor will result in undefined behavior. You may want to copy the array to protect its data or make it writable before converting it to a tensor. This type of warning will be suppressed for the rest of this program. (Triggered internally at /__w/pytorch/pytorch/torch/csrc/utils/tensor_numpy.cpp:213.)
  return (torch.from_numpy(np.ascontiguousarray(x)),
/data/omar/m2/core/data.py:130: UserWarning: The given NumPy array is not writable, and PyTorch does not support non-writable tensors. This means writing to this tensor will result in undefined behavior. You may want to copy the array to protect its data or make it writable before converting it to a tensor. This type of warning will be suppressed for the rest of this program. (Triggered internally at /__w/pytorch/pytorch/torch/csrc/utils/tensor_numpy.cpp:213.)
  return (torch.from_numpy(np.ascontiguousarray(x)),
00:23:17 == epoch 8 deep: bacc10 0.2991 bacc1 0.0409 grid 0.3087@(1.0, 0.0) | broad: bacc10 0.3550 bacc1 0.0530 grid 0.3700@(1.0, 0.0)
/data/omar/m2/core/data.py:130: UserWarning: The given NumPy array is not writable, and PyTorch does not support non-writable tensors. This means writing to this tensor will result in undefined behavior. You may want to copy the array to protect its data or make it writable before converting it to a tensor. This type of warning will be suppressed for the rest of this program. (Triggered internally at /__w/pytorch/pytorch/torch/csrc/utils/tensor_numpy.cpp:213.)
  return (torch.from_numpy(np.ascontiguousarray(x)),
/data/omar/m2/core/data.py:130: UserWarning: The given NumPy array is not writable, and PyTorch does not support non-writable tensors. This means writing to this tensor will result in undefined behavior. You may want to copy the array to protect its data or make it writable before converting it to a tensor. This type of warning will be suppressed for the rest of this program. (Triggered internally at /__w/pytorch/pytorch/torch/csrc/utils/tensor_numpy.cpp:213.)
  return (torch.from_numpy(np.ascontiguousarray(x)),
/data/omar/m2/core/data.py:130: UserWarning: The given NumPy array is not writable, and PyTorch does not support non-writable tensors. This means writing to this tensor will result in undefined behavior. You may want to copy the array to protect its data or make it writable before converting it to a tensor. This type of warning will be suppressed for the rest of this program. (Triggered internally at /__w/pytorch/pytorch/torch/csrc/utils/tensor_numpy.cpp:213.)
  return (torch.from_numpy(np.ascontiguousarray(x)),
/data/omar/m2/core/data.py:130: UserWarning: The given NumPy array is not writable, and PyTorch does not support non-writable tensors. This means writing to this tensor will result in undefined behavior. You may want to copy the array to protect its data or make it writable before converting it to a tensor. This type of warning will be suppressed for the rest of this program. (Triggered internally at /__w/pytorch/pytorch/torch/csrc/utils/tensor_numpy.cpp:213.)
  return (torch.from_numpy(np.ascontiguousarray(x)),
/data/omar/m2/core/data.py:130: UserWarning: The given NumPy array is not writable, and PyTorch does not support non-writable tensors. This means writing to this tensor will result in undefined behavior. You may want to copy the array to protect its data or make it writable before converting it to a tensor. This type of warning will be suppressed for the rest of this program. (Triggered internally at /__w/pytorch/pytorch/torch/csrc/utils/tensor_numpy.cpp:213.)
  return (torch.from_numpy(np.ascontiguousarray(x)),
/data/omar/m2/core/data.py:130: UserWarning: The given NumPy array is not writable, and PyTorch does not support non-writable tensors. This means writing to this tensor will result in undefined behavior. You may want to copy the array to protect its data or make it writable before converting it to a tensor. This type of warning will be suppressed for the rest of this program. (Triggered internally at /__w/pytorch/pytorch/torch/csrc/utils/tensor_numpy.cpp:213.)
  return (torch.from_numpy(np.ascontiguousarray(x)),
/data/omar/m2/core/data.py:130: UserWarning: The given NumPy array is not writable, and PyTorch does not support non-writable tensors. This means writing to this tensor will result in undefined behavior. You may want to copy the array to protect its data or make it writable before converting it to a tensor. This type of warning will be suppressed for the rest of this program. (Triggered internally at /__w/pytorch/pytorch/torch/csrc/utils/tensor_numpy.cpp:213.)
  return (torch.from_numpy(np.ascontiguousarray(x)),
/data/omar/m2/core/data.py:130: UserWarning: The given NumPy array is not writable, and PyTorch does not support non-writable tensors. This means writing to this tensor will result in undefined behavior. You may want to copy the array to protect its data or make it writable before converting it to a tensor. This type of warning will be suppressed for the rest of this program. (Triggered internally at /__w/pytorch/pytorch/torch/csrc/utils/tensor_numpy.cpp:213.)
  return (torch.from_numpy(np.ascontiguousarray(x)),
/data/omar/m2/core/data.py:130: UserWarning: The given NumPy array is not writable, and PyTorch does not support non-writable tensors. This means writing to this tensor will result in undefined behavior. You may want to copy the array to protect its data or make it writable before converting it to a tensor. This type of warning will be suppressed for the rest of this program. (Triggered internally at /__w/pytorch/pytorch/torch/csrc/utils/tensor_numpy.cpp:213.)
  return (torch.from_numpy(np.ascontiguousarray(x)),
/data/omar/m2/core/data.py:130: UserWarning: The given NumPy array is not writable, and PyTorch does not support non-writable tensors. This means writing to this tensor will result in undefined behavior. You may want to copy the array to protect its data or make it writable before converting it to a tensor. This type of warning will be suppressed for the rest of this program. (Triggered internally at /__w/pytorch/pytorch/torch/csrc/utils/tensor_numpy.cpp:213.)
  return (torch.from_numpy(np.ascontiguousarray(x)),
/data/omar/m2/core/data.py:130: UserWarning: The given NumPy array is not writable, and PyTorch does not support non-writable tensors. This means writing to this tensor will result in undefined behavior. You may want to copy the array to protect its data or make it writable before converting it to a tensor. This type of warning will be suppressed for the rest of this program. (Triggered internally at /__w/pytorch/pytorch/torch/csrc/utils/tensor_numpy.cpp:213.)
  return (torch.from_numpy(np.ascontiguousarray(x)),
/data/omar/m2/core/data.py:130: UserWarning: The given NumPy array is not writable, and PyTorch does not support non-writable tensors. This means writing to this tensor will result in undefined behavior. You may want to copy the array to protect its data or make it writable before converting it to a tensor. This type of warning will be suppressed for the rest of this program. (Triggered internally at /__w/pytorch/pytorch/torch/csrc/utils/tensor_numpy.cpp:213.)
  return (torch.from_numpy(np.ascontiguousarray(x)),
00:23:44 ep 9 step 18100 loss 18.668 word 2.966 mean 28.459 sound 3.669 nb 1.856 lr x0.168 0.26s/step
00:24:08 ep 9 step 18200 loss 18.779 word 2.956 mean 28.707 sound 3.670 nb 1.842 lr x0.163 0.24s/step
00:24:32 ep 9 step 18300 loss 18.704 word 2.956 mean 28.562 sound 3.670 nb 1.830 lr x0.159 0.24s/step
00:24:56 ep 9 step 18400 loss 18.880 word 2.941 mean 28.947 sound 3.667 nb 1.827 lr x0.155 0.24s/step
00:25:20 ep 9 step 18500 loss 18.733 word 2.952 mean 28.627 sound 3.670 nb 1.834 lr x0.150 0.24s/step
00:25:44 ep 9 step 18600 loss 18.692 word 2.944 mean 28.560 sound 3.668 nb 1.842 lr x0.146 0.24s/step
00:26:08 ep 9 step 18700 loss 18.718 word 2.948 mean 28.599 sound 3.671 nb 1.846 lr x0.142 0.24s/step
00:26:31 ep 9 step 18800 loss 18.691 word 2.935 mean 28.574 sound 3.670 nb 1.840 lr x0.138 0.24s/step
00:26:55 ep 9 step 18900 loss 18.579 word 2.927 mean 28.371 sound 3.664 nb 1.836 lr x0.134 0.24s/step
00:27:19 ep 9 step 19000 loss 18.486 word 2.940 mean 28.159 sound 3.665 nb 1.838 lr x0.130 0.24s/step
00:27:43 ep 9 step 19100 loss 18.802 word 2.933 mean 28.812 sound 3.662 nb 1.823 lr x0.126 0.24s/step
00:28:06 ep 9 step 19200 loss 18.540 word 2.935 mean 28.275 sound 3.666 nb 1.839 lr x0.123 0.23s/step
00:28:30 ep 9 step 19300 loss 18.786 word 2.929 mean 28.779 sound 3.671 nb 1.831 lr x0.119 0.24s/step
00:28:54 ep 9 step 19400 loss 18.483 word 2.930 mean 28.175 sound 3.670 nb 1.822 lr x0.115 0.24s/step
00:29:18 ep 9 step 19500 loss 18.651 word 2.938 mean 28.489 sound 3.669 nb 1.837 lr x0.112 0.24s/step
00:29:42 ep 9 step 19600 loss 18.428 word 2.935 mean 28.054 sound 3.667 nb 1.829 lr x0.108 0.24s/step
00:30:06 ep 9 step 19700 loss 18.621 word 2.935 mean 28.436 sound 3.669 nb 1.835 lr x0.105 0.24s/step
00:30:30 ep 9 step 19800 loss 18.768 word 2.928 mean 28.752 sound 3.670 nb 1.817 lr x0.102 0.24s/step
00:30:53 ep 9 step 19900 loss 18.579 word 2.926 mean 28.374 sound 3.669 nb 1.827 lr x0.098 0.24s/step
00:31:16 ep 9 step 20000 loss 18.430 word 2.927 mean 28.071 sound 3.668 nb 1.835 lr x0.095 0.23s/step
/data/omar/m2/core/data.py:130: UserWarning: The given NumPy array is not writable, and PyTorch does not support non-writable tensors. This means writing to this tensor will result in undefined behavior. You may want to copy the array to protect its data or make it writable before converting it to a tensor. This type of warning will be suppressed for the rest of this program. (Triggered internally at /__w/pytorch/pytorch/torch/csrc/utils/tensor_numpy.cpp:213.)
  return (torch.from_numpy(np.ascontiguousarray(x)),
/data/omar/m2/core/data.py:130: UserWarning: The given NumPy array is not writable, and PyTorch does not support non-writable tensors. This means writing to this tensor will result in undefined behavior. You may want to copy the array to protect its data or make it writable before converting it to a tensor. This type of warning will be suppressed for the rest of this program. (Triggered internally at /__w/pytorch/pytorch/torch/csrc/utils/tensor_numpy.cpp:213.)
  return (torch.from_numpy(np.ascontiguousarray(x)),
/data/omar/m2/core/data.py:130: UserWarning: The given NumPy array is not writable, and PyTorch does not support non-writable tensors. This means writing to this tensor will result in undefined behavior. You may want to copy the array to protect its data or make it writable before converting it to a tensor. This type of warning will be suppressed for the rest of this program. (Triggered internally at /__w/pytorch/pytorch/torch/csrc/utils/tensor_numpy.cpp:213.)
  return (torch.from_numpy(np.ascontiguousarray(x)),
/data/omar/m2/core/data.py:130: UserWarning: The given NumPy array is not writable, and PyTorch does not support non-writable tensors. This means writing to this tensor will result in undefined behavior. You may want to copy the array to protect its data or make it writable before converting it to a tensor. This type of warning will be suppressed for the rest of this program. (Triggered internally at /__w/pytorch/pytorch/torch/csrc/utils/tensor_numpy.cpp:213.)
  return (torch.from_numpy(np.ascontiguousarray(x)),
/data/omar/m2/core/data.py:130: UserWarning: The given NumPy array is not writable, and PyTorch does not support non-writable tensors. This means writing to this tensor will result in undefined behavior. You may want to copy the array to protect its data or make it writable before converting it to a tensor. This type of warning will be suppressed for the rest of this program. (Triggered internally at /__w/pytorch/pytorch/torch/csrc/utils/tensor_numpy.cpp:213.)
  return (torch.from_numpy(np.ascontiguousarray(x)),
/data/omar/m2/core/data.py:130: UserWarning: The given NumPy array is not writable, and PyTorch does not support non-writable tensors. This means writing to this tensor will result in undefined behavior. You may want to copy the array to protect its data or make it writable before converting it to a tensor. This type of warning will be suppressed for the rest of this program. (Triggered internally at /__w/pytorch/pytorch/torch/csrc/utils/tensor_numpy.cpp:213.)
  return (torch.from_numpy(np.ascontiguousarray(x)),
/data/omar/m2/core/data.py:130: UserWarning: The given NumPy array is not writable, and PyTorch does not support non-writable tensors. This means writing to this tensor will result in undefined behavior. You may want to copy the array to protect its data or make it writable before converting it to a tensor. This type of warning will be suppressed for the rest of this program. (Triggered internally at /__w/pytorch/pytorch/torch/csrc/utils/tensor_numpy.cpp:213.)
  return (torch.from_numpy(np.ascontiguousarray(x)),
/data/omar/m2/core/data.py:130: UserWarning: The given NumPy array is not writable, and PyTorch does not support non-writable tensors. This means writing to this tensor will result in undefined behavior. You may want to copy the array to protect its data or make it writable before converting it to a tensor. This type of warning will be suppressed for the rest of this program. (Triggered internally at /__w/pytorch/pytorch/torch/csrc/utils/tensor_numpy.cpp:213.)
  return (torch.from_numpy(np.ascontiguousarray(x)),
00:31:20 == epoch 9 deep: bacc10 0.2978 bacc1 0.0442 grid 0.3067@(1.0, 0.0) | broad: bacc10 0.3304 bacc1 0.0518 grid 0.3504@(1.0, 0.0)
/data/omar/m2/core/data.py:130: UserWarning: The given NumPy array is not writable, and PyTorch does not support non-writable tensors. This means writing to this tensor will result in undefined behavior. You may want to copy the array to protect its data or make it writable before converting it to a tensor. This type of warning will be suppressed for the rest of this program. (Triggered internally at /__w/pytorch/pytorch/torch/csrc/utils/tensor_numpy.cpp:213.)
  return (torch.from_numpy(np.ascontiguousarray(x)),
/data/omar/m2/core/data.py:130: UserWarning: The given NumPy array is not writable, and PyTorch does not support non-writable tensors. This means writing to this tensor will result in undefined behavior. You may want to copy the array to protect its data or make it writable before converting it to a tensor. This type of warning will be suppressed for the rest of this program. (Triggered internally at /__w/pytorch/pytorch/torch/csrc/utils/tensor_numpy.cpp:213.)
  return (torch.from_numpy(np.ascontiguousarray(x)),
/data/omar/m2/core/data.py:130: UserWarning: The given NumPy array is not writable, and PyTorch does not support non-writable tensors. This means writing to this tensor will result in undefined behavior. You may want to copy the array to protect its data or make it writable before converting it to a tensor. This type of warning will be suppressed for the rest of this program. (Triggered internally at /__w/pytorch/pytorch/torch/csrc/utils/tensor_numpy.cpp:213.)
  return (torch.from_numpy(np.ascontiguousarray(x)),
/data/omar/m2/core/data.py:130: UserWarning: The given NumPy array is not writable, and PyTorch does not support non-writable tensors. This means writing to this tensor will result in undefined behavior. You may want to copy the array to protect its data or make it writable before converting it to a tensor. This type of warning will be suppressed for the rest of this program. (Triggered internally at /__w/pytorch/pytorch/torch/csrc/utils/tensor_numpy.cpp:213.)
  return (torch.from_numpy(np.ascontiguousarray(x)),
/data/omar/m2/core/data.py:130: UserWarning: The given NumPy array is not writable, and PyTorch does not support non-writable tensors. This means writing to this tensor will result in undefined behavior. You may want to copy the array to protect its data or make it writable before converting it to a tensor. This type of warning will be suppressed for the rest of this program. (Triggered internally at /__w/pytorch/pytorch/torch/csrc/utils/tensor_numpy.cpp:213.)
  return (torch.from_numpy(np.ascontiguousarray(x)),
/data/omar/m2/core/data.py:130: UserWarning: The given NumPy array is not writable, and PyTorch does not support non-writable tensors. This means writing to this tensor will result in undefined behavior. You may want to copy the array to protect its data or make it writable before converting it to a tensor. This type of warning will be suppressed for the rest of this program. (Triggered internally at /__w/pytorch/pytorch/torch/csrc/utils/tensor_numpy.cpp:213.)
  return (torch.from_numpy(np.ascontiguousarray(x)),
/data/omar/m2/core/data.py:130: UserWarning: The given NumPy array is not writable, and PyTorch does not support non-writable tensors. This means writing to this tensor will result in undefined behavior. You may want to copy the array to protect its data or make it writable before converting it to a tensor. This type of warning will be suppressed for the rest of this program. (Triggered internally at /__w/pytorch/pytorch/torch/csrc/utils/tensor_numpy.cpp:213.)
  return (torch.from_numpy(np.ascontiguousarray(x)),
/data/omar/m2/core/data.py:130: UserWarning: The given NumPy array is not writable, and PyTorch does not support non-writable tensors. This means writing to this tensor will result in undefined behavior. You may want to copy the array to protect its data or make it writable before converting it to a tensor. This type of warning will be suppressed for the rest of this program. (Triggered internally at /__w/pytorch/pytorch/torch/csrc/utils/tensor_numpy.cpp:213.)
  return (torch.from_numpy(np.ascontiguousarray(x)),
/data/omar/m2/core/data.py:130: UserWarning: The given NumPy array is not writable, and PyTorch does not support non-writable tensors. This means writing to this tensor will result in undefined behavior. You may want to copy the array to protect its data or make it writable before converting it to a tensor. This type of warning will be suppressed for the rest of this program. (Triggered internally at /__w/pytorch/pytorch/torch/csrc/utils/tensor_numpy.cpp:213.)
  return (torch.from_numpy(np.ascontiguousarray(x)),
/data/omar/m2/core/data.py:130: UserWarning: The given NumPy array is not writable, and PyTorch does not support non-writable tensors. This means writing to this tensor will result in undefined behavior. You may want to copy the array to protect its data or make it writable before converting it to a tensor. This type of warning will be suppressed for the rest of this program. (Triggered internally at /__w/pytorch/pytorch/torch/csrc/utils/tensor_numpy.cpp:213.)
  return (torch.from_numpy(np.ascontiguousarray(x)),
/data/omar/m2/core/data.py:130: UserWarning: The given NumPy array is not writable, and PyTorch does not support non-writable tensors. This means writing to this tensor will result in undefined behavior. You may want to copy the array to protect its data or make it writable before converting it to a tensor. This type of warning will be suppressed for the rest of this program. (Triggered internally at /__w/pytorch/pytorch/torch/csrc/utils/tensor_numpy.cpp:213.)
  return (torch.from_numpy(np.ascontiguousarray(x)),
/data/omar/m2/core/data.py:130: UserWarning: The given NumPy array is not writable, and PyTorch does not support non-writable tensors. This means writing to this tensor will result in undefined behavior. You may want to copy the array to protect its data or make it writable before converting it to a tensor. This type of warning will be suppressed for the rest of this program. (Triggered internally at /__w/pytorch/pytorch/torch/csrc/utils/tensor_numpy.cpp:213.)
  return (torch.from_numpy(np.ascontiguousarray(x)),
00:31:47 ep 10 step 20100 loss 18.459 word 2.926 mean 28.133 sound 3.665 nb 1.833 lr x0.092 0.26s/step
00:32:11 ep 10 step 20200 loss 18.471 word 2.929 mean 28.151 sound 3.668 nb 1.825 lr x0.089 0.24s/step
00:32:35 ep 10 step 20300 loss 18.478 word 2.919 mean 28.185 sound 3.663 nb 1.835 lr x0.086 0.24s/step
00:32:59 ep 10 step 20400 loss 18.552 word 2.919 mean 28.330 sound 3.666 nb 1.844 lr x0.083 0.24s/step
00:33:22 ep 10 step 20500 loss 18.415 word 2.916 mean 28.068 sound 3.669 nb 1.825 lr x0.080 0.24s/step
00:33:46 ep 10 step 20600 loss 18.342 word 2.909 mean 27.927 sound 3.667 nb 1.844 lr x0.077 0.24s/step
00:34:10 ep 10 step 20700 loss 18.428 word 2.910 mean 28.099 sound 3.664 nb 1.845 lr x0.075 0.24s/step
00:34:35 ep 10 step 20800 loss 18.320 word 2.900 mean 27.909 sound 3.669 nb 1.824 lr x0.072 0.24s/step
00:34:59 ep 10 step 20900 loss 18.360 word 2.917 mean 27.945 sound 3.671 nb 1.845 lr x0.069 0.24s/step
00:35:23 ep 10 step 21000 loss 18.536 word 2.917 mean 28.309 sound 3.670 nb 1.819 lr x0.067 0.24s/step
00:35:47 ep 10 step 21100 loss 18.411 word 2.912 mean 28.062 sound 3.669 nb 1.833 lr x0.065 0.24s/step
00:36:10 ep 10 step 21200 loss 18.428 word 2.913 mean 28.095 sound 3.669 nb 1.833 lr x0.062 0.24s/step
00:36:34 ep 10 step 21300 loss 18.437 word 2.899 mean 28.144 sound 3.668 nb 1.829 lr x0.060 0.24s/step
00:36:58 ep 10 step 21400 loss 18.558 word 2.911 mean 28.363 sound 3.668 nb 1.827 lr x0.058 0.24s/step
00:37:22 ep 10 step 21500 loss 18.355 word 2.900 mean 27.982 sound 3.666 nb 1.821 lr x0.056 0.24s/step
00:37:46 ep 10 step 21600 loss 18.282 word 2.912 mean 27.808 sound 3.667 nb 1.828 lr x0.054 0.24s/step
00:38:10 ep 10 step 21700 loss 18.406 word 2.907 mean 28.062 sound 3.666 nb 1.838 lr x0.052 0.24s/step
00:38:34 ep 10 step 21800 loss 18.287 word 2.900 mean 27.847 sound 3.664 nb 1.822 lr x0.050 0.24s/step
00:38:58 ep 10 step 21900 loss 18.283 word 2.909 mean 27.815 sound 3.667 nb 1.830 lr x0.048 0.24s/step
00:39:21 ep 10 step 22000 loss 18.391 word 2.894 mean 28.062 sound 3.666 nb 1.833 lr x0.047 0.23s/step
/data/omar/m2/core/data.py:130: UserWarning: The given NumPy array is not writable, and PyTorch does not support non-writable tensors. This means writing to this tensor will result in undefined behavior. You may want to copy the array to protect its data or make it writable before converting it to a tensor. This type of warning will be suppressed for the rest of this program. (Triggered internally at /__w/pytorch/pytorch/torch/csrc/utils/tensor_numpy.cpp:213.)
  return (torch.from_numpy(np.ascontiguousarray(x)),
/data/omar/m2/core/data.py:130: UserWarning: The given NumPy array is not writable, and PyTorch does not support non-writable tensors. This means writing to this tensor will result in undefined behavior. You may want to copy the array to protect its data or make it writable before converting it to a tensor. This type of warning will be suppressed for the rest of this program. (Triggered internally at /__w/pytorch/pytorch/torch/csrc/utils/tensor_numpy.cpp:213.)
  return (torch.from_numpy(np.ascontiguousarray(x)),
/data/omar/m2/core/data.py:130: UserWarning: The given NumPy array is not writable, and PyTorch does not support non-writable tensors. This means writing to this tensor will result in undefined behavior. You may want to copy the array to protect its data or make it writable before converting it to a tensor. This type of warning will be suppressed for the rest of this program. (Triggered internally at /__w/pytorch/pytorch/torch/csrc/utils/tensor_numpy.cpp:213.)
  return (torch.from_numpy(np.ascontiguousarray(x)),
/data/omar/m2/core/data.py:130: UserWarning: The given NumPy array is not writable, and PyTorch does not support non-writable tensors. This means writing to this tensor will result in undefined behavior. You may want to copy the array to protect its data or make it writable before converting it to a tensor. This type of warning will be suppressed for the rest of this program. (Triggered internally at /__w/pytorch/pytorch/torch/csrc/utils/tensor_numpy.cpp:213.)
  return (torch.from_numpy(np.ascontiguousarray(x)),
/data/omar/m2/core/data.py:130: UserWarning: The given NumPy array is not writable, and PyTorch does not support non-writable tensors. This means writing to this tensor will result in undefined behavior. You may want to copy the array to protect its data or make it writable before converting it to a tensor. This type of warning will be suppressed for the rest of this program. (Triggered internally at /__w/pytorch/pytorch/torch/csrc/utils/tensor_numpy.cpp:213.)
  return (torch.from_numpy(np.ascontiguousarray(x)),
/data/omar/m2/core/data.py:130: UserWarning: The given NumPy array is not writable, and PyTorch does not support non-writable tensors. This means writing to this tensor will result in undefined behavior. You may want to copy the array to protect its data or make it writable before converting it to a tensor. This type of warning will be suppressed for the rest of this program. (Triggered internally at /__w/pytorch/pytorch/torch/csrc/utils/tensor_numpy.cpp:213.)
  return (torch.from_numpy(np.ascontiguousarray(x)),
/data/omar/m2/core/data.py:130: UserWarning: The given NumPy array is not writable, and PyTorch does not support non-writable tensors. This means writing to this tensor will result in undefined behavior. You may want to copy the array to protect its data or make it writable before converting it to a tensor. This type of warning will be suppressed for the rest of this program. (Triggered internally at /__w/pytorch/pytorch/torch/csrc/utils/tensor_numpy.cpp:213.)
  return (torch.from_numpy(np.ascontiguousarray(x)),
/data/omar/m2/core/data.py:130: UserWarning: The given NumPy array is not writable, and PyTorch does not support non-writable tensors. This means writing to this tensor will result in undefined behavior. You may want to copy the array to protect its data or make it writable before converting it to a tensor. This type of warning will be suppressed for the rest of this program. (Triggered internally at /__w/pytorch/pytorch/torch/csrc/utils/tensor_numpy.cpp:213.)
  return (torch.from_numpy(np.ascontiguousarray(x)),
00:39:25 == epoch 10 deep: bacc10 0.2965 bacc1 0.0455 grid 0.3032@(1.0, 0.0) | broad: bacc10 0.3249 bacc1 0.0501 grid 0.3412@(1.0, 0.0)
/data/omar/m2/core/data.py:130: UserWarning: The given NumPy array is not writable, and PyTorch does not support non-writable tensors. This means writing to this tensor will result in undefined behavior. You may want to copy the array to protect its data or make it writable before converting it to a tensor. This type of warning will be suppressed for the rest of this program. (Triggered internally at /__w/pytorch/pytorch/torch/csrc/utils/tensor_numpy.cpp:213.)
  return (torch.from_numpy(np.ascontiguousarray(x)),
/data/omar/m2/core/data.py:130: UserWarning: The given NumPy array is not writable, and PyTorch does not support non-writable tensors. This means writing to this tensor will result in undefined behavior. You may want to copy the array to protect its data or make it writable before converting it to a tensor. This type of warning will be suppressed for the rest of this program. (Triggered internally at /__w/pytorch/pytorch/torch/csrc/utils/tensor_numpy.cpp:213.)
  return (torch.from_numpy(np.ascontiguousarray(x)),
/data/omar/m2/core/data.py:130: UserWarning: The given NumPy array is not writable, and PyTorch does not support non-writable tensors. This means writing to this tensor will result in undefined behavior. You may want to copy the array to protect its data or make it writable before converting it to a tensor. This type of warning will be suppressed for the rest of this program. (Triggered internally at /__w/pytorch/pytorch/torch/csrc/utils/tensor_numpy.cpp:213.)
  return (torch.from_numpy(np.ascontiguousarray(x)),
/data/omar/m2/core/data.py:130: UserWarning: The given NumPy array is not writable, and PyTorch does not support non-writable tensors. This means writing to this tensor will result in undefined behavior. You may want to copy the array to protect its data or make it writable before converting it to a tensor. This type of warning will be suppressed for the rest of this program. (Triggered internally at /__w/pytorch/pytorch/torch/csrc/utils/tensor_numpy.cpp:213.)
  return (torch.from_numpy(np.ascontiguousarray(x)),
/data/omar/m2/core/data.py:130: UserWarning: The given NumPy array is not writable, and PyTorch does not support non-writable tensors. This means writing to this tensor will result in undefined behavior. You may want to copy the array to protect its data or make it writable before converting it to a tensor. This type of warning will be suppressed for the rest of this program. (Triggered internally at /__w/pytorch/pytorch/torch/csrc/utils/tensor_numpy.cpp:213.)
  return (torch.from_numpy(np.ascontiguousarray(x)),
/data/omar/m2/core/data.py:130: UserWarning: The given NumPy array is not writable, and PyTorch does not support non-writable tensors. This means writing to this tensor will result in undefined behavior. You may want to copy the array to protect its data or make it writable before converting it to a tensor. This type of warning will be suppressed for the rest of this program. (Triggered internally at /__w/pytorch/pytorch/torch/csrc/utils/tensor_numpy.cpp:213.)
  return (torch.from_numpy(np.ascontiguousarray(x)),
/data/omar/m2/core/data.py:130: UserWarning: The given NumPy array is not writable, and PyTorch does not support non-writable tensors. This means writing to this tensor will result in undefined behavior. You may want to copy the array to protect its data or make it writable before converting it to a tensor. This type of warning will be suppressed for the rest of this program. (Triggered internally at /__w/pytorch/pytorch/torch/csrc/utils/tensor_numpy.cpp:213.)
  return (torch.from_numpy(np.ascontiguousarray(x)),
/data/omar/m2/core/data.py:130: UserWarning: The given NumPy array is not writable, and PyTorch does not support non-writable tensors. This means writing to this tensor will result in undefined behavior. You may want to copy the array to protect its data or make it writable before converting it to a tensor. This type of warning will be suppressed for the rest of this program. (Triggered internally at /__w/pytorch/pytorch/torch/csrc/utils/tensor_numpy.cpp:213.)
  return (torch.from_numpy(np.ascontiguousarray(x)),
/data/omar/m2/core/data.py:130: UserWarning: The given NumPy array is not writable, and PyTorch does not support non-writable tensors. This means writing to this tensor will result in undefined behavior. You may want to copy the array to protect its data or make it writable before converting it to a tensor. This type of warning will be suppressed for the rest of this program. (Triggered internally at /__w/pytorch/pytorch/torch/csrc/utils/tensor_numpy.cpp:213.)
  return (torch.from_numpy(np.ascontiguousarray(x)),
/data/omar/m2/core/data.py:130: UserWarning: The given NumPy array is not writable, and PyTorch does not support non-writable tensors. This means writing to this tensor will result in undefined behavior. You may want to copy the array to protect its data or make it writable before converting it to a tensor. This type of warning will be suppressed for the rest of this program. (Triggered internally at /__w/pytorch/pytorch/torch/csrc/utils/tensor_numpy.cpp:213.)
  return (torch.from_numpy(np.ascontiguousarray(x)),
/data/omar/m2/core/data.py:130: UserWarning: The given NumPy array is not writable, and PyTorch does not support non-writable tensors. This means writing to this tensor will result in undefined behavior. You may want to copy the array to protect its data or make it writable before converting it to a tensor. This type of warning will be suppressed for the rest of this program. (Triggered internally at /__w/pytorch/pytorch/torch/csrc/utils/tensor_numpy.cpp:213.)
  return (torch.from_numpy(np.ascontiguousarray(x)),
/data/omar/m2/core/data.py:130: UserWarning: The given NumPy array is not writable, and PyTorch does not support non-writable tensors. This means writing to this tensor will result in undefined behavior. You may want to copy the array to protect its data or make it writable before converting it to a tensor. This type of warning will be suppressed for the rest of this program. (Triggered internally at /__w/pytorch/pytorch/torch/csrc/utils/tensor_numpy.cpp:213.)
  return (torch.from_numpy(np.ascontiguousarray(x)),
00:39:51 ep 11 step 22100 loss 18.065 word 2.902 mean 27.400 sound 3.665 nb 1.818 lr x0.045 0.25s/step
00:40:15 ep 11 step 22200 loss 18.335 word 2.905 mean 27.928 sound 3.673 nb 1.821 lr x0.043 0.23s/step
00:40:38 ep 11 step 22300 loss 18.371 word 2.910 mean 27.991 sound 3.669 nb 1.822 lr x0.042 0.24s/step
00:41:02 ep 11 step 22400 loss 18.356 word 2.893 mean 27.998 sound 3.664 nb 1.828 lr x0.041 0.23s/step
00:41:26 ep 11 step 22500 loss 18.340 word 2.900 mean 27.945 sound 3.670 nb 1.836 lr x0.039 0.24s/step
00:41:49 ep 11 step 22600 loss 18.385 word 2.904 mean 28.031 sound 3.665 nb 1.830 lr x0.038 0.24s/step
00:42:13 ep 11 step 22700 loss 18.340 word 2.904 mean 27.941 sound 3.666 nb 1.825 lr x0.037 0.24s/step
00:42:37 ep 11 step 22800 loss 18.277 word 2.904 mean 27.814 sound 3.670 nb 1.823 lr x0.036 0.24s/step
00:43:00 ep 11 step 22900 loss 18.265 word 2.901 mean 27.793 sound 3.671 nb 1.834 lr x0.035 0.24s/step
00:43:24 ep 11 step 23000 loss 18.424 word 2.901 mean 28.116 sound 3.666 nb 1.828 lr x0.034 0.24s/step
00:43:47 ep 11 step 23100 loss 18.244 word 2.887 mean 27.784 sound 3.665 nb 1.828 lr x0.033 0.24s/step
00:44:11 ep 11 step 23200 loss 18.261 word 2.912 mean 27.765 sound 3.666 nb 1.835 lr x0.033 0.24s/step
00:44:35 ep 11 step 23300 loss 18.529 word 2.899 mean 28.329 sound 3.670 nb 1.823 lr x0.032 0.24s/step
00:44:59 ep 11 step 23400 loss 18.221 word 2.890 mean 27.728 sound 3.669 nb 1.831 lr x0.032 0.24s/step
00:45:23 ep 11 step 23500 loss 18.156 word 2.886 mean 27.609 sound 3.666 nb 1.825 lr x0.031 0.24s/step
00:45:47 ep 11 step 23600 loss 18.136 word 2.901 mean 27.541 sound 3.668 nb 1.818 lr x0.031 0.24s/step
00:46:10 ep 11 step 23700 loss 18.187 word 2.889 mean 27.662 sound 3.669 nb 1.830 lr x0.030 0.24s/step
00:46:34 ep 11 step 23800 loss 18.351 word 2.890 mean 27.983 sound 3.665 nb 1.847 lr x0.030 0.24s/step
00:46:58 ep 11 step 23900 loss 18.055 word 2.892 mean 27.392 sound 3.668 nb 1.833 lr x0.030 0.24s/step
00:47:21 ep 11 step 24000 loss 18.155 word 2.899 mean 27.582 sound 3.663 nb 1.833 lr x0.030 0.23s/step
/data/omar/m2/core/data.py:130: UserWarning: The given NumPy array is not writable, and PyTorch does not support non-writable tensors. This means writing to this tensor will result in undefined behavior. You may want to copy the array to protect its data or make it writable before converting it to a tensor. This type of warning will be suppressed for the rest of this program. (Triggered internally at /__w/pytorch/pytorch/torch/csrc/utils/tensor_numpy.cpp:213.)
  return (torch.from_numpy(np.ascontiguousarray(x)),
/data/omar/m2/core/data.py:130: UserWarning: The given NumPy array is not writable, and PyTorch does not support non-writable tensors. This means writing to this tensor will result in undefined behavior. You may want to copy the array to protect its data or make it writable before converting it to a tensor. This type of warning will be suppressed for the rest of this program. (Triggered internally at /__w/pytorch/pytorch/torch/csrc/utils/tensor_numpy.cpp:213.)
  return (torch.from_numpy(np.ascontiguousarray(x)),
/data/omar/m2/core/data.py:130: UserWarning: The given NumPy array is not writable, and PyTorch does not support non-writable tensors. This means writing to this tensor will result in undefined behavior. You may want to copy the array to protect its data or make it writable before converting it to a tensor. This type of warning will be suppressed for the rest of this program. (Triggered internally at /__w/pytorch/pytorch/torch/csrc/utils/tensor_numpy.cpp:213.)
  return (torch.from_numpy(np.ascontiguousarray(x)),
/data/omar/m2/core/data.py:130: UserWarning: The given NumPy array is not writable, and PyTorch does not support non-writable tensors. This means writing to this tensor will result in undefined behavior. You may want to copy the array to protect its data or make it writable before converting it to a tensor. This type of warning will be suppressed for the rest of this program. (Triggered internally at /__w/pytorch/pytorch/torch/csrc/utils/tensor_numpy.cpp:213.)
  return (torch.from_numpy(np.ascontiguousarray(x)),
/data/omar/m2/core/data.py:130: UserWarning: The given NumPy array is not writable, and PyTorch does not support non-writable tensors. This means writing to this tensor will result in undefined behavior. You may want to copy the array to protect its data or make it writable before converting it to a tensor. This type of warning will be suppressed for the rest of this program. (Triggered internally at /__w/pytorch/pytorch/torch/csrc/utils/tensor_numpy.cpp:213.)
  return (torch.from_numpy(np.ascontiguousarray(x)),
/data/omar/m2/core/data.py:130: UserWarning: The given NumPy array is not writable, and PyTorch does not support non-writable tensors. This means writing to this tensor will result in undefined behavior. You may want to copy the array to protect its data or make it writable before converting it to a tensor. This type of warning will be suppressed for the rest of this program. (Triggered internally at /__w/pytorch/pytorch/torch/csrc/utils/tensor_numpy.cpp:213.)
  return (torch.from_numpy(np.ascontiguousarray(x)),
/data/omar/m2/core/data.py:130: UserWarning: The given NumPy array is not writable, and PyTorch does not support non-writable tensors. This means writing to this tensor will result in undefined behavior. You may want to copy the array to protect its data or make it writable before converting it to a tensor. This type of warning will be suppressed for the rest of this program. (Triggered internally at /__w/pytorch/pytorch/torch/csrc/utils/tensor_numpy.cpp:213.)
  return (torch.from_numpy(np.ascontiguousarray(x)),
/data/omar/m2/core/data.py:130: UserWarning: The given NumPy array is not writable, and PyTorch does not support non-writable tensors. This means writing to this tensor will result in undefined behavior. You may want to copy the array to protect its data or make it writable before converting it to a tensor. This type of warning will be suppressed for the rest of this program. (Triggered internally at /__w/pytorch/pytorch/torch/csrc/utils/tensor_numpy.cpp:213.)
  return (torch.from_numpy(np.ascontiguousarray(x)),
00:47:25 == epoch 11 deep: bacc10 0.2899 bacc1 0.0440 grid 0.3052@(1.0, 0.0) | broad: bacc10 0.3218 bacc1 0.0502 grid 0.3379@(1.0, 0.0)
00:47:26 done. best mean bacc10 0.3451
/data/omar/m2/core/data.py:130: UserWarning: The given NumPy array is not writable, and PyTorch does not support non-writable tensors. This means writing to this tensor will result in undefined behavior. You may want to copy the array to protect its data or make it writable before converting it to a tensor. This type of warning will be suppressed for the rest of this program. (Triggered internally at /__w/pytorch/pytorch/torch/csrc/utils/tensor_numpy.cpp:213.)
  return (torch.from_numpy(np.ascontiguousarray(x)),
/data/omar/m2/core/data.py:130: UserWarning: The given NumPy array is not writable, and PyTorch does not support non-writable tensors. This means writing to this tensor will result in undefined behavior. You may want to copy the array to protect its data or make it writable before converting it to a tensor. This type of warning will be suppressed for the rest of this program. (Triggered internally at /__w/pytorch/pytorch/torch/csrc/utils/tensor_numpy.cpp:213.)
  return (torch.from_numpy(np.ascontiguousarray(x)),
/data/omar/m2/core/data.py:130: UserWarning: The given NumPy array is not writable, and PyTorch does not support non-writable tensors. This means writing to this tensor will result in undefined behavior. You may want to copy the array to protect its data or make it writable before converting it to a tensor. This type of warning will be suppressed for the rest of this program. (Triggered internally at /__w/pytorch/pytorch/torch/csrc/utils/tensor_numpy.cpp:213.)
  return (torch.from_numpy(np.ascontiguousarray(x)),
/data/omar/m2/core/data.py:130: UserWarning: The given NumPy array is not writable, and PyTorch does not support non-writable tensors. This means writing to this tensor will result in undefined behavior. You may want to copy the array to protect its data or make it writable before converting it to a tensor. This type of warning will be suppressed for the rest of this program. (Triggered internally at /__w/pytorch/pytorch/torch/csrc/utils/tensor_numpy.cpp:213.)
  return (torch.from_numpy(np.ascontiguousarray(x)),
/data/omar/m2/core/data.py:130: UserWarning: The given NumPy array is not writable, and PyTorch does not support non-writable tensors. This means writing to this tensor will result in undefined behavior. You may want to copy the array to protect its data or make it writable before converting it to a tensor. This type of warning will be suppressed for the rest of this program. (Triggered internally at /__w/pytorch/pytorch/torch/csrc/utils/tensor_numpy.cpp:213.)
  return (torch.from_numpy(np.ascontiguousarray(x)),
/data/omar/m2/core/data.py:130: UserWarning: The given NumPy array is not writable, and PyTorch does not support non-writable tensors. This means writing to this tensor will result in undefined behavior. You may want to copy the array to protect its data or make it writable before converting it to a tensor. This type of warning will be suppressed for the rest of this program. (Triggered internally at /__w/pytorch/pytorch/torch/csrc/utils/tensor_numpy.cpp:213.)
  return (torch.from_numpy(np.ascontiguousarray(x)),
/data/omar/m2/core/data.py:130: UserWarning: The given NumPy array is not writable, and PyTorch does not support non-writable tensors. This means writing to this tensor will result in undefined behavior. You may want to copy the array to protect its data or make it writable before converting it to a tensor. This type of warning will be suppressed for the rest of this program. (Triggered internally at /__w/pytorch/pytorch/torch/csrc/utils/tensor_numpy.cpp:213.)
  return (torch.from_numpy(np.ascontiguousarray(x)),
/data/omar/m2/core/data.py:130: UserWarning: The given NumPy array is not writable, and PyTorch does not support non-writable tensors. This means writing to this tensor will result in undefined behavior. You may want to copy the array to protect its data or make it writable before converting it to a tensor. This type of warning will be suppressed for the rest of this program. (Triggered internally at /__w/pytorch/pytorch/torch/csrc/utils/tensor_numpy.cpp:213.)
  return (torch.from_numpy(np.ascontiguousarray(x)),
/data/omar/m2/core/data.py:130: UserWarning: The given NumPy array is not writable, and PyTorch does not support non-writable tensors. This means writing to this tensor will result in undefined behavior. You may want to copy the array to protect its data or make it writable before converting it to a tensor. This type of warning will be suppressed for the rest of this program. (Triggered internally at /__w/pytorch/pytorch/torch/csrc/utils/tensor_numpy.cpp:213.)
  return (torch.from_numpy(np.ascontiguousarray(x)),
/data/omar/m2/core/data.py:130: UserWarning: The given NumPy array is not writable, and PyTorch does not support non-writable tensors. This means writing to this tensor will result in undefined behavior. You may want to copy the array to protect its data or make it writable before converting it to a tensor. This type of warning will be suppressed for the rest of this program. (Triggered internally at /__w/pytorch/pytorch/torch/csrc/utils/tensor_numpy.cpp:213.)
  return (torch.from_numpy(np.ascontiguousarray(x)),
/data/omar/m2/core/data.py:130: UserWarning: The given NumPy array is not writable, and PyTorch does not support non-writable tensors. This means writing to this tensor will result in undefined behavior. You may want to copy the array to protect its data or make it writable before converting it to a tensor. This type of warning will be suppressed for the rest of this program. (Triggered internally at /__w/pytorch/pytorch/torch/csrc/utils/tensor_numpy.cpp:213.)
  return (torch.from_numpy(np.ascontiguousarray(x)),
/data/omar/m2/core/data.py:130: UserWarning: The given NumPy array is not writable, and PyTorch does not support non-writable tensors. This means writing to this tensor will result in undefined behavior. You may want to copy the array to protect its data or make it writable before converting it to a tensor. This type of warning will be suppressed for the rest of this program. (Triggered internally at /__w/pytorch/pytorch/torch/csrc/utils/tensor_numpy.cpp:213.)
  return (torch.from_numpy(np.ascontiguousarray(x)),
00:49:53 features for 489180 rows -> /data/omar/m2/d/r/cw0/feat.npz
00:50:06 32248 train sequences, 480 val sequences
/data/omar/m2/core/ctx.py:37: UserWarning: enable_nested_tensor is True, but self.use_nested_tensor is False because encoder_layer.norm_first was True
  self.tf = nn.TransformerEncoder(layer, depth)
00:50:21 ctx epoch 0: val bacc10 0.2947 (base 0.2442)
00:50:36 ctx epoch 1: val bacc10 0.2991 (base 0.2442)
00:50:46 ctx epoch 2: val bacc10 0.3338 (base 0.2442)
00:50:56 ctx epoch 3: val bacc10 0.3649 (base 0.2442)
00:51:10 ctx epoch 4: val bacc10 0.3512 (base 0.2442)
00:51:20 ctx epoch 5: val bacc10 0.3615 (base 0.2442)
00:51:30 ctx epoch 6: val bacc10 0.3464 (base 0.2442)
00:51:39 ctx epoch 7: val bacc10 0.3438 (base 0.2442)
00:51:48 ctx epoch 8: val bacc10 0.3800 (base 0.2442)
00:51:58 ctx epoch 9: val bacc10 0.3600 (base 0.2442)
00:52:08 ctx epoch 10: val bacc10 0.3840 (base 0.2442)
00:52:20 ctx epoch 11: val bacc10 0.3885 (base 0.2442)
00:52:28 ctx epoch 12: val bacc10 0.4235 (base 0.2442)
00:52:40 ctx epoch 13: val bacc10 0.4176 (base 0.2442)
00:52:49 ctx epoch 14: val bacc10 0.3938 (base 0.2442)
00:52:57 ctx epoch 15: val bacc10 0.4084 (base 0.2442)
00:53:06 ctx epoch 16: val bacc10 0.4140 (base 0.2442)
00:53:14 ctx epoch 17: val bacc10 0.4081 (base 0.2442)
00:53:21 ctx epoch 18: val bacc10 0.4087 (base 0.2442)
00:53:31 ctx epoch 19: val bacc10 0.4429 (base 0.2442)
00:53:31 best ctx val bacc10 0.4429 -> /data/omar/m2/d/r/cw0/ctx.pt
/data/omar/m2/core/ctx.py:37: UserWarning: enable_nested_tensor is True, but self.use_nested_tensor is False because encoder_layer.norm_first was True
  self.tf = nn.TransformerEncoder(layer, depth)
00:53:57 -> /data/omar/m2/d/o/xv_deep_cw0.npz
/data/omar/m2/core/ctx.py:37: UserWarning: enable_nested_tensor is True, but self.use_nested_tensor is False because encoder_layer.norm_first was True
  self.tf = nn.TransformerEncoder(layer, depth)
/data/omar/m2/core/ho.py:121: UserWarning: The given NumPy array is not writable, and PyTorch does not support non-writable tensors. This means writing to this tensor will result in undefined behavior. You may want to copy the array to protect its data or make it writable before converting it to a tensor. This type of warning will be suppressed for the rest of this program. (Triggered internally at /__w/pytorch/pytorch/torch/csrc/utils/tensor_numpy.cpp:213.)
  yield torch.from_numpy(np.ascontiguousarray(x[a:a + bs])), torch.as_tensor(sid[a:a + bs], dtype=torch.long)
00:54:00 -> /data/omar/m2/d/o/x_deep_cw0.npz (248 groups)
/data/omar/m2/core/ctx.py:37: UserWarning: enable_nested_tensor is True, but self.use_nested_tensor is False because encoder_layer.norm_first was True
  self.tf = nn.TransformerEncoder(layer, depth)
00:54:11 -> /data/omar/m2/d/o/xv_broad_cw0.npz
/data/omar/m2/core/ctx.py:37: UserWarning: enable_nested_tensor is True, but self.use_nested_tensor is False because encoder_layer.norm_first was True
  self.tf = nn.TransformerEncoder(layer, depth)
/data/omar/m2/core/ho.py:121: UserWarning: The given NumPy array is not writable, and PyTorch does not support non-writable tensors. This means writing to this tensor will result in undefined behavior. You may want to copy the array to protect its data or make it writable before converting it to a tensor. This type of warning will be suppressed for the rest of this program. (Triggered internally at /__w/pytorch/pytorch/torch/csrc/utils/tensor_numpy.cpp:213.)
  yield torch.from_numpy(np.ascontiguousarray(x[a:a + bs])), torch.as_tensor(sid[a:a + bs], dtype=torch.long)
00:54:21 -> /data/omar/m2/d/o/x_broad_cw0.npz (9671 groups)
CTX w0 DONE
