nohup: ignoring input
01:13:07 params 16.6M, trainable 16.6M, device cuda
01:13:08 train rows 461728, val deep 5952, val broad 17940
/data/omar/m2/core/data.py:130: UserWarning: The given NumPy array is not writable, and PyTorch does not support non-writable tensors. This means writing to this tensor will result in undefined behavior. You may want to copy the array to protect its data or make it writable before converting it to a tensor. This type of warning will be suppressed for the rest of this program. (Triggered internally at /__w/pytorch/pytorch/torch/csrc/utils/tensor_numpy.cpp:213.)
  return (torch.from_numpy(np.ascontiguousarray(x)),
/data/omar/m2/core/data.py:130: UserWarning: The given NumPy array is not writable, and PyTorch does not support non-writable tensors. This means writing to this tensor will result in undefined behavior. You may want to copy the array to protect its data or make it writable before converting it to a tensor. This type of warning will be suppressed for the rest of this program. (Triggered internally at /__w/pytorch/pytorch/torch/csrc/utils/tensor_numpy.cpp:213.)
  return (torch.from_numpy(np.ascontiguousarray(x)),
/data/omar/m2/core/data.py:130: UserWarning: The given NumPy array is not writable, and PyTorch does not support non-writable tensors. This means writing to this tensor will result in undefined behavior. You may want to copy the array to protect its data or make it writable before converting it to a tensor. This type of warning will be suppressed for the rest of this program. (Triggered internally at /__w/pytorch/pytorch/torch/csrc/utils/tensor_numpy.cpp:213.)
  return (torch.from_numpy(np.ascontiguousarray(x)),
/data/omar/m2/core/data.py:130: UserWarning: The given NumPy array is not writable, and PyTorch does not support non-writable tensors. This means writing to this tensor will result in undefined behavior. You may want to copy the array to protect its data or make it writable before converting it to a tensor. This type of warning will be suppressed for the rest of this program. (Triggered internally at /__w/pytorch/pytorch/torch/csrc/utils/tensor_numpy.cpp:213.)
  return (torch.from_numpy(np.ascontiguousarray(x)),
/data/omar/m2/core/data.py:130: UserWarning: The given NumPy array is not writable, and PyTorch does not support non-writable tensors. This means writing to this tensor will result in undefined behavior. You may want to copy the array to protect its data or make it writable before converting it to a tensor. This type of warning will be suppressed for the rest of this program. (Triggered internally at /__w/pytorch/pytorch/torch/csrc/utils/tensor_numpy.cpp:213.)
  return (torch.from_numpy(np.ascontiguousarray(x)),
/data/omar/m2/core/data.py:130: UserWarning: The given NumPy array is not writable, and PyTorch does not support non-writable tensors. This means writing to this tensor will result in undefined behavior. You may want to copy the array to protect its data or make it writable before converting it to a tensor. This type of warning will be suppressed for the rest of this program. (Triggered internally at /__w/pytorch/pytorch/torch/csrc/utils/tensor_numpy.cpp:213.)
  return (torch.from_numpy(np.ascontiguousarray(x)),
/data/omar/m2/core/data.py:130: UserWarning: The given NumPy array is not writable, and PyTorch does not support non-writable tensors. This means writing to this tensor will result in undefined behavior. You may want to copy the array to protect its data or make it writable before converting it to a tensor. This type of warning will be suppressed for the rest of this program. (Triggered internally at /__w/pytorch/pytorch/torch/csrc/utils/tensor_numpy.cpp:213.)
  return (torch.from_numpy(np.ascontiguousarray(x)),
/data/omar/m2/core/data.py:130: UserWarning: The given NumPy array is not writable, and PyTorch does not support non-writable tensors. This means writing to this tensor will result in undefined behavior. You may want to copy the array to protect its data or make it writable before converting it to a tensor. This type of warning will be suppressed for the rest of this program. (Triggered internally at /__w/pytorch/pytorch/torch/csrc/utils/tensor_numpy.cpp:213.)
  return (torch.from_numpy(np.ascontiguousarray(x)),
/data/omar/m2/core/data.py:130: UserWarning: The given NumPy array is not writable, and PyTorch does not support non-writable tensors. This means writing to this tensor will result in undefined behavior. You may want to copy the array to protect its data or make it writable before converting it to a tensor. This type of warning will be suppressed for the rest of this program. (Triggered internally at /__w/pytorch/pytorch/torch/csrc/utils/tensor_numpy.cpp:213.)
  return (torch.from_numpy(np.ascontiguousarray(x)),
/data/omar/m2/core/data.py:130: UserWarning: The given NumPy array is not writable, and PyTorch does not support non-writable tensors. This means writing to this tensor will result in undefined behavior. You may want to copy the array to protect its data or make it writable before converting it to a tensor. This type of warning will be suppressed for the rest of this program. (Triggered internally at /__w/pytorch/pytorch/torch/csrc/utils/tensor_numpy.cpp:213.)
  return (torch.from_numpy(np.ascontiguousarray(x)),
/data/omar/m2/core/data.py:130: UserWarning: The given NumPy array is not writable, and PyTorch does not support non-writable tensors. This means writing to this tensor will result in undefined behavior. You may want to copy the array to protect its data or make it writable before converting it to a tensor. This type of warning will be suppressed for the rest of this program. (Triggered internally at /__w/pytorch/pytorch/torch/csrc/utils/tensor_numpy.cpp:213.)
  return (torch.from_numpy(np.ascontiguousarray(x)),
/data/omar/m2/core/data.py:130: UserWarning: The given NumPy array is not writable, and PyTorch does not support non-writable tensors. This means writing to this tensor will result in undefined behavior. You may want to copy the array to protect its data or make it writable before converting it to a tensor. This type of warning will be suppressed for the rest of this program. (Triggered internally at /__w/pytorch/pytorch/torch/csrc/utils/tensor_numpy.cpp:213.)
  return (torch.from_numpy(np.ascontiguousarray(x)),
01:13:41 ep 0 step 100 loss 29.738 word 3.570 mean 48.161 sound 4.360 nb 3.900 lr x0.100 0.33s/step
01:14:05 ep 0 step 200 loss 23.110 word 3.464 mean 36.107 sound 3.868 nb 2.161 lr x0.200 0.24s/step
01:14:29 ep 0 step 300 loss 23.266 word 3.458 mean 36.533 sound 3.822 nb 1.977 lr x0.300 0.24s/step
01:14:53 ep 0 step 400 loss 22.988 word 3.448 mean 36.011 sound 3.804 nb 1.967 lr x0.400 0.24s/step
01:15:16 ep 0 step 500 loss 23.188 word 3.426 mean 36.466 sound 3.784 nb 1.964 lr x0.499 0.24s/step
01:15:40 ep 0 step 600 loss 23.108 word 3.425 mean 36.315 sound 3.773 nb 1.968 lr x0.599 0.24s/step
01:16:04 ep 0 step 700 loss 23.078 word 3.418 mean 36.284 sound 3.759 nb 1.950 lr x0.699 0.24s/step
01:16:28 ep 0 step 800 loss 22.979 word 3.424 mean 36.071 sound 3.758 nb 1.962 lr x0.798 0.24s/step
01:16:52 ep 0 step 900 loss 22.767 word 3.419 mean 35.659 sound 3.754 nb 1.961 lr x0.897 0.24s/step
01:17:15 ep 0 step 1000 loss 23.030 word 3.409 mean 36.205 sound 3.752 nb 1.963 lr x0.996 0.24s/step
01:17:39 ep 0 step 1100 loss 23.091 word 3.391 mean 36.367 sound 3.749 nb 1.962 lr x0.995 0.24s/step
01:18:03 ep 0 step 1200 loss 22.773 word 3.384 mean 35.751 sound 3.745 nb 1.951 lr x0.994 0.24s/step
01:18:27 ep 0 step 1300 loss 22.708 word 3.387 mean 35.618 sound 3.742 nb 1.947 lr x0.993 0.24s/step
01:18:50 ep 0 step 1400 loss 22.932 word 3.379 mean 36.084 sound 3.738 nb 1.950 lr x0.992 0.24s/step
01:19:14 ep 0 step 1500 loss 23.021 word 3.378 mean 36.267 sound 3.735 nb 1.948 lr x0.991 0.24s/step
01:19:38 ep 0 step 1600 loss 22.507 word 3.379 mean 35.229 sound 3.736 nb 1.964 lr x0.989 0.24s/step
01:20:02 ep 0 step 1700 loss 22.486 word 3.373 mean 35.213 sound 3.726 nb 1.941 lr x0.988 0.24s/step
01:20:25 ep 0 step 1800 loss 22.399 word 3.371 mean 35.047 sound 3.730 nb 1.931 lr x0.987 0.24s/step
01:20:49 ep 0 step 1900 loss 22.742 word 3.357 mean 35.755 sound 3.731 nb 1.942 lr x0.985 0.24s/step
01:21:12 ep 0 step 2000 loss 22.651 word 3.358 mean 35.567 sound 3.728 nb 1.958 lr x0.983 0.23s/step
/data/omar/m2/core/data.py:130: UserWarning: The given NumPy array is not writable, and PyTorch does not support non-writable tensors. This means writing to this tensor will result in undefined behavior. You may want to copy the array to protect its data or make it writable before converting it to a tensor. This type of warning will be suppressed for the rest of this program. (Triggered internally at /__w/pytorch/pytorch/torch/csrc/utils/tensor_numpy.cpp:213.)
  return (torch.from_numpy(np.ascontiguousarray(x)),
/data/omar/m2/core/data.py:130: UserWarning: The given NumPy array is not writable, and PyTorch does not support non-writable tensors. This means writing to this tensor will result in undefined behavior. You may want to copy the array to protect its data or make it writable before converting it to a tensor. This type of warning will be suppressed for the rest of this program. (Triggered internally at /__w/pytorch/pytorch/torch/csrc/utils/tensor_numpy.cpp:213.)
  return (torch.from_numpy(np.ascontiguousarray(x)),
/data/omar/m2/core/data.py:130: UserWarning: The given NumPy array is not writable, and PyTorch does not support non-writable tensors. This means writing to this tensor will result in undefined behavior. You may want to copy the array to protect its data or make it writable before converting it to a tensor. This type of warning will be suppressed for the rest of this program. (Triggered internally at /__w/pytorch/pytorch/torch/csrc/utils/tensor_numpy.cpp:213.)
  return (torch.from_numpy(np.ascontiguousarray(x)),
/data/omar/m2/core/data.py:130: UserWarning: The given NumPy array is not writable, and PyTorch does not support non-writable tensors. This means writing to this tensor will result in undefined behavior. You may want to copy the array to protect its data or make it writable before converting it to a tensor. This type of warning will be suppressed for the rest of this program. (Triggered internally at /__w/pytorch/pytorch/torch/csrc/utils/tensor_numpy.cpp:213.)
  return (torch.from_numpy(np.ascontiguousarray(x)),
/data/omar/m2/core/data.py:130: UserWarning: The given NumPy array is not writable, and PyTorch does not support non-writable tensors. This means writing to this tensor will result in undefined behavior. You may want to copy the array to protect its data or make it writable before converting it to a tensor. This type of warning will be suppressed for the rest of this program. (Triggered internally at /__w/pytorch/pytorch/torch/csrc/utils/tensor_numpy.cpp:213.)
  return (torch.from_numpy(np.ascontiguousarray(x)),
/data/omar/m2/core/data.py:130: UserWarning: The given NumPy array is not writable, and PyTorch does not support non-writable tensors. This means writing to this tensor will result in undefined behavior. You may want to copy the array to protect its data or make it writable before converting it to a tensor. This type of warning will be suppressed for the rest of this program. (Triggered internally at /__w/pytorch/pytorch/torch/csrc/utils/tensor_numpy.cpp:213.)
  return (torch.from_numpy(np.ascontiguousarray(x)),
/data/omar/m2/core/data.py:130: UserWarning: The given NumPy array is not writable, and PyTorch does not support non-writable tensors. This means writing to this tensor will result in undefined behavior. You may want to copy the array to protect its data or make it writable before converting it to a tensor. This type of warning will be suppressed for the rest of this program. (Triggered internally at /__w/pytorch/pytorch/torch/csrc/utils/tensor_numpy.cpp:213.)
  return (torch.from_numpy(np.ascontiguousarray(x)),
/data/omar/m2/core/data.py:130: UserWarning: The given NumPy array is not writable, and PyTorch does not support non-writable tensors. This means writing to this tensor will result in undefined behavior. You may want to copy the array to protect its data or make it writable before converting it to a tensor. This type of warning will be suppressed for the rest of this program. (Triggered internally at /__w/pytorch/pytorch/torch/csrc/utils/tensor_numpy.cpp:213.)
  return (torch.from_numpy(np.ascontiguousarray(x)),
01:21:16 == epoch 0 deep: bacc10 0.2483 bacc1 0.0315 grid 0.2576@(1.0, 0.0) | broad: bacc10 0.3298 bacc1 0.0402 grid 0.3414@(1.0, 0.0)
01:21:17 new best 0.2890 -> /data/omar/m2/d/r/fw3/best.pt
/data/omar/m2/core/data.py:130: UserWarning: The given NumPy array is not writable, and PyTorch does not support non-writable tensors. This means writing to this tensor will result in undefined behavior. You may want to copy the array to protect its data or make it writable before converting it to a tensor. This type of warning will be suppressed for the rest of this program. (Triggered internally at /__w/pytorch/pytorch/torch/csrc/utils/tensor_numpy.cpp:213.)
  return (torch.from_numpy(np.ascontiguousarray(x)),
/data/omar/m2/core/data.py:130: UserWarning: The given NumPy array is not writable, and PyTorch does not support non-writable tensors. This means writing to this tensor will result in undefined behavior. You may want to copy the array to protect its data or make it writable before converting it to a tensor. This type of warning will be suppressed for the rest of this program. (Triggered internally at /__w/pytorch/pytorch/torch/csrc/utils/tensor_numpy.cpp:213.)
  return (torch.from_numpy(np.ascontiguousarray(x)),
/data/omar/m2/core/data.py:130: UserWarning: The given NumPy array is not writable, and PyTorch does not support non-writable tensors. This means writing to this tensor will result in undefined behavior. You may want to copy the array to protect its data or make it writable before converting it to a tensor. This type of warning will be suppressed for the rest of this program. (Triggered internally at /__w/pytorch/pytorch/torch/csrc/utils/tensor_numpy.cpp:213.)
  return (torch.from_numpy(np.ascontiguousarray(x)),
/data/omar/m2/core/data.py:130: UserWarning: The given NumPy array is not writable, and PyTorch does not support non-writable tensors. This means writing to this tensor will result in undefined behavior. You may want to copy the array to protect its data or make it writable before converting it to a tensor. This type of warning will be suppressed for the rest of this program. (Triggered internally at /__w/pytorch/pytorch/torch/csrc/utils/tensor_numpy.cpp:213.)
  return (torch.from_numpy(np.ascontiguousarray(x)),
/data/omar/m2/core/data.py:130: UserWarning: The given NumPy array is not writable, and PyTorch does not support non-writable tensors. This means writing to this tensor will result in undefined behavior. You may want to copy the array to protect its data or make it writable before converting it to a tensor. This type of warning will be suppressed for the rest of this program. (Triggered internally at /__w/pytorch/pytorch/torch/csrc/utils/tensor_numpy.cpp:213.)
  return (torch.from_numpy(np.ascontiguousarray(x)),
/data/omar/m2/core/data.py:130: UserWarning: The given NumPy array is not writable, and PyTorch does not support non-writable tensors. This means writing to this tensor will result in undefined behavior. You may want to copy the array to protect its data or make it writable before converting it to a tensor. This type of warning will be suppressed for the rest of this program. (Triggered internally at /__w/pytorch/pytorch/torch/csrc/utils/tensor_numpy.cpp:213.)
  return (torch.from_numpy(np.ascontiguousarray(x)),
/data/omar/m2/core/data.py:130: UserWarning: The given NumPy array is not writable, and PyTorch does not support non-writable tensors. This means writing to this tensor will result in undefined behavior. You may want to copy the array to protect its data or make it writable before converting it to a tensor. This type of warning will be suppressed for the rest of this program. (Triggered internally at /__w/pytorch/pytorch/torch/csrc/utils/tensor_numpy.cpp:213.)
  return (torch.from_numpy(np.ascontiguousarray(x)),
/data/omar/m2/core/data.py:130: UserWarning: The given NumPy array is not writable, and PyTorch does not support non-writable tensors. This means writing to this tensor will result in undefined behavior. You may want to copy the array to protect its data or make it writable before converting it to a tensor. This type of warning will be suppressed for the rest of this program. (Triggered internally at /__w/pytorch/pytorch/torch/csrc/utils/tensor_numpy.cpp:213.)
  return (torch.from_numpy(np.ascontiguousarray(x)),
/data/omar/m2/core/data.py:130: UserWarning: The given NumPy array is not writable, and PyTorch does not support non-writable tensors. This means writing to this tensor will result in undefined behavior. You may want to copy the array to protect its data or make it writable before converting it to a tensor. This type of warning will be suppressed for the rest of this program. (Triggered internally at /__w/pytorch/pytorch/torch/csrc/utils/tensor_numpy.cpp:213.)
  return (torch.from_numpy(np.ascontiguousarray(x)),
/data/omar/m2/core/data.py:130: UserWarning: The given NumPy array is not writable, and PyTorch does not support non-writable tensors. This means writing to this tensor will result in undefined behavior. You may want to copy the array to protect its data or make it writable before converting it to a tensor. This type of warning will be suppressed for the rest of this program. (Triggered internally at /__w/pytorch/pytorch/torch/csrc/utils/tensor_numpy.cpp:213.)
  return (torch.from_numpy(np.ascontiguousarray(x)),
/data/omar/m2/core/data.py:130: UserWarning: The given NumPy array is not writable, and PyTorch does not support non-writable tensors. This means writing to this tensor will result in undefined behavior. You may want to copy the array to protect its data or make it writable before converting it to a tensor. This type of warning will be suppressed for the rest of this program. (Triggered internally at /__w/pytorch/pytorch/torch/csrc/utils/tensor_numpy.cpp:213.)
  return (torch.from_numpy(np.ascontiguousarray(x)),
/data/omar/m2/core/data.py:130: UserWarning: The given NumPy array is not writable, and PyTorch does not support non-writable tensors. This means writing to this tensor will result in undefined behavior. You may want to copy the array to protect its data or make it writable before converting it to a tensor. This type of warning will be suppressed for the rest of this program. (Triggered internally at /__w/pytorch/pytorch/torch/csrc/utils/tensor_numpy.cpp:213.)
  return (torch.from_numpy(np.ascontiguousarray(x)),
01:21:45 ep 1 step 2100 loss 22.439 word 3.361 mean 35.150 sound 3.726 nb 1.926 lr x0.982 0.26s/step
01:22:08 ep 1 step 2200 loss 22.230 word 3.355 mean 34.740 sound 3.727 nb 1.934 lr x0.980 0.23s/step
01:22:32 ep 1 step 2300 loss 22.446 word 3.351 mean 35.177 sound 3.726 nb 1.945 lr x0.978 0.24s/step
01:22:56 ep 1 step 2400 loss 22.061 word 3.353 mean 34.408 sound 3.725 nb 1.934 lr x0.976 0.24s/step
01:23:19 ep 1 step 2500 loss 22.213 word 3.350 mean 34.722 sound 3.727 nb 1.919 lr x0.974 0.23s/step
01:23:43 ep 1 step 2600 loss 22.369 word 3.338 mean 35.055 sound 3.722 nb 1.936 lr x0.972 0.24s/step
01:24:06 ep 1 step 2700 loss 22.551 word 3.337 mean 35.420 sound 3.722 nb 1.938 lr x0.970 0.24s/step
01:24:30 ep 1 step 2800 loss 22.244 word 3.334 mean 34.804 sound 3.721 nb 1.954 lr x0.968 0.24s/step
01:24:54 ep 1 step 2900 loss 22.633 word 3.335 mean 35.593 sound 3.721 nb 1.926 lr x0.965 0.24s/step
01:25:18 ep 1 step 3000 loss 22.302 word 3.339 mean 34.919 sound 3.718 nb 1.941 lr x0.963 0.24s/step
01:25:42 ep 1 step 3100 loss 22.325 word 3.329 mean 34.982 sound 3.721 nb 1.944 lr x0.961 0.24s/step
01:26:05 ep 1 step 3200 loss 22.149 word 3.332 mean 34.628 sound 3.716 nb 1.940 lr x0.958 0.24s/step
01:26:29 ep 1 step 3300 loss 22.317 word 3.327 mean 34.979 sound 3.725 nb 1.914 lr x0.955 0.24s/step
01:26:53 ep 1 step 3400 loss 22.142 word 3.326 mean 34.629 sound 3.718 nb 1.931 lr x0.953 0.24s/step
01:27:16 ep 1 step 3500 loss 22.317 word 3.323 mean 34.979 sound 3.721 nb 1.944 lr x0.950 0.24s/step
01:27:40 ep 1 step 3600 loss 22.473 word 3.316 mean 35.310 sound 3.718 nb 1.932 lr x0.947 0.24s/step
01:28:04 ep 1 step 3700 loss 22.106 word 3.320 mean 34.565 sound 3.719 nb 1.938 lr x0.944 0.24s/step
01:28:28 ep 1 step 3800 loss 21.912 word 3.318 mean 34.181 sound 3.723 nb 1.933 lr x0.941 0.24s/step
01:28:51 ep 1 step 3900 loss 22.066 word 3.325 mean 34.485 sound 3.710 nb 1.929 lr x0.938 0.24s/step
01:29:14 ep 1 step 4000 loss 22.244 word 3.320 mean 34.853 sound 3.716 nb 1.915 lr x0.935 0.23s/step
/data/omar/m2/core/data.py:130: UserWarning: The given NumPy array is not writable, and PyTorch does not support non-writable tensors. This means writing to this tensor will result in undefined behavior. You may want to copy the array to protect its data or make it writable before converting it to a tensor. This type of warning will be suppressed for the rest of this program. (Triggered internally at /__w/pytorch/pytorch/torch/csrc/utils/tensor_numpy.cpp:213.)
  return (torch.from_numpy(np.ascontiguousarray(x)),
/data/omar/m2/core/data.py:130: UserWarning: The given NumPy array is not writable, and PyTorch does not support non-writable tensors. This means writing to this tensor will result in undefined behavior. You may want to copy the array to protect its data or make it writable before converting it to a tensor. This type of warning will be suppressed for the rest of this program. (Triggered internally at /__w/pytorch/pytorch/torch/csrc/utils/tensor_numpy.cpp:213.)
  return (torch.from_numpy(np.ascontiguousarray(x)),
/data/omar/m2/core/data.py:130: UserWarning: The given NumPy array is not writable, and PyTorch does not support non-writable tensors. This means writing to this tensor will result in undefined behavior. You may want to copy the array to protect its data or make it writable before converting it to a tensor. This type of warning will be suppressed for the rest of this program. (Triggered internally at /__w/pytorch/pytorch/torch/csrc/utils/tensor_numpy.cpp:213.)
  return (torch.from_numpy(np.ascontiguousarray(x)),
/data/omar/m2/core/data.py:130: UserWarning: The given NumPy array is not writable, and PyTorch does not support non-writable tensors. This means writing to this tensor will result in undefined behavior. You may want to copy the array to protect its data or make it writable before converting it to a tensor. This type of warning will be suppressed for the rest of this program. (Triggered internally at /__w/pytorch/pytorch/torch/csrc/utils/tensor_numpy.cpp:213.)
  return (torch.from_numpy(np.ascontiguousarray(x)),
/data/omar/m2/core/data.py:130: UserWarning: The given NumPy array is not writable, and PyTorch does not support non-writable tensors. This means writing to this tensor will result in undefined behavior. You may want to copy the array to protect its data or make it writable before converting it to a tensor. This type of warning will be suppressed for the rest of this program. (Triggered internally at /__w/pytorch/pytorch/torch/csrc/utils/tensor_numpy.cpp:213.)
  return (torch.from_numpy(np.ascontiguousarray(x)),
/data/omar/m2/core/data.py:130: UserWarning: The given NumPy array is not writable, and PyTorch does not support non-writable tensors. This means writing to this tensor will result in undefined behavior. You may want to copy the array to protect its data or make it writable before converting it to a tensor. This type of warning will be suppressed for the rest of this program. (Triggered internally at /__w/pytorch/pytorch/torch/csrc/utils/tensor_numpy.cpp:213.)
  return (torch.from_numpy(np.ascontiguousarray(x)),
/data/omar/m2/core/data.py:130: UserWarning: The given NumPy array is not writable, and PyTorch does not support non-writable tensors. This means writing to this tensor will result in undefined behavior. You may want to copy the array to protect its data or make it writable before converting it to a tensor. This type of warning will be suppressed for the rest of this program. (Triggered internally at /__w/pytorch/pytorch/torch/csrc/utils/tensor_numpy.cpp:213.)
  return (torch.from_numpy(np.ascontiguousarray(x)),
/data/omar/m2/core/data.py:130: UserWarning: The given NumPy array is not writable, and PyTorch does not support non-writable tensors. This means writing to this tensor will result in undefined behavior. You may want to copy the array to protect its data or make it writable before converting it to a tensor. This type of warning will be suppressed for the rest of this program. (Triggered internally at /__w/pytorch/pytorch/torch/csrc/utils/tensor_numpy.cpp:213.)
  return (torch.from_numpy(np.ascontiguousarray(x)),
01:29:18 == epoch 1 deep: bacc10 0.2571 bacc1 0.0316 grid 0.2729@(1.0, 0.0) | broad: bacc10 0.3677 bacc1 0.0548 grid 0.3793@(1.0, 0.0)
01:29:20 new best 0.3124 -> /data/omar/m2/d/r/fw3/best.pt
/data/omar/m2/core/data.py:130: UserWarning: The given NumPy array is not writable, and PyTorch does not support non-writable tensors. This means writing to this tensor will result in undefined behavior. You may want to copy the array to protect its data or make it writable before converting it to a tensor. This type of warning will be suppressed for the rest of this program. (Triggered internally at /__w/pytorch/pytorch/torch/csrc/utils/tensor_numpy.cpp:213.)
  return (torch.from_numpy(np.ascontiguousarray(x)),
/data/omar/m2/core/data.py:130: UserWarning: The given NumPy array is not writable, and PyTorch does not support non-writable tensors. This means writing to this tensor will result in undefined behavior. You may want to copy the array to protect its data or make it writable before converting it to a tensor. This type of warning will be suppressed for the rest of this program. (Triggered internally at /__w/pytorch/pytorch/torch/csrc/utils/tensor_numpy.cpp:213.)
  return (torch.from_numpy(np.ascontiguousarray(x)),
/data/omar/m2/core/data.py:130: UserWarning: The given NumPy array is not writable, and PyTorch does not support non-writable tensors. This means writing to this tensor will result in undefined behavior. You may want to copy the array to protect its data or make it writable before converting it to a tensor. This type of warning will be suppressed for the rest of this program. (Triggered internally at /__w/pytorch/pytorch/torch/csrc/utils/tensor_numpy.cpp:213.)
  return (torch.from_numpy(np.ascontiguousarray(x)),
/data/omar/m2/core/data.py:130: UserWarning: The given NumPy array is not writable, and PyTorch does not support non-writable tensors. This means writing to this tensor will result in undefined behavior. You may want to copy the array to protect its data or make it writable before converting it to a tensor. This type of warning will be suppressed for the rest of this program. (Triggered internally at /__w/pytorch/pytorch/torch/csrc/utils/tensor_numpy.cpp:213.)
  return (torch.from_numpy(np.ascontiguousarray(x)),
/data/omar/m2/core/data.py:130: UserWarning: The given NumPy array is not writable, and PyTorch does not support non-writable tensors. This means writing to this tensor will result in undefined behavior. You may want to copy the array to protect its data or make it writable before converting it to a tensor. This type of warning will be suppressed for the rest of this program. (Triggered internally at /__w/pytorch/pytorch/torch/csrc/utils/tensor_numpy.cpp:213.)
  return (torch.from_numpy(np.ascontiguousarray(x)),
/data/omar/m2/core/data.py:130: UserWarning: The given NumPy array is not writable, and PyTorch does not support non-writable tensors. This means writing to this tensor will result in undefined behavior. You may want to copy the array to protect its data or make it writable before converting it to a tensor. This type of warning will be suppressed for the rest of this program. (Triggered internally at /__w/pytorch/pytorch/torch/csrc/utils/tensor_numpy.cpp:213.)
  return (torch.from_numpy(np.ascontiguousarray(x)),
/data/omar/m2/core/data.py:130: UserWarning: The given NumPy array is not writable, and PyTorch does not support non-writable tensors. This means writing to this tensor will result in undefined behavior. You may want to copy the array to protect its data or make it writable before converting it to a tensor. This type of warning will be suppressed for the rest of this program. (Triggered internally at /__w/pytorch/pytorch/torch/csrc/utils/tensor_numpy.cpp:213.)
  return (torch.from_numpy(np.ascontiguousarray(x)),
/data/omar/m2/core/data.py:130: UserWarning: The given NumPy array is not writable, and PyTorch does not support non-writable tensors. This means writing to this tensor will result in undefined behavior. You may want to copy the array to protect its data or make it writable before converting it to a tensor. This type of warning will be suppressed for the rest of this program. (Triggered internally at /__w/pytorch/pytorch/torch/csrc/utils/tensor_numpy.cpp:213.)
  return (torch.from_numpy(np.ascontiguousarray(x)),
/data/omar/m2/core/data.py:130: UserWarning: The given NumPy array is not writable, and PyTorch does not support non-writable tensors. This means writing to this tensor will result in undefined behavior. You may want to copy the array to protect its data or make it writable before converting it to a tensor. This type of warning will be suppressed for the rest of this program. (Triggered internally at /__w/pytorch/pytorch/torch/csrc/utils/tensor_numpy.cpp:213.)
  return (torch.from_numpy(np.ascontiguousarray(x)),
/data/omar/m2/core/data.py:130: UserWarning: The given NumPy array is not writable, and PyTorch does not support non-writable tensors. This means writing to this tensor will result in undefined behavior. You may want to copy the array to protect its data or make it writable before converting it to a tensor. This type of warning will be suppressed for the rest of this program. (Triggered internally at /__w/pytorch/pytorch/torch/csrc/utils/tensor_numpy.cpp:213.)
  return (torch.from_numpy(np.ascontiguousarray(x)),
/data/omar/m2/core/data.py:130: UserWarning: The given NumPy array is not writable, and PyTorch does not support non-writable tensors. This means writing to this tensor will result in undefined behavior. You may want to copy the array to protect its data or make it writable before converting it to a tensor. This type of warning will be suppressed for the rest of this program. (Triggered internally at /__w/pytorch/pytorch/torch/csrc/utils/tensor_numpy.cpp:213.)
  return (torch.from_numpy(np.ascontiguousarray(x)),
/data/omar/m2/core/data.py:130: UserWarning: The given NumPy array is not writable, and PyTorch does not support non-writable tensors. This means writing to this tensor will result in undefined behavior. You may want to copy the array to protect its data or make it writable before converting it to a tensor. This type of warning will be suppressed for the rest of this program. (Triggered internally at /__w/pytorch/pytorch/torch/csrc/utils/tensor_numpy.cpp:213.)
  return (torch.from_numpy(np.ascontiguousarray(x)),
01:29:47 ep 2 step 4100 loss 22.131 word 3.313 mean 34.642 sound 3.711 nb 1.920 lr x0.932 0.25s/step
01:30:10 ep 2 step 4200 loss 22.212 word 3.303 mean 34.821 sound 3.712 nb 1.922 lr x0.929 0.24s/step
01:30:34 ep 2 step 4300 loss 22.028 word 3.308 mean 34.441 sound 3.715 nb 1.923 lr x0.925 0.24s/step
01:30:58 ep 2 step 4400 loss 21.827 word 3.309 mean 34.036 sound 3.716 nb 1.928 lr x0.922 0.24s/step
01:31:22 ep 2 step 4500 loss 21.898 word 3.310 mean 34.176 sound 3.714 nb 1.928 lr x0.918 0.24s/step
01:31:46 ep 2 step 4600 loss 21.922 word 3.302 mean 34.247 sound 3.712 nb 1.911 lr x0.915 0.24s/step
01:32:10 ep 2 step 4700 loss 22.109 word 3.302 mean 34.620 sound 3.711 nb 1.917 lr x0.911 0.24s/step
01:32:33 ep 2 step 4800 loss 22.082 word 3.299 mean 34.570 sound 3.710 nb 1.921 lr x0.907 0.24s/step
01:32:58 ep 2 step 4900 loss 21.868 word 3.308 mean 34.124 sound 3.709 nb 1.926 lr x0.904 0.24s/step
01:33:21 ep 2 step 5000 loss 21.802 word 3.300 mean 33.999 sound 3.712 nb 1.943 lr x0.900 0.24s/step
01:33:45 ep 2 step 5100 loss 21.945 word 3.295 mean 34.305 sound 3.712 nb 1.924 lr x0.896 0.24s/step
01:34:09 ep 2 step 5200 loss 21.916 word 3.299 mean 34.237 sound 3.713 nb 1.926 lr x0.892 0.24s/step
01:34:33 ep 2 step 5300 loss 21.871 word 3.290 mean 34.156 sound 3.712 nb 1.945 lr x0.888 0.24s/step
01:34:57 ep 2 step 5400 loss 22.022 word 3.282 mean 34.491 sound 3.711 nb 1.905 lr x0.884 0.24s/step
01:35:20 ep 2 step 5500 loss 21.927 word 3.288 mean 34.283 sound 3.708 nb 1.925 lr x0.880 0.24s/step
01:35:44 ep 2 step 5600 loss 21.686 word 3.298 mean 33.779 sound 3.714 nb 1.920 lr x0.875 0.24s/step
01:36:08 ep 2 step 5700 loss 21.874 word 3.283 mean 34.187 sound 3.711 nb 1.922 lr x0.871 0.24s/step
01:36:32 ep 2 step 5800 loss 21.822 word 3.287 mean 34.077 sound 3.711 nb 1.917 lr x0.867 0.24s/step
01:36:56 ep 2 step 5900 loss 21.855 word 3.274 mean 34.172 sound 3.707 nb 1.914 lr x0.862 0.24s/step
01:37:18 ep 2 step 6000 loss 21.489 word 3.281 mean 33.420 sound 3.708 nb 1.928 lr x0.858 0.23s/step
/data/omar/m2/core/data.py:130: UserWarning: The given NumPy array is not writable, and PyTorch does not support non-writable tensors. This means writing to this tensor will result in undefined behavior. You may want to copy the array to protect its data or make it writable before converting it to a tensor. This type of warning will be suppressed for the rest of this program. (Triggered internally at /__w/pytorch/pytorch/torch/csrc/utils/tensor_numpy.cpp:213.)
  return (torch.from_numpy(np.ascontiguousarray(x)),
/data/omar/m2/core/data.py:130: UserWarning: The given NumPy array is not writable, and PyTorch does not support non-writable tensors. This means writing to this tensor will result in undefined behavior. You may want to copy the array to protect its data or make it writable before converting it to a tensor. This type of warning will be suppressed for the rest of this program. (Triggered internally at /__w/pytorch/pytorch/torch/csrc/utils/tensor_numpy.cpp:213.)
  return (torch.from_numpy(np.ascontiguousarray(x)),
/data/omar/m2/core/data.py:130: UserWarning: The given NumPy array is not writable, and PyTorch does not support non-writable tensors. This means writing to this tensor will result in undefined behavior. You may want to copy the array to protect its data or make it writable before converting it to a tensor. This type of warning will be suppressed for the rest of this program. (Triggered internally at /__w/pytorch/pytorch/torch/csrc/utils/tensor_numpy.cpp:213.)
  return (torch.from_numpy(np.ascontiguousarray(x)),
/data/omar/m2/core/data.py:130: UserWarning: The given NumPy array is not writable, and PyTorch does not support non-writable tensors. This means writing to this tensor will result in undefined behavior. You may want to copy the array to protect its data or make it writable before converting it to a tensor. This type of warning will be suppressed for the rest of this program. (Triggered internally at /__w/pytorch/pytorch/torch/csrc/utils/tensor_numpy.cpp:213.)
  return (torch.from_numpy(np.ascontiguousarray(x)),
/data/omar/m2/core/data.py:130: UserWarning: The given NumPy array is not writable, and PyTorch does not support non-writable tensors. This means writing to this tensor will result in undefined behavior. You may want to copy the array to protect its data or make it writable before converting it to a tensor. This type of warning will be suppressed for the rest of this program. (Triggered internally at /__w/pytorch/pytorch/torch/csrc/utils/tensor_numpy.cpp:213.)
  return (torch.from_numpy(np.ascontiguousarray(x)),
/data/omar/m2/core/data.py:130: UserWarning: The given NumPy array is not writable, and PyTorch does not support non-writable tensors. This means writing to this tensor will result in undefined behavior. You may want to copy the array to protect its data or make it writable before converting it to a tensor. This type of warning will be suppressed for the rest of this program. (Triggered internally at /__w/pytorch/pytorch/torch/csrc/utils/tensor_numpy.cpp:213.)
  return (torch.from_numpy(np.ascontiguousarray(x)),
/data/omar/m2/core/data.py:130: UserWarning: The given NumPy array is not writable, and PyTorch does not support non-writable tensors. This means writing to this tensor will result in undefined behavior. You may want to copy the array to protect its data or make it writable before converting it to a tensor. This type of warning will be suppressed for the rest of this program. (Triggered internally at /__w/pytorch/pytorch/torch/csrc/utils/tensor_numpy.cpp:213.)
  return (torch.from_numpy(np.ascontiguousarray(x)),
/data/omar/m2/core/data.py:130: UserWarning: The given NumPy array is not writable, and PyTorch does not support non-writable tensors. This means writing to this tensor will result in undefined behavior. You may want to copy the array to protect its data or make it writable before converting it to a tensor. This type of warning will be suppressed for the rest of this program. (Triggered internally at /__w/pytorch/pytorch/torch/csrc/utils/tensor_numpy.cpp:213.)
  return (torch.from_numpy(np.ascontiguousarray(x)),
01:37:23 == epoch 2 deep: bacc10 0.2829 bacc1 0.0357 grid 0.2904@(1.0, 0.0) | broad: bacc10 0.3814 bacc1 0.0535 grid 0.3814@(0.5, 0.0)
01:37:24 new best 0.3321 -> /data/omar/m2/d/r/fw3/best.pt
/data/omar/m2/core/data.py:130: UserWarning: The given NumPy array is not writable, and PyTorch does not support non-writable tensors. This means writing to this tensor will result in undefined behavior. You may want to copy the array to protect its data or make it writable before converting it to a tensor. This type of warning will be suppressed for the rest of this program. (Triggered internally at /__w/pytorch/pytorch/torch/csrc/utils/tensor_numpy.cpp:213.)
  return (torch.from_numpy(np.ascontiguousarray(x)),
/data/omar/m2/core/data.py:130: UserWarning: The given NumPy array is not writable, and PyTorch does not support non-writable tensors. This means writing to this tensor will result in undefined behavior. You may want to copy the array to protect its data or make it writable before converting it to a tensor. This type of warning will be suppressed for the rest of this program. (Triggered internally at /__w/pytorch/pytorch/torch/csrc/utils/tensor_numpy.cpp:213.)
  return (torch.from_numpy(np.ascontiguousarray(x)),
/data/omar/m2/core/data.py:130: UserWarning: The given NumPy array is not writable, and PyTorch does not support non-writable tensors. This means writing to this tensor will result in undefined behavior. You may want to copy the array to protect its data or make it writable before converting it to a tensor. This type of warning will be suppressed for the rest of this program. (Triggered internally at /__w/pytorch/pytorch/torch/csrc/utils/tensor_numpy.cpp:213.)
  return (torch.from_numpy(np.ascontiguousarray(x)),
/data/omar/m2/core/data.py:130: UserWarning: The given NumPy array is not writable, and PyTorch does not support non-writable tensors. This means writing to this tensor will result in undefined behavior. You may want to copy the array to protect its data or make it writable before converting it to a tensor. This type of warning will be suppressed for the rest of this program. (Triggered internally at /__w/pytorch/pytorch/torch/csrc/utils/tensor_numpy.cpp:213.)
  return (torch.from_numpy(np.ascontiguousarray(x)),
/data/omar/m2/core/data.py:130: UserWarning: The given NumPy array is not writable, and PyTorch does not support non-writable tensors. This means writing to this tensor will result in undefined behavior. You may want to copy the array to protect its data or make it writable before converting it to a tensor. This type of warning will be suppressed for the rest of this program. (Triggered internally at /__w/pytorch/pytorch/torch/csrc/utils/tensor_numpy.cpp:213.)
  return (torch.from_numpy(np.ascontiguousarray(x)),
/data/omar/m2/core/data.py:130: UserWarning: The given NumPy array is not writable, and PyTorch does not support non-writable tensors. This means writing to this tensor will result in undefined behavior. You may want to copy the array to protect its data or make it writable before converting it to a tensor. This type of warning will be suppressed for the rest of this program. (Triggered internally at /__w/pytorch/pytorch/torch/csrc/utils/tensor_numpy.cpp:213.)
  return (torch.from_numpy(np.ascontiguousarray(x)),
/data/omar/m2/core/data.py:130: UserWarning: The given NumPy array is not writable, and PyTorch does not support non-writable tensors. This means writing to this tensor will result in undefined behavior. You may want to copy the array to protect its data or make it writable before converting it to a tensor. This type of warning will be suppressed for the rest of this program. (Triggered internally at /__w/pytorch/pytorch/torch/csrc/utils/tensor_numpy.cpp:213.)
  return (torch.from_numpy(np.ascontiguousarray(x)),
/data/omar/m2/core/data.py:130: UserWarning: The given NumPy array is not writable, and PyTorch does not support non-writable tensors. This means writing to this tensor will result in undefined behavior. You may want to copy the array to protect its data or make it writable before converting it to a tensor. This type of warning will be suppressed for the rest of this program. (Triggered internally at /__w/pytorch/pytorch/torch/csrc/utils/tensor_numpy.cpp:213.)
  return (torch.from_numpy(np.ascontiguousarray(x)),
/data/omar/m2/core/data.py:130: UserWarning: The given NumPy array is not writable, and PyTorch does not support non-writable tensors. This means writing to this tensor will result in undefined behavior. You may want to copy the array to protect its data or make it writable before converting it to a tensor. This type of warning will be suppressed for the rest of this program. (Triggered internally at /__w/pytorch/pytorch/torch/csrc/utils/tensor_numpy.cpp:213.)
  return (torch.from_numpy(np.ascontiguousarray(x)),
/data/omar/m2/core/data.py:130: UserWarning: The given NumPy array is not writable, and PyTorch does not support non-writable tensors. This means writing to this tensor will result in undefined behavior. You may want to copy the array to protect its data or make it writable before converting it to a tensor. This type of warning will be suppressed for the rest of this program. (Triggered internally at /__w/pytorch/pytorch/torch/csrc/utils/tensor_numpy.cpp:213.)
  return (torch.from_numpy(np.ascontiguousarray(x)),
/data/omar/m2/core/data.py:130: UserWarning: The given NumPy array is not writable, and PyTorch does not support non-writable tensors. This means writing to this tensor will result in undefined behavior. You may want to copy the array to protect its data or make it writable before converting it to a tensor. This type of warning will be suppressed for the rest of this program. (Triggered internally at /__w/pytorch/pytorch/torch/csrc/utils/tensor_numpy.cpp:213.)
  return (torch.from_numpy(np.ascontiguousarray(x)),
/data/omar/m2/core/data.py:130: UserWarning: The given NumPy array is not writable, and PyTorch does not support non-writable tensors. This means writing to this tensor will result in undefined behavior. You may want to copy the array to protect its data or make it writable before converting it to a tensor. This type of warning will be suppressed for the rest of this program. (Triggered internally at /__w/pytorch/pytorch/torch/csrc/utils/tensor_numpy.cpp:213.)
  return (torch.from_numpy(np.ascontiguousarray(x)),
01:37:51 ep 3 step 6100 loss 21.734 word 3.281 mean 33.916 sound 3.705 nb 1.914 lr x0.853 0.26s/step
01:38:15 ep 3 step 6200 loss 21.748 word 3.272 mean 33.957 sound 3.712 nb 1.922 lr x0.849 0.23s/step
01:38:38 ep 3 step 6300 loss 21.775 word 3.277 mean 34.011 sound 3.706 nb 1.903 lr x0.844 0.23s/step
01:39:01 ep 3 step 6400 loss 21.601 word 3.273 mean 33.665 sound 3.708 nb 1.914 lr x0.840 0.23s/step
01:39:25 ep 3 step 6500 loss 21.592 word 3.274 mean 33.642 sound 3.704 nb 1.926 lr x0.835 0.23s/step
01:39:48 ep 3 step 6600 loss 21.513 word 3.262 mean 33.516 sound 3.707 nb 1.907 lr x0.830 0.23s/step
01:40:12 ep 3 step 6700 loss 21.725 word 3.254 mean 33.957 sound 3.708 nb 1.901 lr x0.825 0.24s/step
01:40:35 ep 3 step 6800 loss 21.461 word 3.272 mean 33.388 sound 3.712 nb 1.904 lr x0.820 0.23s/step
01:40:58 ep 3 step 6900 loss 21.192 word 3.267 mean 32.857 sound 3.711 nb 1.913 lr x0.815 0.23s/step
01:41:21 ep 3 step 7000 loss 21.552 word 3.253 mean 33.602 sound 3.709 nb 1.925 lr x0.810 0.23s/step
01:41:45 ep 3 step 7100 loss 21.730 word 3.251 mean 33.965 sound 3.710 nb 1.918 lr x0.805 0.24s/step
01:42:08 ep 3 step 7200 loss 21.509 word 3.258 mean 33.514 sound 3.703 nb 1.918 lr x0.800 0.24s/step
01:42:32 ep 3 step 7300 loss 21.515 word 3.257 mean 33.526 sound 3.706 nb 1.916 lr x0.795 0.24s/step
01:42:56 ep 3 step 7400 loss 21.470 word 3.230 mean 33.492 sound 3.707 nb 1.913 lr x0.790 0.24s/step
01:43:19 ep 3 step 7500 loss 21.504 word 3.248 mean 33.530 sound 3.707 nb 1.892 lr x0.785 0.24s/step
01:43:43 ep 3 step 7600 loss 21.240 word 3.241 mean 33.015 sound 3.708 nb 1.895 lr x0.779 0.24s/step
01:44:07 ep 3 step 7700 loss 21.226 word 3.233 mean 32.996 sound 3.709 nb 1.908 lr x0.774 0.24s/step
01:44:30 ep 3 step 7800 loss 21.292 word 3.238 mean 33.120 sound 3.702 nb 1.917 lr x0.768 0.24s/step
01:44:54 ep 3 step 7900 loss 21.244 word 3.238 mean 33.030 sound 3.701 nb 1.906 lr x0.763 0.24s/step
01:45:17 ep 3 step 8000 loss 21.275 word 3.226 mean 33.118 sound 3.707 nb 1.890 lr x0.758 0.23s/step
/data/omar/m2/core/data.py:130: UserWarning: The given NumPy array is not writable, and PyTorch does not support non-writable tensors. This means writing to this tensor will result in undefined behavior. You may want to copy the array to protect its data or make it writable before converting it to a tensor. This type of warning will be suppressed for the rest of this program. (Triggered internally at /__w/pytorch/pytorch/torch/csrc/utils/tensor_numpy.cpp:213.)
  return (torch.from_numpy(np.ascontiguousarray(x)),
/data/omar/m2/core/data.py:130: UserWarning: The given NumPy array is not writable, and PyTorch does not support non-writable tensors. This means writing to this tensor will result in undefined behavior. You may want to copy the array to protect its data or make it writable before converting it to a tensor. This type of warning will be suppressed for the rest of this program. (Triggered internally at /__w/pytorch/pytorch/torch/csrc/utils/tensor_numpy.cpp:213.)
  return (torch.from_numpy(np.ascontiguousarray(x)),
/data/omar/m2/core/data.py:130: UserWarning: The given NumPy array is not writable, and PyTorch does not support non-writable tensors. This means writing to this tensor will result in undefined behavior. You may want to copy the array to protect its data or make it writable before converting it to a tensor. This type of warning will be suppressed for the rest of this program. (Triggered internally at /__w/pytorch/pytorch/torch/csrc/utils/tensor_numpy.cpp:213.)
  return (torch.from_numpy(np.ascontiguousarray(x)),
/data/omar/m2/core/data.py:130: UserWarning: The given NumPy array is not writable, and PyTorch does not support non-writable tensors. This means writing to this tensor will result in undefined behavior. You may want to copy the array to protect its data or make it writable before converting it to a tensor. This type of warning will be suppressed for the rest of this program. (Triggered internally at /__w/pytorch/pytorch/torch/csrc/utils/tensor_numpy.cpp:213.)
  return (torch.from_numpy(np.ascontiguousarray(x)),
/data/omar/m2/core/data.py:130: UserWarning: The given NumPy array is not writable, and PyTorch does not support non-writable tensors. This means writing to this tensor will result in undefined behavior. You may want to copy the array to protect its data or make it writable before converting it to a tensor. This type of warning will be suppressed for the rest of this program. (Triggered internally at /__w/pytorch/pytorch/torch/csrc/utils/tensor_numpy.cpp:213.)
  return (torch.from_numpy(np.ascontiguousarray(x)),
/data/omar/m2/core/data.py:130: UserWarning: The given NumPy array is not writable, and PyTorch does not support non-writable tensors. This means writing to this tensor will result in undefined behavior. You may want to copy the array to protect its data or make it writable before converting it to a tensor. This type of warning will be suppressed for the rest of this program. (Triggered internally at /__w/pytorch/pytorch/torch/csrc/utils/tensor_numpy.cpp:213.)
  return (torch.from_numpy(np.ascontiguousarray(x)),
/data/omar/m2/core/data.py:130: UserWarning: The given NumPy array is not writable, and PyTorch does not support non-writable tensors. This means writing to this tensor will result in undefined behavior. You may want to copy the array to protect its data or make it writable before converting it to a tensor. This type of warning will be suppressed for the rest of this program. (Triggered internally at /__w/pytorch/pytorch/torch/csrc/utils/tensor_numpy.cpp:213.)
  return (torch.from_numpy(np.ascontiguousarray(x)),
/data/omar/m2/core/data.py:130: UserWarning: The given NumPy array is not writable, and PyTorch does not support non-writable tensors. This means writing to this tensor will result in undefined behavior. You may want to copy the array to protect its data or make it writable before converting it to a tensor. This type of warning will be suppressed for the rest of this program. (Triggered internally at /__w/pytorch/pytorch/torch/csrc/utils/tensor_numpy.cpp:213.)
  return (torch.from_numpy(np.ascontiguousarray(x)),
01:45:21 == epoch 3 deep: bacc10 0.2768 bacc1 0.0411 grid 0.3002@(1.0, 0.0) | broad: bacc10 0.3695 bacc1 0.0554 grid 0.3858@(1.0, 0.0)
/data/omar/m2/core/data.py:130: UserWarning: The given NumPy array is not writable, and PyTorch does not support non-writable tensors. This means writing to this tensor will result in undefined behavior. You may want to copy the array to protect its data or make it writable before converting it to a tensor. This type of warning will be suppressed for the rest of this program. (Triggered internally at /__w/pytorch/pytorch/torch/csrc/utils/tensor_numpy.cpp:213.)
  return (torch.from_numpy(np.ascontiguousarray(x)),
/data/omar/m2/core/data.py:130: UserWarning: The given NumPy array is not writable, and PyTorch does not support non-writable tensors. This means writing to this tensor will result in undefined behavior. You may want to copy the array to protect its data or make it writable before converting it to a tensor. This type of warning will be suppressed for the rest of this program. (Triggered internally at /__w/pytorch/pytorch/torch/csrc/utils/tensor_numpy.cpp:213.)
  return (torch.from_numpy(np.ascontiguousarray(x)),
/data/omar/m2/core/data.py:130: UserWarning: The given NumPy array is not writable, and PyTorch does not support non-writable tensors. This means writing to this tensor will result in undefined behavior. You may want to copy the array to protect its data or make it writable before converting it to a tensor. This type of warning will be suppressed for the rest of this program. (Triggered internally at /__w/pytorch/pytorch/torch/csrc/utils/tensor_numpy.cpp:213.)
  return (torch.from_numpy(np.ascontiguousarray(x)),
/data/omar/m2/core/data.py:130: UserWarning: The given NumPy array is not writable, and PyTorch does not support non-writable tensors. This means writing to this tensor will result in undefined behavior. You may want to copy the array to protect its data or make it writable before converting it to a tensor. This type of warning will be suppressed for the rest of this program. (Triggered internally at /__w/pytorch/pytorch/torch/csrc/utils/tensor_numpy.cpp:213.)
  return (torch.from_numpy(np.ascontiguousarray(x)),
/data/omar/m2/core/data.py:130: UserWarning: The given NumPy array is not writable, and PyTorch does not support non-writable tensors. This means writing to this tensor will result in undefined behavior. You may want to copy the array to protect its data or make it writable before converting it to a tensor. This type of warning will be suppressed for the rest of this program. (Triggered internally at /__w/pytorch/pytorch/torch/csrc/utils/tensor_numpy.cpp:213.)
  return (torch.from_numpy(np.ascontiguousarray(x)),
/data/omar/m2/core/data.py:130: UserWarning: The given NumPy array is not writable, and PyTorch does not support non-writable tensors. This means writing to this tensor will result in undefined behavior. You may want to copy the array to protect its data or make it writable before converting it to a tensor. This type of warning will be suppressed for the rest of this program. (Triggered internally at /__w/pytorch/pytorch/torch/csrc/utils/tensor_numpy.cpp:213.)
  return (torch.from_numpy(np.ascontiguousarray(x)),
/data/omar/m2/core/data.py:130: UserWarning: The given NumPy array is not writable, and PyTorch does not support non-writable tensors. This means writing to this tensor will result in undefined behavior. You may want to copy the array to protect its data or make it writable before converting it to a tensor. This type of warning will be suppressed for the rest of this program. (Triggered internally at /__w/pytorch/pytorch/torch/csrc/utils/tensor_numpy.cpp:213.)
  return (torch.from_numpy(np.ascontiguousarray(x)),
/data/omar/m2/core/data.py:130: UserWarning: The given NumPy array is not writable, and PyTorch does not support non-writable tensors. This means writing to this tensor will result in undefined behavior. You may want to copy the array to protect its data or make it writable before converting it to a tensor. This type of warning will be suppressed for the rest of this program. (Triggered internally at /__w/pytorch/pytorch/torch/csrc/utils/tensor_numpy.cpp:213.)
  return (torch.from_numpy(np.ascontiguousarray(x)),
/data/omar/m2/core/data.py:130: UserWarning: The given NumPy array is not writable, and PyTorch does not support non-writable tensors. This means writing to this tensor will result in undefined behavior. You may want to copy the array to protect its data or make it writable before converting it to a tensor. This type of warning will be suppressed for the rest of this program. (Triggered internally at /__w/pytorch/pytorch/torch/csrc/utils/tensor_numpy.cpp:213.)
  return (torch.from_numpy(np.ascontiguousarray(x)),
/data/omar/m2/core/data.py:130: UserWarning: The given NumPy array is not writable, and PyTorch does not support non-writable tensors. This means writing to this tensor will result in undefined behavior. You may want to copy the array to protect its data or make it writable before converting it to a tensor. This type of warning will be suppressed for the rest of this program. (Triggered internally at /__w/pytorch/pytorch/torch/csrc/utils/tensor_numpy.cpp:213.)
  return (torch.from_numpy(np.ascontiguousarray(x)),
/data/omar/m2/core/data.py:130: UserWarning: The given NumPy array is not writable, and PyTorch does not support non-writable tensors. This means writing to this tensor will result in undefined behavior. You may want to copy the array to protect its data or make it writable before converting it to a tensor. This type of warning will be suppressed for the rest of this program. (Triggered internally at /__w/pytorch/pytorch/torch/csrc/utils/tensor_numpy.cpp:213.)
  return (torch.from_numpy(np.ascontiguousarray(x)),
/data/omar/m2/core/data.py:130: UserWarning: The given NumPy array is not writable, and PyTorch does not support non-writable tensors. This means writing to this tensor will result in undefined behavior. You may want to copy the array to protect its data or make it writable before converting it to a tensor. This type of warning will be suppressed for the rest of this program. (Triggered internally at /__w/pytorch/pytorch/torch/csrc/utils/tensor_numpy.cpp:213.)
  return (torch.from_numpy(np.ascontiguousarray(x)),
01:45:48 ep 4 step 8100 loss 21.083 word 3.230 mean 32.725 sound 3.704 nb 1.899 lr x0.752 0.26s/step
01:46:12 ep 4 step 8200 loss 21.036 word 3.231 mean 32.630 sound 3.702 nb 1.897 lr x0.746 0.24s/step
01:46:36 ep 4 step 8300 loss 21.085 word 3.219 mean 32.754 sound 3.701 nb 1.894 lr x0.741 0.24s/step
01:46:59 ep 4 step 8400 loss 21.130 word 3.219 mean 32.838 sound 3.704 nb 1.904 lr x0.735 0.24s/step
01:47:23 ep 4 step 8500 loss 20.868 word 3.223 mean 32.305 sound 3.702 nb 1.906 lr x0.730 0.24s/step
01:47:47 ep 4 step 8600 loss 21.072 word 3.214 mean 32.736 sound 3.702 nb 1.895 lr x0.724 0.24s/step
01:48:11 ep 4 step 8700 loss 20.955 word 3.202 mean 32.531 sound 3.700 nb 1.889 lr x0.718 0.24s/step
01:48:35 ep 4 step 8800 loss 21.154 word 3.200 mean 32.935 sound 3.702 nb 1.880 lr x0.712 0.24s/step
01:48:59 ep 4 step 8900 loss 21.037 word 3.202 mean 32.695 sound 3.700 nb 1.884 lr x0.707 0.24s/step
01:49:23 ep 4 step 9000 loss 20.825 word 3.203 mean 32.258 sound 3.698 nb 1.916 lr x0.701 0.24s/step
01:49:46 ep 4 step 9100 loss 20.868 word 3.192 mean 32.372 sound 3.700 nb 1.899 lr x0.695 0.24s/step
01:50:10 ep 4 step 9200 loss 20.752 word 3.211 mean 32.101 sound 3.699 nb 1.901 lr x0.689 0.24s/step
01:50:34 ep 4 step 9300 loss 20.732 word 3.190 mean 32.108 sound 3.698 nb 1.893 lr x0.683 0.24s/step
01:50:58 ep 4 step 9400 loss 20.603 word 3.195 mean 31.842 sound 3.696 nb 1.892 lr x0.677 0.24s/step
01:51:22 ep 4 step 9500 loss 20.794 word 3.184 mean 32.241 sound 3.698 nb 1.902 lr x0.671 0.24s/step
01:51:46 ep 4 step 9600 loss 20.624 word 3.185 mean 31.902 sound 3.698 nb 1.891 lr x0.665 0.24s/step
01:52:10 ep 4 step 9700 loss 20.728 word 3.170 mean 32.139 sound 3.699 nb 1.895 lr x0.659 0.24s/step
01:52:34 ep 4 step 9800 loss 20.408 word 3.196 mean 31.452 sound 3.698 nb 1.885 lr x0.653 0.24s/step
01:52:58 ep 4 step 9900 loss 20.604 word 3.194 mean 31.842 sound 3.696 nb 1.904 lr x0.647 0.24s/step
01:53:21 ep 4 step 10000 loss 20.631 word 3.176 mean 31.936 sound 3.695 nb 1.891 lr x0.641 0.23s/step
/data/omar/m2/core/data.py:130: UserWarning: The given NumPy array is not writable, and PyTorch does not support non-writable tensors. This means writing to this tensor will result in undefined behavior. You may want to copy the array to protect its data or make it writable before converting it to a tensor. This type of warning will be suppressed for the rest of this program. (Triggered internally at /__w/pytorch/pytorch/torch/csrc/utils/tensor_numpy.cpp:213.)
  return (torch.from_numpy(np.ascontiguousarray(x)),
/data/omar/m2/core/data.py:130: UserWarning: The given NumPy array is not writable, and PyTorch does not support non-writable tensors. This means writing to this tensor will result in undefined behavior. You may want to copy the array to protect its data or make it writable before converting it to a tensor. This type of warning will be suppressed for the rest of this program. (Triggered internally at /__w/pytorch/pytorch/torch/csrc/utils/tensor_numpy.cpp:213.)
  return (torch.from_numpy(np.ascontiguousarray(x)),
/data/omar/m2/core/data.py:130: UserWarning: The given NumPy array is not writable, and PyTorch does not support non-writable tensors. This means writing to this tensor will result in undefined behavior. You may want to copy the array to protect its data or make it writable before converting it to a tensor. This type of warning will be suppressed for the rest of this program. (Triggered internally at /__w/pytorch/pytorch/torch/csrc/utils/tensor_numpy.cpp:213.)
  return (torch.from_numpy(np.ascontiguousarray(x)),
/data/omar/m2/core/data.py:130: UserWarning: The given NumPy array is not writable, and PyTorch does not support non-writable tensors. This means writing to this tensor will result in undefined behavior. You may want to copy the array to protect its data or make it writable before converting it to a tensor. This type of warning will be suppressed for the rest of this program. (Triggered internally at /__w/pytorch/pytorch/torch/csrc/utils/tensor_numpy.cpp:213.)
  return (torch.from_numpy(np.ascontiguousarray(x)),
/data/omar/m2/core/data.py:130: UserWarning: The given NumPy array is not writable, and PyTorch does not support non-writable tensors. This means writing to this tensor will result in undefined behavior. You may want to copy the array to protect its data or make it writable before converting it to a tensor. This type of warning will be suppressed for the rest of this program. (Triggered internally at /__w/pytorch/pytorch/torch/csrc/utils/tensor_numpy.cpp:213.)
  return (torch.from_numpy(np.ascontiguousarray(x)),
/data/omar/m2/core/data.py:130: UserWarning: The given NumPy array is not writable, and PyTorch does not support non-writable tensors. This means writing to this tensor will result in undefined behavior. You may want to copy the array to protect its data or make it writable before converting it to a tensor. This type of warning will be suppressed for the rest of this program. (Triggered internally at /__w/pytorch/pytorch/torch/csrc/utils/tensor_numpy.cpp:213.)
  return (torch.from_numpy(np.ascontiguousarray(x)),
/data/omar/m2/core/data.py:130: UserWarning: The given NumPy array is not writable, and PyTorch does not support non-writable tensors. This means writing to this tensor will result in undefined behavior. You may want to copy the array to protect its data or make it writable before converting it to a tensor. This type of warning will be suppressed for the rest of this program. (Triggered internally at /__w/pytorch/pytorch/torch/csrc/utils/tensor_numpy.cpp:213.)
  return (torch.from_numpy(np.ascontiguousarray(x)),
/data/omar/m2/core/data.py:130: UserWarning: The given NumPy array is not writable, and PyTorch does not support non-writable tensors. This means writing to this tensor will result in undefined behavior. You may want to copy the array to protect its data or make it writable before converting it to a tensor. This type of warning will be suppressed for the rest of this program. (Triggered internally at /__w/pytorch/pytorch/torch/csrc/utils/tensor_numpy.cpp:213.)
  return (torch.from_numpy(np.ascontiguousarray(x)),
01:53:25 == epoch 4 deep: bacc10 0.2856 bacc1 0.0386 grid 0.2983@(1.0, 0.0) | broad: bacc10 0.3770 bacc1 0.0503 grid 0.3931@(1.0, 0.0)
/data/omar/m2/core/data.py:130: UserWarning: The given NumPy array is not writable, and PyTorch does not support non-writable tensors. This means writing to this tensor will result in undefined behavior. You may want to copy the array to protect its data or make it writable before converting it to a tensor. This type of warning will be suppressed for the rest of this program. (Triggered internally at /__w/pytorch/pytorch/torch/csrc/utils/tensor_numpy.cpp:213.)
  return (torch.from_numpy(np.ascontiguousarray(x)),
/data/omar/m2/core/data.py:130: UserWarning: The given NumPy array is not writable, and PyTorch does not support non-writable tensors. This means writing to this tensor will result in undefined behavior. You may want to copy the array to protect its data or make it writable before converting it to a tensor. This type of warning will be suppressed for the rest of this program. (Triggered internally at /__w/pytorch/pytorch/torch/csrc/utils/tensor_numpy.cpp:213.)
  return (torch.from_numpy(np.ascontiguousarray(x)),
/data/omar/m2/core/data.py:130: UserWarning: The given NumPy array is not writable, and PyTorch does not support non-writable tensors. This means writing to this tensor will result in undefined behavior. You may want to copy the array to protect its data or make it writable before converting it to a tensor. This type of warning will be suppressed for the rest of this program. (Triggered internally at /__w/pytorch/pytorch/torch/csrc/utils/tensor_numpy.cpp:213.)
  return (torch.from_numpy(np.ascontiguousarray(x)),
/data/omar/m2/core/data.py:130: UserWarning: The given NumPy array is not writable, and PyTorch does not support non-writable tensors. This means writing to this tensor will result in undefined behavior. You may want to copy the array to protect its data or make it writable before converting it to a tensor. This type of warning will be suppressed for the rest of this program. (Triggered internally at /__w/pytorch/pytorch/torch/csrc/utils/tensor_numpy.cpp:213.)
  return (torch.from_numpy(np.ascontiguousarray(x)),
/data/omar/m2/core/data.py:130: UserWarning: The given NumPy array is not writable, and PyTorch does not support non-writable tensors. This means writing to this tensor will result in undefined behavior. You may want to copy the array to protect its data or make it writable before converting it to a tensor. This type of warning will be suppressed for the rest of this program. (Triggered internally at /__w/pytorch/pytorch/torch/csrc/utils/tensor_numpy.cpp:213.)
  return (torch.from_numpy(np.ascontiguousarray(x)),
/data/omar/m2/core/data.py:130: UserWarning: The given NumPy array is not writable, and PyTorch does not support non-writable tensors. This means writing to this tensor will result in undefined behavior. You may want to copy the array to protect its data or make it writable before converting it to a tensor. This type of warning will be suppressed for the rest of this program. (Triggered internally at /__w/pytorch/pytorch/torch/csrc/utils/tensor_numpy.cpp:213.)
  return (torch.from_numpy(np.ascontiguousarray(x)),
/data/omar/m2/core/data.py:130: UserWarning: The given NumPy array is not writable, and PyTorch does not support non-writable tensors. This means writing to this tensor will result in undefined behavior. You may want to copy the array to protect its data or make it writable before converting it to a tensor. This type of warning will be suppressed for the rest of this program. (Triggered internally at /__w/pytorch/pytorch/torch/csrc/utils/tensor_numpy.cpp:213.)
  return (torch.from_numpy(np.ascontiguousarray(x)),
/data/omar/m2/core/data.py:130: UserWarning: The given NumPy array is not writable, and PyTorch does not support non-writable tensors. This means writing to this tensor will result in undefined behavior. You may want to copy the array to protect its data or make it writable before converting it to a tensor. This type of warning will be suppressed for the rest of this program. (Triggered internally at /__w/pytorch/pytorch/torch/csrc/utils/tensor_numpy.cpp:213.)
  return (torch.from_numpy(np.ascontiguousarray(x)),
/data/omar/m2/core/data.py:130: UserWarning: The given NumPy array is not writable, and PyTorch does not support non-writable tensors. This means writing to this tensor will result in undefined behavior. You may want to copy the array to protect its data or make it writable before converting it to a tensor. This type of warning will be suppressed for the rest of this program. (Triggered internally at /__w/pytorch/pytorch/torch/csrc/utils/tensor_numpy.cpp:213.)
  return (torch.from_numpy(np.ascontiguousarray(x)),
/data/omar/m2/core/data.py:130: UserWarning: The given NumPy array is not writable, and PyTorch does not support non-writable tensors. This means writing to this tensor will result in undefined behavior. You may want to copy the array to protect its data or make it writable before converting it to a tensor. This type of warning will be suppressed for the rest of this program. (Triggered internally at /__w/pytorch/pytorch/torch/csrc/utils/tensor_numpy.cpp:213.)
  return (torch.from_numpy(np.ascontiguousarray(x)),
/data/omar/m2/core/data.py:130: UserWarning: The given NumPy array is not writable, and PyTorch does not support non-writable tensors. This means writing to this tensor will result in undefined behavior. You may want to copy the array to protect its data or make it writable before converting it to a tensor. This type of warning will be suppressed for the rest of this program. (Triggered internally at /__w/pytorch/pytorch/torch/csrc/utils/tensor_numpy.cpp:213.)
  return (torch.from_numpy(np.ascontiguousarray(x)),
/data/omar/m2/core/data.py:130: UserWarning: The given NumPy array is not writable, and PyTorch does not support non-writable tensors. This means writing to this tensor will result in undefined behavior. You may want to copy the array to protect its data or make it writable before converting it to a tensor. This type of warning will be suppressed for the rest of this program. (Triggered internally at /__w/pytorch/pytorch/torch/csrc/utils/tensor_numpy.cpp:213.)
  return (torch.from_numpy(np.ascontiguousarray(x)),
01:53:52 ep 5 step 10100 loss 20.500 word 3.180 mean 31.666 sound 3.697 nb 1.887 lr x0.634 0.26s/step
01:54:16 ep 5 step 10200 loss 20.483 word 3.167 mean 31.660 sound 3.696 nb 1.887 lr x0.628 0.24s/step
01:54:40 ep 5 step 10300 loss 20.502 word 3.162 mean 31.703 sound 3.694 nb 1.901 lr x0.622 0.24s/step
01:55:04 ep 5 step 10400 loss 20.425 word 3.182 mean 31.512 sound 3.698 nb 1.889 lr x0.616 0.24s/step
01:55:28 ep 5 step 10500 loss 20.369 word 3.181 mean 31.404 sound 3.695 nb 1.887 lr x0.610 0.24s/step
01:55:52 ep 5 step 10600 loss 20.270 word 3.170 mean 31.225 sound 3.698 nb 1.891 lr x0.603 0.24s/step
01:56:15 ep 5 step 10700 loss 20.237 word 3.168 mean 31.168 sound 3.693 nb 1.882 lr x0.597 0.24s/step
01:56:39 ep 5 step 10800 loss 20.398 word 3.153 mean 31.519 sound 3.695 nb 1.887 lr x0.591 0.24s/step
01:57:03 ep 5 step 10900 loss 20.188 word 3.157 mean 31.089 sound 3.695 nb 1.888 lr x0.585 0.24s/step
01:57:27 ep 5 step 11000 loss 20.227 word 3.154 mean 31.180 sound 3.691 nb 1.881 lr x0.578 0.24s/step
01:57:51 ep 5 step 11100 loss 20.282 word 3.151 mean 31.299 sound 3.694 nb 1.868 lr x0.572 0.24s/step
01:58:14 ep 5 step 11200 loss 20.303 word 3.149 mean 31.334 sound 3.695 nb 1.892 lr x0.566 0.24s/step
01:58:38 ep 5 step 11300 loss 20.299 word 3.131 mean 31.369 sound 3.689 nb 1.885 lr x0.559 0.24s/step
01:59:02 ep 5 step 11400 loss 20.136 word 3.143 mean 31.014 sound 3.695 nb 1.887 lr x0.553 0.24s/step
01:59:26 ep 5 step 11500 loss 19.880 word 3.157 mean 30.477 sound 3.692 nb 1.886 lr x0.547 0.24s/step
01:59:49 ep 5 step 11600 loss 19.930 word 3.134 mean 30.626 sound 3.691 nb 1.878 lr x0.540 0.24s/step
02:00:13 ep 5 step 11700 loss 20.143 word 3.134 mean 31.049 sound 3.697 nb 1.878 lr x0.534 0.24s/step
02:00:37 ep 5 step 11800 loss 19.950 word 3.126 mean 30.679 sound 3.692 nb 1.882 lr x0.528 0.24s/step
02:01:01 ep 5 step 11900 loss 19.806 word 3.134 mean 30.366 sound 3.696 nb 1.900 lr x0.521 0.24s/step
02:01:24 ep 5 step 12000 loss 19.976 word 3.137 mean 30.710 sound 3.692 nb 1.882 lr x0.515 0.23s/step
/data/omar/m2/core/data.py:130: UserWarning: The given NumPy array is not writable, and PyTorch does not support non-writable tensors. This means writing to this tensor will result in undefined behavior. You may want to copy the array to protect its data or make it writable before converting it to a tensor. This type of warning will be suppressed for the rest of this program. (Triggered internally at /__w/pytorch/pytorch/torch/csrc/utils/tensor_numpy.cpp:213.)
  return (torch.from_numpy(np.ascontiguousarray(x)),
/data/omar/m2/core/data.py:130: UserWarning: The given NumPy array is not writable, and PyTorch does not support non-writable tensors. This means writing to this tensor will result in undefined behavior. You may want to copy the array to protect its data or make it writable before converting it to a tensor. This type of warning will be suppressed for the rest of this program. (Triggered internally at /__w/pytorch/pytorch/torch/csrc/utils/tensor_numpy.cpp:213.)
  return (torch.from_numpy(np.ascontiguousarray(x)),
/data/omar/m2/core/data.py:130: UserWarning: The given NumPy array is not writable, and PyTorch does not support non-writable tensors. This means writing to this tensor will result in undefined behavior. You may want to copy the array to protect its data or make it writable before converting it to a tensor. This type of warning will be suppressed for the rest of this program. (Triggered internally at /__w/pytorch/pytorch/torch/csrc/utils/tensor_numpy.cpp:213.)
  return (torch.from_numpy(np.ascontiguousarray(x)),
/data/omar/m2/core/data.py:130: UserWarning: The given NumPy array is not writable, and PyTorch does not support non-writable tensors. This means writing to this tensor will result in undefined behavior. You may want to copy the array to protect its data or make it writable before converting it to a tensor. This type of warning will be suppressed for the rest of this program. (Triggered internally at /__w/pytorch/pytorch/torch/csrc/utils/tensor_numpy.cpp:213.)
  return (torch.from_numpy(np.ascontiguousarray(x)),
/data/omar/m2/core/data.py:130: UserWarning: The given NumPy array is not writable, and PyTorch does not support non-writable tensors. This means writing to this tensor will result in undefined behavior. You may want to copy the array to protect its data or make it writable before converting it to a tensor. This type of warning will be suppressed for the rest of this program. (Triggered internally at /__w/pytorch/pytorch/torch/csrc/utils/tensor_numpy.cpp:213.)
  return (torch.from_numpy(np.ascontiguousarray(x)),
/data/omar/m2/core/data.py:130: UserWarning: The given NumPy array is not writable, and PyTorch does not support non-writable tensors. This means writing to this tensor will result in undefined behavior. You may want to copy the array to protect its data or make it writable before converting it to a tensor. This type of warning will be suppressed for the rest of this program. (Triggered internally at /__w/pytorch/pytorch/torch/csrc/utils/tensor_numpy.cpp:213.)
  return (torch.from_numpy(np.ascontiguousarray(x)),
/data/omar/m2/core/data.py:130: UserWarning: The given NumPy array is not writable, and PyTorch does not support non-writable tensors. This means writing to this tensor will result in undefined behavior. You may want to copy the array to protect its data or make it writable before converting it to a tensor. This type of warning will be suppressed for the rest of this program. (Triggered internally at /__w/pytorch/pytorch/torch/csrc/utils/tensor_numpy.cpp:213.)
  return (torch.from_numpy(np.ascontiguousarray(x)),
/data/omar/m2/core/data.py:130: UserWarning: The given NumPy array is not writable, and PyTorch does not support non-writable tensors. This means writing to this tensor will result in undefined behavior. You may want to copy the array to protect its data or make it writable before converting it to a tensor. This type of warning will be suppressed for the rest of this program. (Triggered internally at /__w/pytorch/pytorch/torch/csrc/utils/tensor_numpy.cpp:213.)
  return (torch.from_numpy(np.ascontiguousarray(x)),
02:01:28 == epoch 5 deep: bacc10 0.2953 bacc1 0.0404 grid 0.3023@(1.0, 0.0) | broad: bacc10 0.3559 bacc1 0.0480 grid 0.3786@(1.0, 0.0)
/data/omar/m2/core/data.py:130: UserWarning: The given NumPy array is not writable, and PyTorch does not support non-writable tensors. This means writing to this tensor will result in undefined behavior. You may want to copy the array to protect its data or make it writable before converting it to a tensor. This type of warning will be suppressed for the rest of this program. (Triggered internally at /__w/pytorch/pytorch/torch/csrc/utils/tensor_numpy.cpp:213.)
  return (torch.from_numpy(np.ascontiguousarray(x)),
/data/omar/m2/core/data.py:130: UserWarning: The given NumPy array is not writable, and PyTorch does not support non-writable tensors. This means writing to this tensor will result in undefined behavior. You may want to copy the array to protect its data or make it writable before converting it to a tensor. This type of warning will be suppressed for the rest of this program. (Triggered internally at /__w/pytorch/pytorch/torch/csrc/utils/tensor_numpy.cpp:213.)
  return (torch.from_numpy(np.ascontiguousarray(x)),
/data/omar/m2/core/data.py:130: UserWarning: The given NumPy array is not writable, and PyTorch does not support non-writable tensors. This means writing to this tensor will result in undefined behavior. You may want to copy the array to protect its data or make it writable before converting it to a tensor. This type of warning will be suppressed for the rest of this program. (Triggered internally at /__w/pytorch/pytorch/torch/csrc/utils/tensor_numpy.cpp:213.)
  return (torch.from_numpy(np.ascontiguousarray(x)),
/data/omar/m2/core/data.py:130: UserWarning: The given NumPy array is not writable, and PyTorch does not support non-writable tensors. This means writing to this tensor will result in undefined behavior. You may want to copy the array to protect its data or make it writable before converting it to a tensor. This type of warning will be suppressed for the rest of this program. (Triggered internally at /__w/pytorch/pytorch/torch/csrc/utils/tensor_numpy.cpp:213.)
  return (torch.from_numpy(np.ascontiguousarray(x)),
/data/omar/m2/core/data.py:130: UserWarning: The given NumPy array is not writable, and PyTorch does not support non-writable tensors. This means writing to this tensor will result in undefined behavior. You may want to copy the array to protect its data or make it writable before converting it to a tensor. This type of warning will be suppressed for the rest of this program. (Triggered internally at /__w/pytorch/pytorch/torch/csrc/utils/tensor_numpy.cpp:213.)
  return (torch.from_numpy(np.ascontiguousarray(x)),
/data/omar/m2/core/data.py:130: UserWarning: The given NumPy array is not writable, and PyTorch does not support non-writable tensors. This means writing to this tensor will result in undefined behavior. You may want to copy the array to protect its data or make it writable before converting it to a tensor. This type of warning will be suppressed for the rest of this program. (Triggered internally at /__w/pytorch/pytorch/torch/csrc/utils/tensor_numpy.cpp:213.)
  return (torch.from_numpy(np.ascontiguousarray(x)),
/data/omar/m2/core/data.py:130: UserWarning: The given NumPy array is not writable, and PyTorch does not support non-writable tensors. This means writing to this tensor will result in undefined behavior. You may want to copy the array to protect its data or make it writable before converting it to a tensor. This type of warning will be suppressed for the rest of this program. (Triggered internally at /__w/pytorch/pytorch/torch/csrc/utils/tensor_numpy.cpp:213.)
  return (torch.from_numpy(np.ascontiguousarray(x)),
/data/omar/m2/core/data.py:130: UserWarning: The given NumPy array is not writable, and PyTorch does not support non-writable tensors. This means writing to this tensor will result in undefined behavior. You may want to copy the array to protect its data or make it writable before converting it to a tensor. This type of warning will be suppressed for the rest of this program. (Triggered internally at /__w/pytorch/pytorch/torch/csrc/utils/tensor_numpy.cpp:213.)
  return (torch.from_numpy(np.ascontiguousarray(x)),
/data/omar/m2/core/data.py:130: UserWarning: The given NumPy array is not writable, and PyTorch does not support non-writable tensors. This means writing to this tensor will result in undefined behavior. You may want to copy the array to protect its data or make it writable before converting it to a tensor. This type of warning will be suppressed for the rest of this program. (Triggered internally at /__w/pytorch/pytorch/torch/csrc/utils/tensor_numpy.cpp:213.)
  return (torch.from_numpy(np.ascontiguousarray(x)),
/data/omar/m2/core/data.py:130: UserWarning: The given NumPy array is not writable, and PyTorch does not support non-writable tensors. This means writing to this tensor will result in undefined behavior. You may want to copy the array to protect its data or make it writable before converting it to a tensor. This type of warning will be suppressed for the rest of this program. (Triggered internally at /__w/pytorch/pytorch/torch/csrc/utils/tensor_numpy.cpp:213.)
  return (torch.from_numpy(np.ascontiguousarray(x)),
/data/omar/m2/core/data.py:130: UserWarning: The given NumPy array is not writable, and PyTorch does not support non-writable tensors. This means writing to this tensor will result in undefined behavior. You may want to copy the array to protect its data or make it writable before converting it to a tensor. This type of warning will be suppressed for the rest of this program. (Triggered internally at /__w/pytorch/pytorch/torch/csrc/utils/tensor_numpy.cpp:213.)
  return (torch.from_numpy(np.ascontiguousarray(x)),
/data/omar/m2/core/data.py:130: UserWarning: The given NumPy array is not writable, and PyTorch does not support non-writable tensors. This means writing to this tensor will result in undefined behavior. You may want to copy the array to protect its data or make it writable before converting it to a tensor. This type of warning will be suppressed for the rest of this program. (Triggered internally at /__w/pytorch/pytorch/torch/csrc/utils/tensor_numpy.cpp:213.)
  return (torch.from_numpy(np.ascontiguousarray(x)),
02:01:55 ep 6 step 12100 loss 20.065 word 3.124 mean 30.918 sound 3.692 nb 1.874 lr x0.509 0.26s/step
02:02:19 ep 6 step 12200 loss 19.906 word 3.126 mean 30.594 sound 3.691 nb 1.879 lr x0.502 0.24s/step
02:02:43 ep 6 step 12300 loss 20.093 word 3.117 mean 30.985 sound 3.694 nb 1.877 lr x0.496 0.24s/step
02:03:07 ep 6 step 12400 loss 19.922 word 3.108 mean 30.663 sound 3.684 nb 1.885 lr x0.490 0.24s/step
02:03:31 ep 6 step 12500 loss 19.795 word 3.122 mean 30.379 sound 3.688 nb 1.890 lr x0.483 0.24s/step
02:03:55 ep 6 step 12600 loss 19.999 word 3.115 mean 30.795 sound 3.690 nb 1.895 lr x0.477 0.24s/step
02:04:19 ep 6 step 12700 loss 20.010 word 3.122 mean 30.808 sound 3.686 nb 1.888 lr x0.471 0.24s/step
02:04:43 ep 6 step 12800 loss 19.857 word 3.113 mean 30.526 sound 3.686 nb 1.876 lr x0.464 0.24s/step
02:05:06 ep 6 step 12900 loss 19.699 word 3.103 mean 30.230 sound 3.683 nb 1.882 lr x0.458 0.24s/step
02:05:30 ep 6 step 13000 loss 19.804 word 3.092 mean 30.460 sound 3.685 nb 1.886 lr x0.452 0.24s/step
02:05:54 ep 6 step 13100 loss 19.598 word 3.096 mean 30.035 sound 3.687 nb 1.895 lr x0.445 0.24s/step
02:06:17 ep 6 step 13200 loss 19.522 word 3.112 mean 29.857 sound 3.687 nb 1.880 lr x0.439 0.23s/step
02:06:41 ep 6 step 13300 loss 19.675 word 3.101 mean 30.186 sound 3.683 nb 1.880 lr x0.433 0.24s/step
02:07:05 ep 6 step 13400 loss 19.896 word 3.084 mean 30.657 sound 3.690 nb 1.881 lr x0.427 0.24s/step
02:07:29 ep 6 step 13500 loss 19.735 word 3.088 mean 30.331 sound 3.686 nb 1.875 lr x0.420 0.24s/step
02:07:53 ep 6 step 13600 loss 19.472 word 3.104 mean 29.774 sound 3.691 nb 1.870 lr x0.414 0.24s/step
02:08:17 ep 6 step 13700 loss 19.601 word 3.097 mean 30.046 sound 3.686 nb 1.877 lr x0.408 0.24s/step
02:08:42 ep 6 step 13800 loss 19.375 word 3.100 mean 29.590 sound 3.683 nb 1.876 lr x0.402 0.25s/step
02:09:07 ep 6 step 13900 loss 19.378 word 3.073 mean 29.650 sound 3.685 nb 1.872 lr x0.396 0.25s/step
02:09:30 ep 6 step 14000 loss 19.368 word 3.075 mean 29.626 sound 3.684 nb 1.873 lr x0.390 0.23s/step
/data/omar/m2/core/data.py:130: UserWarning: The given NumPy array is not writable, and PyTorch does not support non-writable tensors. This means writing to this tensor will result in undefined behavior. You may want to copy the array to protect its data or make it writable before converting it to a tensor. This type of warning will be suppressed for the rest of this program. (Triggered internally at /__w/pytorch/pytorch/torch/csrc/utils/tensor_numpy.cpp:213.)
  return (torch.from_numpy(np.ascontiguousarray(x)),
/data/omar/m2/core/data.py:130: UserWarning: The given NumPy array is not writable, and PyTorch does not support non-writable tensors. This means writing to this tensor will result in undefined behavior. You may want to copy the array to protect its data or make it writable before converting it to a tensor. This type of warning will be suppressed for the rest of this program. (Triggered internally at /__w/pytorch/pytorch/torch/csrc/utils/tensor_numpy.cpp:213.)
  return (torch.from_numpy(np.ascontiguousarray(x)),
/data/omar/m2/core/data.py:130: UserWarning: The given NumPy array is not writable, and PyTorch does not support non-writable tensors. This means writing to this tensor will result in undefined behavior. You may want to copy the array to protect its data or make it writable before converting it to a tensor. This type of warning will be suppressed for the rest of this program. (Triggered internally at /__w/pytorch/pytorch/torch/csrc/utils/tensor_numpy.cpp:213.)
  return (torch.from_numpy(np.ascontiguousarray(x)),
/data/omar/m2/core/data.py:130: UserWarning: The given NumPy array is not writable, and PyTorch does not support non-writable tensors. This means writing to this tensor will result in undefined behavior. You may want to copy the array to protect its data or make it writable before converting it to a tensor. This type of warning will be suppressed for the rest of this program. (Triggered internally at /__w/pytorch/pytorch/torch/csrc/utils/tensor_numpy.cpp:213.)
  return (torch.from_numpy(np.ascontiguousarray(x)),
/data/omar/m2/core/data.py:130: UserWarning: The given NumPy array is not writable, and PyTorch does not support non-writable tensors. This means writing to this tensor will result in undefined behavior. You may want to copy the array to protect its data or make it writable before converting it to a tensor. This type of warning will be suppressed for the rest of this program. (Triggered internally at /__w/pytorch/pytorch/torch/csrc/utils/tensor_numpy.cpp:213.)
  return (torch.from_numpy(np.ascontiguousarray(x)),
/data/omar/m2/core/data.py:130: UserWarning: The given NumPy array is not writable, and PyTorch does not support non-writable tensors. This means writing to this tensor will result in undefined behavior. You may want to copy the array to protect its data or make it writable before converting it to a tensor. This type of warning will be suppressed for the rest of this program. (Triggered internally at /__w/pytorch/pytorch/torch/csrc/utils/tensor_numpy.cpp:213.)
  return (torch.from_numpy(np.ascontiguousarray(x)),
/data/omar/m2/core/data.py:130: UserWarning: The given NumPy array is not writable, and PyTorch does not support non-writable tensors. This means writing to this tensor will result in undefined behavior. You may want to copy the array to protect its data or make it writable before converting it to a tensor. This type of warning will be suppressed for the rest of this program. (Triggered internally at /__w/pytorch/pytorch/torch/csrc/utils/tensor_numpy.cpp:213.)
  return (torch.from_numpy(np.ascontiguousarray(x)),
/data/omar/m2/core/data.py:130: UserWarning: The given NumPy array is not writable, and PyTorch does not support non-writable tensors. This means writing to this tensor will result in undefined behavior. You may want to copy the array to protect its data or make it writable before converting it to a tensor. This type of warning will be suppressed for the rest of this program. (Triggered internally at /__w/pytorch/pytorch/torch/csrc/utils/tensor_numpy.cpp:213.)
  return (torch.from_numpy(np.ascontiguousarray(x)),
02:09:34 == epoch 6 deep: bacc10 0.2818 bacc1 0.0390 grid 0.2959@(1.0, 0.0) | broad: bacc10 0.3489 bacc1 0.0469 grid 0.3697@(1.0, 0.0)
/data/omar/m2/core/data.py:130: UserWarning: The given NumPy array is not writable, and PyTorch does not support non-writable tensors. This means writing to this tensor will result in undefined behavior. You may want to copy the array to protect its data or make it writable before converting it to a tensor. This type of warning will be suppressed for the rest of this program. (Triggered internally at /__w/pytorch/pytorch/torch/csrc/utils/tensor_numpy.cpp:213.)
  return (torch.from_numpy(np.ascontiguousarray(x)),
/data/omar/m2/core/data.py:130: UserWarning: The given NumPy array is not writable, and PyTorch does not support non-writable tensors. This means writing to this tensor will result in undefined behavior. You may want to copy the array to protect its data or make it writable before converting it to a tensor. This type of warning will be suppressed for the rest of this program. (Triggered internally at /__w/pytorch/pytorch/torch/csrc/utils/tensor_numpy.cpp:213.)
  return (torch.from_numpy(np.ascontiguousarray(x)),
/data/omar/m2/core/data.py:130: UserWarning: The given NumPy array is not writable, and PyTorch does not support non-writable tensors. This means writing to this tensor will result in undefined behavior. You may want to copy the array to protect its data or make it writable before converting it to a tensor. This type of warning will be suppressed for the rest of this program. (Triggered internally at /__w/pytorch/pytorch/torch/csrc/utils/tensor_numpy.cpp:213.)
  return (torch.from_numpy(np.ascontiguousarray(x)),
/data/omar/m2/core/data.py:130: UserWarning: The given NumPy array is not writable, and PyTorch does not support non-writable tensors. This means writing to this tensor will result in undefined behavior. You may want to copy the array to protect its data or make it writable before converting it to a tensor. This type of warning will be suppressed for the rest of this program. (Triggered internally at /__w/pytorch/pytorch/torch/csrc/utils/tensor_numpy.cpp:213.)
  return (torch.from_numpy(np.ascontiguousarray(x)),
/data/omar/m2/core/data.py:130: UserWarning: The given NumPy array is not writable, and PyTorch does not support non-writable tensors. This means writing to this tensor will result in undefined behavior. You may want to copy the array to protect its data or make it writable before converting it to a tensor. This type of warning will be suppressed for the rest of this program. (Triggered internally at /__w/pytorch/pytorch/torch/csrc/utils/tensor_numpy.cpp:213.)
  return (torch.from_numpy(np.ascontiguousarray(x)),
/data/omar/m2/core/data.py:130: UserWarning: The given NumPy array is not writable, and PyTorch does not support non-writable tensors. This means writing to this tensor will result in undefined behavior. You may want to copy the array to protect its data or make it writable before converting it to a tensor. This type of warning will be suppressed for the rest of this program. (Triggered internally at /__w/pytorch/pytorch/torch/csrc/utils/tensor_numpy.cpp:213.)
  return (torch.from_numpy(np.ascontiguousarray(x)),
/data/omar/m2/core/data.py:130: UserWarning: The given NumPy array is not writable, and PyTorch does not support non-writable tensors. This means writing to this tensor will result in undefined behavior. You may want to copy the array to protect its data or make it writable before converting it to a tensor. This type of warning will be suppressed for the rest of this program. (Triggered internally at /__w/pytorch/pytorch/torch/csrc/utils/tensor_numpy.cpp:213.)
  return (torch.from_numpy(np.ascontiguousarray(x)),
/data/omar/m2/core/data.py:130: UserWarning: The given NumPy array is not writable, and PyTorch does not support non-writable tensors. This means writing to this tensor will result in undefined behavior. You may want to copy the array to protect its data or make it writable before converting it to a tensor. This type of warning will be suppressed for the rest of this program. (Triggered internally at /__w/pytorch/pytorch/torch/csrc/utils/tensor_numpy.cpp:213.)
  return (torch.from_numpy(np.ascontiguousarray(x)),
/data/omar/m2/core/data.py:130: UserWarning: The given NumPy array is not writable, and PyTorch does not support non-writable tensors. This means writing to this tensor will result in undefined behavior. You may want to copy the array to protect its data or make it writable before converting it to a tensor. This type of warning will be suppressed for the rest of this program. (Triggered internally at /__w/pytorch/pytorch/torch/csrc/utils/tensor_numpy.cpp:213.)
  return (torch.from_numpy(np.ascontiguousarray(x)),
/data/omar/m2/core/data.py:130: UserWarning: The given NumPy array is not writable, and PyTorch does not support non-writable tensors. This means writing to this tensor will result in undefined behavior. You may want to copy the array to protect its data or make it writable before converting it to a tensor. This type of warning will be suppressed for the rest of this program. (Triggered internally at /__w/pytorch/pytorch/torch/csrc/utils/tensor_numpy.cpp:213.)
  return (torch.from_numpy(np.ascontiguousarray(x)),
/data/omar/m2/core/data.py:130: UserWarning: The given NumPy array is not writable, and PyTorch does not support non-writable tensors. This means writing to this tensor will result in undefined behavior. You may want to copy the array to protect its data or make it writable before converting it to a tensor. This type of warning will be suppressed for the rest of this program. (Triggered internally at /__w/pytorch/pytorch/torch/csrc/utils/tensor_numpy.cpp:213.)
  return (torch.from_numpy(np.ascontiguousarray(x)),
/data/omar/m2/core/data.py:130: UserWarning: The given NumPy array is not writable, and PyTorch does not support non-writable tensors. This means writing to this tensor will result in undefined behavior. You may want to copy the array to protect its data or make it writable before converting it to a tensor. This type of warning will be suppressed for the rest of this program. (Triggered internally at /__w/pytorch/pytorch/torch/csrc/utils/tensor_numpy.cpp:213.)
  return (torch.from_numpy(np.ascontiguousarray(x)),
02:10:01 ep 7 step 14100 loss 19.472 word 3.075 mean 29.831 sound 3.684 nb 1.878 lr x0.383 0.26s/step
02:10:25 ep 7 step 14200 loss 19.531 word 3.075 mean 29.950 sound 3.682 nb 1.882 lr x0.377 0.24s/step
02:10:49 ep 7 step 14300 loss 19.481 word 3.068 mean 29.864 sound 3.688 nb 1.871 lr x0.371 0.24s/step
02:11:13 ep 7 step 14400 loss 19.373 word 3.067 mean 29.648 sound 3.684 nb 1.886 lr x0.365 0.24s/step
02:11:37 ep 7 step 14500 loss 19.447 word 3.067 mean 29.803 sound 3.685 nb 1.864 lr x0.359 0.23s/step
02:12:01 ep 7 step 14600 loss 19.306 word 3.070 mean 29.512 sound 3.688 nb 1.867 lr x0.353 0.24s/step
02:12:25 ep 7 step 14700 loss 19.285 word 3.069 mean 29.482 sound 3.684 nb 1.845 lr x0.347 0.24s/step
02:12:48 ep 7 step 14800 loss 19.396 word 3.056 mean 29.725 sound 3.683 nb 1.864 lr x0.341 0.24s/step
02:13:12 ep 7 step 14900 loss 19.326 word 3.061 mean 29.568 sound 3.681 nb 1.878 lr x0.335 0.24s/step
02:13:37 ep 7 step 15000 loss 19.245 word 3.058 mean 29.421 sound 3.680 nb 1.860 lr x0.329 0.24s/step
02:14:00 ep 7 step 15100 loss 19.322 word 3.041 mean 29.612 sound 3.679 nb 1.859 lr x0.324 0.24s/step
02:14:24 ep 7 step 15200 loss 19.407 word 3.048 mean 29.757 sound 3.679 nb 1.882 lr x0.318 0.23s/step
02:14:47 ep 7 step 15300 loss 19.167 word 3.049 mean 29.283 sound 3.678 nb 1.869 lr x0.312 0.23s/step
02:15:10 ep 7 step 15400 loss 19.336 word 3.042 mean 29.633 sound 3.684 nb 1.860 lr x0.306 0.24s/step
02:15:34 ep 7 step 15500 loss 19.136 word 3.045 mean 29.223 sound 3.679 nb 1.881 lr x0.301 0.23s/step
02:15:58 ep 7 step 15600 loss 19.079 word 3.031 mean 29.136 sound 3.681 nb 1.881 lr x0.295 0.24s/step
02:16:22 ep 7 step 15700 loss 19.123 word 3.031 mean 29.232 sound 3.676 nb 1.867 lr x0.289 0.24s/step
02:16:46 ep 7 step 15800 loss 19.277 word 3.019 mean 29.557 sound 3.682 nb 1.875 lr x0.284 0.24s/step
02:17:10 ep 7 step 15900 loss 19.097 word 3.035 mean 29.163 sound 3.684 nb 1.878 lr x0.278 0.24s/step
02:17:33 ep 7 step 16000 loss 19.150 word 3.027 mean 29.294 sound 3.675 nb 1.871 lr x0.273 0.23s/step
/data/omar/m2/core/data.py:130: UserWarning: The given NumPy array is not writable, and PyTorch does not support non-writable tensors. This means writing to this tensor will result in undefined behavior. You may want to copy the array to protect its data or make it writable before converting it to a tensor. This type of warning will be suppressed for the rest of this program. (Triggered internally at /__w/pytorch/pytorch/torch/csrc/utils/tensor_numpy.cpp:213.)
  return (torch.from_numpy(np.ascontiguousarray(x)),
/data/omar/m2/core/data.py:130: UserWarning: The given NumPy array is not writable, and PyTorch does not support non-writable tensors. This means writing to this tensor will result in undefined behavior. You may want to copy the array to protect its data or make it writable before converting it to a tensor. This type of warning will be suppressed for the rest of this program. (Triggered internally at /__w/pytorch/pytorch/torch/csrc/utils/tensor_numpy.cpp:213.)
  return (torch.from_numpy(np.ascontiguousarray(x)),
/data/omar/m2/core/data.py:130: UserWarning: The given NumPy array is not writable, and PyTorch does not support non-writable tensors. This means writing to this tensor will result in undefined behavior. You may want to copy the array to protect its data or make it writable before converting it to a tensor. This type of warning will be suppressed for the rest of this program. (Triggered internally at /__w/pytorch/pytorch/torch/csrc/utils/tensor_numpy.cpp:213.)
  return (torch.from_numpy(np.ascontiguousarray(x)),
/data/omar/m2/core/data.py:130: UserWarning: The given NumPy array is not writable, and PyTorch does not support non-writable tensors. This means writing to this tensor will result in undefined behavior. You may want to copy the array to protect its data or make it writable before converting it to a tensor. This type of warning will be suppressed for the rest of this program. (Triggered internally at /__w/pytorch/pytorch/torch/csrc/utils/tensor_numpy.cpp:213.)
  return (torch.from_numpy(np.ascontiguousarray(x)),
/data/omar/m2/core/data.py:130: UserWarning: The given NumPy array is not writable, and PyTorch does not support non-writable tensors. This means writing to this tensor will result in undefined behavior. You may want to copy the array to protect its data or make it writable before converting it to a tensor. This type of warning will be suppressed for the rest of this program. (Triggered internally at /__w/pytorch/pytorch/torch/csrc/utils/tensor_numpy.cpp:213.)
  return (torch.from_numpy(np.ascontiguousarray(x)),
/data/omar/m2/core/data.py:130: UserWarning: The given NumPy array is not writable, and PyTorch does not support non-writable tensors. This means writing to this tensor will result in undefined behavior. You may want to copy the array to protect its data or make it writable before converting it to a tensor. This type of warning will be suppressed for the rest of this program. (Triggered internally at /__w/pytorch/pytorch/torch/csrc/utils/tensor_numpy.cpp:213.)
  return (torch.from_numpy(np.ascontiguousarray(x)),
/data/omar/m2/core/data.py:130: UserWarning: The given NumPy array is not writable, and PyTorch does not support non-writable tensors. This means writing to this tensor will result in undefined behavior. You may want to copy the array to protect its data or make it writable before converting it to a tensor. This type of warning will be suppressed for the rest of this program. (Triggered internally at /__w/pytorch/pytorch/torch/csrc/utils/tensor_numpy.cpp:213.)
  return (torch.from_numpy(np.ascontiguousarray(x)),
/data/omar/m2/core/data.py:130: UserWarning: The given NumPy array is not writable, and PyTorch does not support non-writable tensors. This means writing to this tensor will result in undefined behavior. You may want to copy the array to protect its data or make it writable before converting it to a tensor. This type of warning will be suppressed for the rest of this program. (Triggered internally at /__w/pytorch/pytorch/torch/csrc/utils/tensor_numpy.cpp:213.)
  return (torch.from_numpy(np.ascontiguousarray(x)),
02:17:37 == epoch 7 deep: bacc10 0.2878 bacc1 0.0407 grid 0.2990@(1.0, 0.0) | broad: bacc10 0.3405 bacc1 0.0460 grid 0.3625@(1.0, 0.0)
/data/omar/m2/core/data.py:130: UserWarning: The given NumPy array is not writable, and PyTorch does not support non-writable tensors. This means writing to this tensor will result in undefined behavior. You may want to copy the array to protect its data or make it writable before converting it to a tensor. This type of warning will be suppressed for the rest of this program. (Triggered internally at /__w/pytorch/pytorch/torch/csrc/utils/tensor_numpy.cpp:213.)
  return (torch.from_numpy(np.ascontiguousarray(x)),
/data/omar/m2/core/data.py:130: UserWarning: The given NumPy array is not writable, and PyTorch does not support non-writable tensors. This means writing to this tensor will result in undefined behavior. You may want to copy the array to protect its data or make it writable before converting it to a tensor. This type of warning will be suppressed for the rest of this program. (Triggered internally at /__w/pytorch/pytorch/torch/csrc/utils/tensor_numpy.cpp:213.)
  return (torch.from_numpy(np.ascontiguousarray(x)),
/data/omar/m2/core/data.py:130: UserWarning: The given NumPy array is not writable, and PyTorch does not support non-writable tensors. This means writing to this tensor will result in undefined behavior. You may want to copy the array to protect its data or make it writable before converting it to a tensor. This type of warning will be suppressed for the rest of this program. (Triggered internally at /__w/pytorch/pytorch/torch/csrc/utils/tensor_numpy.cpp:213.)
  return (torch.from_numpy(np.ascontiguousarray(x)),
/data/omar/m2/core/data.py:130: UserWarning: The given NumPy array is not writable, and PyTorch does not support non-writable tensors. This means writing to this tensor will result in undefined behavior. You may want to copy the array to protect its data or make it writable before converting it to a tensor. This type of warning will be suppressed for the rest of this program. (Triggered internally at /__w/pytorch/pytorch/torch/csrc/utils/tensor_numpy.cpp:213.)
  return (torch.from_numpy(np.ascontiguousarray(x)),
/data/omar/m2/core/data.py:130: UserWarning: The given NumPy array is not writable, and PyTorch does not support non-writable tensors. This means writing to this tensor will result in undefined behavior. You may want to copy the array to protect its data or make it writable before converting it to a tensor. This type of warning will be suppressed for the rest of this program. (Triggered internally at /__w/pytorch/pytorch/torch/csrc/utils/tensor_numpy.cpp:213.)
  return (torch.from_numpy(np.ascontiguousarray(x)),
/data/omar/m2/core/data.py:130: UserWarning: The given NumPy array is not writable, and PyTorch does not support non-writable tensors. This means writing to this tensor will result in undefined behavior. You may want to copy the array to protect its data or make it writable before converting it to a tensor. This type of warning will be suppressed for the rest of this program. (Triggered internally at /__w/pytorch/pytorch/torch/csrc/utils/tensor_numpy.cpp:213.)
  return (torch.from_numpy(np.ascontiguousarray(x)),
/data/omar/m2/core/data.py:130: UserWarning: The given NumPy array is not writable, and PyTorch does not support non-writable tensors. This means writing to this tensor will result in undefined behavior. You may want to copy the array to protect its data or make it writable before converting it to a tensor. This type of warning will be suppressed for the rest of this program. (Triggered internally at /__w/pytorch/pytorch/torch/csrc/utils/tensor_numpy.cpp:213.)
  return (torch.from_numpy(np.ascontiguousarray(x)),
/data/omar/m2/core/data.py:130: UserWarning: The given NumPy array is not writable, and PyTorch does not support non-writable tensors. This means writing to this tensor will result in undefined behavior. You may want to copy the array to protect its data or make it writable before converting it to a tensor. This type of warning will be suppressed for the rest of this program. (Triggered internally at /__w/pytorch/pytorch/torch/csrc/utils/tensor_numpy.cpp:213.)
  return (torch.from_numpy(np.ascontiguousarray(x)),
/data/omar/m2/core/data.py:130: UserWarning: The given NumPy array is not writable, and PyTorch does not support non-writable tensors. This means writing to this tensor will result in undefined behavior. You may want to copy the array to protect its data or make it writable before converting it to a tensor. This type of warning will be suppressed for the rest of this program. (Triggered internally at /__w/pytorch/pytorch/torch/csrc/utils/tensor_numpy.cpp:213.)
  return (torch.from_numpy(np.ascontiguousarray(x)),
/data/omar/m2/core/data.py:130: UserWarning: The given NumPy array is not writable, and PyTorch does not support non-writable tensors. This means writing to this tensor will result in undefined behavior. You may want to copy the array to protect its data or make it writable before converting it to a tensor. This type of warning will be suppressed for the rest of this program. (Triggered internally at /__w/pytorch/pytorch/torch/csrc/utils/tensor_numpy.cpp:213.)
  return (torch.from_numpy(np.ascontiguousarray(x)),
/data/omar/m2/core/data.py:130: UserWarning: The given NumPy array is not writable, and PyTorch does not support non-writable tensors. This means writing to this tensor will result in undefined behavior. You may want to copy the array to protect its data or make it writable before converting it to a tensor. This type of warning will be suppressed for the rest of this program. (Triggered internally at /__w/pytorch/pytorch/torch/csrc/utils/tensor_numpy.cpp:213.)
  return (torch.from_numpy(np.ascontiguousarray(x)),
/data/omar/m2/core/data.py:130: UserWarning: The given NumPy array is not writable, and PyTorch does not support non-writable tensors. This means writing to this tensor will result in undefined behavior. You may want to copy the array to protect its data or make it writable before converting it to a tensor. This type of warning will be suppressed for the rest of this program. (Triggered internally at /__w/pytorch/pytorch/torch/csrc/utils/tensor_numpy.cpp:213.)
  return (torch.from_numpy(np.ascontiguousarray(x)),
02:18:04 ep 8 step 16100 loss 19.263 word 3.017 mean 29.533 sound 3.678 nb 1.879 lr x0.267 0.26s/step
02:18:28 ep 8 step 16200 loss 19.043 word 3.025 mean 29.087 sound 3.680 nb 1.856 lr x0.262 0.24s/step
02:18:52 ep 8 step 16300 loss 18.986 word 3.027 mean 28.962 sound 3.679 nb 1.871 lr x0.256 0.24s/step
02:19:16 ep 8 step 16400 loss 19.092 word 3.036 mean 29.152 sound 3.682 nb 1.876 lr x0.251 0.24s/step
02:19:40 ep 8 step 16500 loss 18.934 word 3.028 mean 28.850 sound 3.683 nb 1.883 lr x0.246 0.24s/step
02:20:04 ep 8 step 16600 loss 19.171 word 3.021 mean 29.348 sound 3.679 nb 1.858 lr x0.240 0.24s/step
